feat_avg_power,feat_narrowband_power_rate,feat_kurtosis,mat_file,sampling_rate,motor_load_hp,motor_speed_rpm,fault_position,fault_type,fault_size_in,telemetry_position
0.008065494817982435,0.824709801292737,2.3353403889184756,/home/lmres/storage/projects/cwru-fault-detection/data/mat_files/278.mat,12000,0,1797,fan,inner,0.007,BA_0
0.008116569526390473,0.8190625581097296,2.3378159644347893,/home/lmres/storage/projects/cwru-fault-detection/data/mat_files/278.mat,12000,0,1797,fan,inner,0.007,BA_0
0.008167253517737458,0.8106441020086116,2.3572693800023035,/home/lmres/storage/projects/cwru-fault-detection/data/mat_files/278.mat,12000,0,1797,fan,inner,0.007,BA_0
0.008125045886327849,0.8110526287797709,2.3408583998725288,/home/lmres/storage/projects/cwru-fault-detection/data/mat_files/278.mat,12000,0,1797,fan,inner,0.007,BA_0
0.008177409059324459,0.8055233984657884,2.3606125186678613,/home/lmres/storage/projects/cwru-fault-detection/data/mat_files/278.mat,12000,0,1797,fan,inner,0.007,BA_0
0.008194667383741193,0.804599879019936,2.3360648588310315,/home/lmres/storage/projects/cwru-fault-detection/data/mat_files/278.mat,12000,0,1797,fan,inner,0.007,BA_0
0.008156188036600556,0.8072190230398374,2.3319078706161567,/home/lmres/storage/projects/cwru-fault-detection/data/mat_files/278.mat,12000,0,1797,fan,inner,0.007,BA_0
0.008075990879298995,0.8143251964641673,2.3554139146802973,/home/lmres/storage/projects/cwru-fault-detection/data/mat_files/278.mat,12000,0,1797,fan,inner,0.007,BA_0
0.008078813140799748,0.8173536359320622,2.3373979618525786,/home/lmres/storage/projects/cwru-fault-detection/data/mat_files/278.mat,12000,0,1797,fan,inner,0.007,BA_0
0.008015900742141667,0.8203375874194854,2.316588974515254,/home/lmres/storage/projects/cwru-fault-detection/data/mat_files/278.mat,12000,0,1797,fan,inner,0.007,BA_0
0.014930048082915714,0.7406926049224705,3.896929542682483,/home/lmres/storage/projects/cwru-fault-detection/data/mat_files/278.mat,12000,0,1797,fan,inner,0.007,DE_0
0.014993972855806026,0.7092283215964369,4.122227086468487,/home/lmres/storage/projects/cwru-fault-detection/data/mat_files/278.mat,12000,0,1797,fan,inner,0.007,DE_0
0.015308666052922509,0.697303278880068,4.17155121872338,/home/lmres/storage/projects/cwru-fault-detection/data/mat_files/278.mat,12000,0,1797,fan,inner,0.007,DE_0
0.014659366928164748,0.7170158775138571,4.162443402863838,/home/lmres/storage/projects/cwru-fault-detection/data/mat_files/278.mat,12000,0,1797,fan,inner,0.007,DE_0
0.014931828574068898,0.7250558926635075,3.986644023727494,/home/lmres/storage/projects/cwru-fault-detection/data/mat_files/278.mat,12000,0,1797,fan,inner,0.007,DE_0
0.014618306718051617,0.6992478108452178,3.907988588284983,/home/lmres/storage/projects/cwru-fault-detection/data/mat_files/278.mat,12000,0,1797,fan,inner,0.007,DE_0
0.015162153661973946,0.7049492256839524,3.976159900973981,/home/lmres/storage/projects/cwru-fault-detection/data/mat_files/278.mat,12000,0,1797,fan,inner,0.007,DE_0
0.014470428780148715,0.7120119767905632,3.884408192362538,/home/lmres/storage/projects/cwru-fault-detection/data/mat_files/278.mat,12000,0,1797,fan,inner,0.007,DE_0
0.015288844225909391,0.7204291424362104,3.84992353420411,/home/lmres/storage/projects/cwru-fault-detection/data/mat_files/278.mat,12000,0,1797,fan,inner,0.007,DE_0
0.01546480194040771,0.7291968369124807,4.139741280363978,/home/lmres/storage/projects/cwru-fault-detection/data/mat_files/278.mat,12000,0,1797,fan,inner,0.007,DE_0
0.07509422633067478,0.715782187108406,7.234918068923758,/home/lmres/storage/projects/cwru-fault-detection/data/mat_files/278.mat,12000,0,1797,fan,inner,0.007,FE_0
0.07565972771054108,0.7154064001383957,7.4459568283775734,/home/lmres/storage/projects/cwru-fault-detection/data/mat_files/278.mat,12000,0,1797,fan,inner,0.007,FE_0
0.08157209939552895,0.7154608709565383,7.621946366495625,/home/lmres/storage/projects/cwru-fault-detection/data/mat_files/278.mat,12000,0,1797,fan,inner,0.007,FE_0
0.07681658128542883,0.7109191539607982,7.309285496656258,/home/lmres/storage/projects/cwru-fault-detection/data/mat_files/278.mat,12000,0,1797,fan,inner,0.007,FE_0
0.07302190126729612,0.7097877013934014,7.554477754133406,/home/lmres/storage/projects/cwru-fault-detection/data/mat_files/278.mat,12000,0,1797,fan,inner,0.007,FE_0
0.07343916571856265,0.7006981433576789,7.532699381055793,/home/lmres/storage/projects/cwru-fault-detection/data/mat_files/278.mat,12000,0,1797,fan,inner,0.007,FE_0
0.07480453840556452,0.701460562519396,6.704874759863162,/home/lmres/storage/projects/cwru-fault-detection/data/mat_files/278.mat,12000,0,1797,fan,inner,0.007,FE_0
0.06815595035231538,0.6913400795203344,7.151755907280798,/home/lmres/storage/projects/cwru-fault-detection/data/mat_files/278.mat,12000,0,1797,fan,inner,0.007,FE_0
0.07237671069880308,0.6990012347794834,6.818512705430893,/home/lmres/storage/projects/cwru-fault-detection/data/mat_files/278.mat,12000,0,1797,fan,inner,0.007,FE_0
0.07851015907607134,0.7022901429447616,7.031688404136319,/home/lmres/storage/projects/cwru-fault-detection/data/mat_files/278.mat,12000,0,1797,fan,inner,0.007,FE_0
0.03779575108569432,0.9683624365862972,1.7422516477251346,/home/lmres/storage/projects/cwru-fault-detection/data/mat_files/279.mat,12000,1,1772,fan,inner,0.007,BA_0
0.03813749749685061,0.967626368065216,1.7409627194634056,/home/lmres/storage/projects/cwru-fault-detection/data/mat_files/279.mat,12000,1,1772,fan,inner,0.007,BA_0
0.037621918827147965,0.9664362587861112,1.7484645853714873,/home/lmres/storage/projects/cwru-fault-detection/data/mat_files/279.mat,12000,1,1772,fan,inner,0.007,BA_0
0.03826102545645589,0.9652256219900528,1.7437893397119395,/home/lmres/storage/projects/cwru-fault-detection/data/mat_files/279.mat,12000,1,1772,fan,inner,0.007,BA_0
0.03884924934987336,0.9681302584838927,1.736579047974975,/home/lmres/storage/projects/cwru-fault-detection/data/mat_files/279.mat,12000,1,1772,fan,inner,0.007,BA_0
0.03803762005314706,0.9678700324134176,1.7421973706774903,/home/lmres/storage/projects/cwru-fault-detection/data/mat_files/279.mat,12000,1,1772,fan,inner,0.007,BA_0
0.03841635355541941,0.9701875454514363,1.7326444319534444,/home/lmres/storage/projects/cwru-fault-detection/data/mat_files/279.mat,12000,1,1772,fan,inner,0.007,BA_0
0.03930811653965776,0.9707556136733856,1.7275121697370759,/home/lmres/storage/projects/cwru-fault-detection/data/mat_files/279.mat,12000,1,1772,fan,inner,0.007,BA_0
0.03863918525496169,0.968276593819596,1.7452606549517693,/home/lmres/storage/projects/cwru-fault-detection/data/mat_files/279.mat,12000,1,1772,fan,inner,0.007,BA_0
0.038959530428780816,0.9656282511627241,1.7493265876810928,/home/lmres/storage/projects/cwru-fault-detection/data/mat_files/279.mat,12000,1,1772,fan,inner,0.007,BA_0
0.014768031090247258,0.7556479190077116,3.999394884594854,/home/lmres/storage/projects/cwru-fault-detection/data/mat_files/279.mat,12000,1,1772,fan,inner,0.007,DE_0
0.014349260351139984,0.7334554684597142,3.9170244560720606,/home/lmres/storage/projects/cwru-fault-detection/data/mat_files/279.mat,12000,1,1772,fan,inner,0.007,DE_0
0.014582098305598805,0.7415764064691682,3.85215914798963,/home/lmres/storage/projects/cwru-fault-detection/data/mat_files/279.mat,12000,1,1772,fan,inner,0.007,DE_0
0.014398568541638164,0.7377747276236889,3.904121929570442,/home/lmres/storage/projects/cwru-fault-detection/data/mat_files/279.mat,12000,1,1772,fan,inner,0.007,DE_0
0.014896755009824512,0.7534496846025457,4.06332383460929,/home/lmres/storage/projects/cwru-fault-detection/data/mat_files/279.mat,12000,1,1772,fan,inner,0.007,DE_0
0.014977483862919935,0.7388969668370855,3.750510725726261,/home/lmres/storage/projects/cwru-fault-detection/data/mat_files/279.mat,12000,1,1772,fan,inner,0.007,DE_0
0.014524118103023956,0.742918984284591,3.7817062232525718,/home/lmres/storage/projects/cwru-fault-detection/data/mat_files/279.mat,12000,1,1772,fan,inner,0.007,DE_0
0.014959530117033904,0.7493849850877096,3.900118627316243,/home/lmres/storage/projects/cwru-fault-detection/data/mat_files/279.mat,12000,1,1772,fan,inner,0.007,DE_0
0.014972728045718017,0.7442979974476457,3.952197161627337,/home/lmres/storage/projects/cwru-fault-detection/data/mat_files/279.mat,12000,1,1772,fan,inner,0.007,DE_0
0.014727261530386926,0.7366949629766173,3.8713571671966442,/home/lmres/storage/projects/cwru-fault-detection/data/mat_files/279.mat,12000,1,1772,fan,inner,0.007,DE_0
0.05703553403847349,0.6697717363870472,6.426940192140159,/home/lmres/storage/projects/cwru-fault-detection/data/mat_files/279.mat,12000,1,1772,fan,inner,0.007,FE_0
0.057167617830421874,0.6630995494334557,5.884679400469628,/home/lmres/storage/projects/cwru-fault-detection/data/mat_files/279.mat,12000,1,1772,fan,inner,0.007,FE_0
0.056651540465475825,0.6668622974284656,5.747556091293049,/home/lmres/storage/projects/cwru-fault-detection/data/mat_files/279.mat,12000,1,1772,fan,inner,0.007,FE_0
0.0564355594059806,0.6645500555903074,6.396994727774381,/home/lmres/storage/projects/cwru-fault-detection/data/mat_files/279.mat,12000,1,1772,fan,inner,0.007,FE_0
0.055734431731967425,0.672899982667837,6.023619228925782,/home/lmres/storage/projects/cwru-fault-detection/data/mat_files/279.mat,12000,1,1772,fan,inner,0.007,FE_0
0.05624188979013184,0.6664482723277889,6.215931195803528,/home/lmres/storage/projects/cwru-fault-detection/data/mat_files/279.mat,12000,1,1772,fan,inner,0.007,FE_0
0.05514747612260873,0.649853584724052,6.0809344539929455,/home/lmres/storage/projects/cwru-fault-detection/data/mat_files/279.mat,12000,1,1772,fan,inner,0.007,FE_0
0.05480135975654083,0.6609834326379496,5.8654752101582055,/home/lmres/storage/projects/cwru-fault-detection/data/mat_files/279.mat,12000,1,1772,fan,inner,0.007,FE_0
0.05764019187447553,0.6655806311369605,6.057378278967199,/home/lmres/storage/projects/cwru-fault-detection/data/mat_files/279.mat,12000,1,1772,fan,inner,0.007,FE_0
0.056864600051606866,0.6666442171341669,6.1336872712376955,/home/lmres/storage/projects/cwru-fault-detection/data/mat_files/279.mat,12000,1,1772,fan,inner,0.007,FE_0
0.05832537375721546,0.9747258049500674,1.6758399068400764,/home/lmres/storage/projects/cwru-fault-detection/data/mat_files/280.mat,12000,2,1750,fan,inner,0.007,BA_0
0.05781027122378332,0.9758509308138987,1.6718250709212177,/home/lmres/storage/projects/cwru-fault-detection/data/mat_files/280.mat,12000,2,1750,fan,inner,0.007,BA_0
0.0577999976647155,0.9766609913701456,1.6750565185349147,/home/lmres/storage/projects/cwru-fault-detection/data/mat_files/280.mat,12000,2,1750,fan,inner,0.007,BA_0
0.05861656891618363,0.9765857085662893,1.6703793312288173,/home/lmres/storage/projects/cwru-fault-detection/data/mat_files/280.mat,12000,2,1750,fan,inner,0.007,BA_0
0.05829189775526701,0.9753258498107672,1.6767406357133547,/home/lmres/storage/projects/cwru-fault-detection/data/mat_files/280.mat,12000,2,1750,fan,inner,0.007,BA_0
0.0590214690259911,0.9744387285941019,1.6761825819392009,/home/lmres/storage/projects/cwru-fault-detection/data/mat_files/280.mat,12000,2,1750,fan,inner,0.007,BA_0
0.05958146650154835,0.9764658926480697,1.6761095450560621,/home/lmres/storage/projects/cwru-fault-detection/data/mat_files/280.mat,12000,2,1750,fan,inner,0.007,BA_0
0.05875484085044404,0.9764741700395151,1.6748090268407152,/home/lmres/storage/projects/cwru-fault-detection/data/mat_files/280.mat,12000,2,1750,fan,inner,0.007,BA_0
0.059412732682729105,0.978095822523443,1.6696590903069861,/home/lmres/storage/projects/cwru-fault-detection/data/mat_files/280.mat,12000,2,1750,fan,inner,0.007,BA_0
0.06014257886789949,0.9772550557476409,1.6659520084096808,/home/lmres/storage/projects/cwru-fault-detection/data/mat_files/280.mat,12000,2,1750,fan,inner,0.007,BA_0
0.015213401894756605,0.7093177336492693,3.8150100236174134,/home/lmres/storage/projects/cwru-fault-detection/data/mat_files/280.mat,12000,2,1750,fan,inner,0.007,DE_0
0.016576300514474476,0.7368633822725967,4.040981410383278,/home/lmres/storage/projects/cwru-fault-detection/data/mat_files/280.mat,12000,2,1750,fan,inner,0.007,DE_0
0.015569608460708274,0.7285088054728598,3.7638374053956896,/home/lmres/storage/projects/cwru-fault-detection/data/mat_files/280.mat,12000,2,1750,fan,inner,0.007,DE_0
0.015551707880942563,0.7254424704685498,3.836295866487279,/home/lmres/storage/projects/cwru-fault-detection/data/mat_files/280.mat,12000,2,1750,fan,inner,0.007,DE_0
0.015238191528432282,0.7162629595044584,3.8652158466795696,/home/lmres/storage/projects/cwru-fault-detection/data/mat_files/280.mat,12000,2,1750,fan,inner,0.007,DE_0
0.015678113430058063,0.7221986463949249,3.685958387981849,/home/lmres/storage/projects/cwru-fault-detection/data/mat_files/280.mat,12000,2,1750,fan,inner,0.007,DE_0
0.0157354178424311,0.7313847776467138,3.9543681673567828,/home/lmres/storage/projects/cwru-fault-detection/data/mat_files/280.mat,12000,2,1750,fan,inner,0.007,DE_0
0.015590162522401063,0.7352739570531531,3.6958810879931954,/home/lmres/storage/projects/cwru-fault-detection/data/mat_files/280.mat,12000,2,1750,fan,inner,0.007,DE_0
0.015191980380977146,0.7299890464585627,3.9714147703957883,/home/lmres/storage/projects/cwru-fault-detection/data/mat_files/280.mat,12000,2,1750,fan,inner,0.007,DE_0
0.01582810546442594,0.7393431417550511,4.0357591970441,/home/lmres/storage/projects/cwru-fault-detection/data/mat_files/280.mat,12000,2,1750,fan,inner,0.007,DE_0
0.052292779860875147,0.6399946119690076,6.139074131504614,/home/lmres/storage/projects/cwru-fault-detection/data/mat_files/280.mat,12000,2,1750,fan,inner,0.007,FE_0
0.057065525418925615,0.6612610280657573,6.389555068264366,/home/lmres/storage/projects/cwru-fault-detection/data/mat_files/280.mat,12000,2,1750,fan,inner,0.007,FE_0
0.052649655546374845,0.6437010895153785,5.86012112372507,/home/lmres/storage/projects/cwru-fault-detection/data/mat_files/280.mat,12000,2,1750,fan,inner,0.007,FE_0
0.053306331919571924,0.6465924680595485,5.594178518407907,/home/lmres/storage/projects/cwru-fault-detection/data/mat_files/280.mat,12000,2,1750,fan,inner,0.007,FE_0
0.0526568175357781,0.6303558716828057,5.634595947093337,/home/lmres/storage/projects/cwru-fault-detection/data/mat_files/280.mat,12000,2,1750,fan,inner,0.007,FE_0
0.05276967608107884,0.62726893095812,5.9439438321124625,/home/lmres/storage/projects/cwru-fault-detection/data/mat_files/280.mat,12000,2,1750,fan,inner,0.007,FE_0
0.05075455705282668,0.6204473464421214,5.919598533701146,/home/lmres/storage/projects/cwru-fault-detection/data/mat_files/280.mat,12000,2,1750,fan,inner,0.007,FE_0
0.05282448292385853,0.6316216229258721,5.675451810168224,/home/lmres/storage/projects/cwru-fault-detection/data/mat_files/280.mat,12000,2,1750,fan,inner,0.007,FE_0
0.053097608900629506,0.6397017794608387,5.756010473324586,/home/lmres/storage/projects/cwru-fault-detection/data/mat_files/280.mat,12000,2,1750,fan,inner,0.007,FE_0
0.05233083146110707,0.62536843380914,5.997420738644988,/home/lmres/storage/projects/cwru-fault-detection/data/mat_files/280.mat,12000,2,1750,fan,inner,0.007,FE_0
0.07559577727596081,0.9726041953275343,1.6751697369333745,/home/lmres/storage/projects/cwru-fault-detection/data/mat_files/281.mat,12000,3,1730,fan,inner,0.007,BA_0
0.07565797476261149,0.9734274349841113,1.67077744591695,/home/lmres/storage/projects/cwru-fault-detection/data/mat_files/281.mat,12000,3,1730,fan,inner,0.007,BA_0
0.07551618234787058,0.9741110781452188,1.6701902356612528,/home/lmres/storage/projects/cwru-fault-detection/data/mat_files/281.mat,12000,3,1730,fan,inner,0.007,BA_0
0.0758106443678761,0.972881887286502,1.6762380570481008,/home/lmres/storage/projects/cwru-fault-detection/data/mat_files/281.mat,12000,3,1730,fan,inner,0.007,BA_0
0.07599746703675249,0.9711914247971308,1.6793777106706622,/home/lmres/storage/projects/cwru-fault-detection/data/mat_files/281.mat,12000,3,1730,fan,inner,0.007,BA_0
0.0760784960620048,0.972575767235165,1.6773350743069035,/home/lmres/storage/projects/cwru-fault-detection/data/mat_files/281.mat,12000,3,1730,fan,inner,0.007,BA_0
0.0761879523111817,0.9732597431809931,1.6690983889975846,/home/lmres/storage/projects/cwru-fault-detection/data/mat_files/281.mat,12000,3,1730,fan,inner,0.007,BA_0
0.07613298101892055,0.9733893823239019,1.6715137159764877,/home/lmres/storage/projects/cwru-fault-detection/data/mat_files/281.mat,12000,3,1730,fan,inner,0.007,BA_0
0.0760890585871217,0.9741719839108176,1.6656270149583954,/home/lmres/storage/projects/cwru-fault-detection/data/mat_files/281.mat,12000,3,1730,fan,inner,0.007,BA_0
0.0765093424919647,0.9735670409109073,1.6762616278735525,/home/lmres/storage/projects/cwru-fault-detection/data/mat_files/281.mat,12000,3,1730,fan,inner,0.007,BA_0
0.016288114770808545,0.719406423868302,3.7928035735963017,/home/lmres/storage/projects/cwru-fault-detection/data/mat_files/281.mat,12000,3,1730,fan,inner,0.007,DE_0
0.016103441172289852,0.7091357053196392,3.636214461991902,/home/lmres/storage/projects/cwru-fault-detection/data/mat_files/281.mat,12000,3,1730,fan,inner,0.007,DE_0
0.015774623957756737,0.6987498337448773,3.5723020042454694,/home/lmres/storage/projects/cwru-fault-detection/data/mat_files/281.mat,12000,3,1730,fan,inner,0.007,DE_0
0.015972803786891983,0.7026417352489824,3.8300032053602426,/home/lmres/storage/projects/cwru-fault-detection/data/mat_files/281.mat,12000,3,1730,fan,inner,0.007,DE_0
0.016110295624246325,0.7036695656852299,3.721001960255981,/home/lmres/storage/projects/cwru-fault-detection/data/mat_files/281.mat,12000,3,1730,fan,inner,0.007,DE_0
0.016457843924795608,0.7151898635819782,3.5692052765488302,/home/lmres/storage/projects/cwru-fault-detection/data/mat_files/281.mat,12000,3,1730,fan,inner,0.007,DE_0
0.016318308206314844,0.7159607768736371,3.69407595774812,/home/lmres/storage/projects/cwru-fault-detection/data/mat_files/281.mat,12000,3,1730,fan,inner,0.007,DE_0
0.01691355626749783,0.7284583480956807,3.6006796611173577,/home/lmres/storage/projects/cwru-fault-detection/data/mat_files/281.mat,12000,3,1730,fan,inner,0.007,DE_0
0.016003963533125803,0.7112872311349894,3.7047373461025566,/home/lmres/storage/projects/cwru-fault-detection/data/mat_files/281.mat,12000,3,1730,fan,inner,0.007,DE_0
0.01569681230417751,0.7061277422482337,3.7995896788125374,/home/lmres/storage/projects/cwru-fault-detection/data/mat_files/281.mat,12000,3,1730,fan,inner,0.007,DE_0
0.059073720874894986,0.5097617884267328,5.172142142567269,/home/lmres/storage/projects/cwru-fault-detection/data/mat_files/281.mat,12000,3,1730,fan,inner,0.007,FE_0
0.05839719037195196,0.5023312969211754,5.266909124430617,/home/lmres/storage/projects/cwru-fault-detection/data/mat_files/281.mat,12000,3,1730,fan,inner,0.007,FE_0
0.058171585569786355,0.5006751238228383,5.588714649320676,/home/lmres/storage/projects/cwru-fault-detection/data/mat_files/281.mat,12000,3,1730,fan,inner,0.007,FE_0
0.05625281344984851,0.5030035511847856,5.199289195824556,/home/lmres/storage/projects/cwru-fault-detection/data/mat_files/281.mat,12000,3,1730,fan,inner,0.007,FE_0
0.059208263987822286,0.4993470529067399,5.390301064628537,/home/lmres/storage/projects/cwru-fault-detection/data/mat_files/281.mat,12000,3,1730,fan,inner,0.007,FE_0
0.059476889350140005,0.49288753385794165,5.346039718060829,/home/lmres/storage/projects/cwru-fault-detection/data/mat_files/281.mat,12000,3,1730,fan,inner,0.007,FE_0
0.057890232142405317,0.48902793806942035,5.491362510848235,/home/lmres/storage/projects/cwru-fault-detection/data/mat_files/281.mat,12000,3,1730,fan,inner,0.007,FE_0
0.0575072667024812,0.5016985630687023,5.2787092876980495,/home/lmres/storage/projects/cwru-fault-detection/data/mat_files/281.mat,12000,3,1730,fan,inner,0.007,FE_0
0.059660350978436964,0.49838689170814393,5.153434346298857,/home/lmres/storage/projects/cwru-fault-detection/data/mat_files/281.mat,12000,3,1730,fan,inner,0.007,FE_0
0.05950738756966379,0.48832299945999436,5.305956706983946,/home/lmres/storage/projects/cwru-fault-detection/data/mat_files/281.mat,12000,3,1730,fan,inner,0.007,FE_0
0.052166832230755376,0.9371236541286704,1.7708166302886752,/home/lmres/storage/projects/cwru-fault-detection/data/mat_files/274.mat,12000,0,1797,fan,inner,0.014,BA_0
0.05258037517938019,0.940153054960274,1.761701521608393,/home/lmres/storage/projects/cwru-fault-detection/data/mat_files/274.mat,12000,0,1797,fan,inner,0.014,BA_0
0.05240199495361717,0.9366662829455686,1.773873877164605,/home/lmres/storage/projects/cwru-fault-detection/data/mat_files/274.mat,12000,0,1797,fan,inner,0.014,BA_0
0.0527500161748362,0.937872004774502,1.7708356343619063,/home/lmres/storage/projects/cwru-fault-detection/data/mat_files/274.mat,12000,0,1797,fan,inner,0.014,BA_0
0.05246218505617895,0.9393803448839636,1.76678435021132,/home/lmres/storage/projects/cwru-fault-detection/data/mat_files/274.mat,12000,0,1797,fan,inner,0.014,BA_0
0.052224882845588,0.9380203942268469,1.7683030140082183,/home/lmres/storage/projects/cwru-fault-detection/data/mat_files/274.mat,12000,0,1797,fan,inner,0.014,BA_0
0.05236166857717914,0.9359282697677563,1.7757055221850728,/home/lmres/storage/projects/cwru-fault-detection/data/mat_files/274.mat,12000,0,1797,fan,inner,0.014,BA_0
0.051972168639565365,0.9363019602305662,1.776687510539363,/home/lmres/storage/projects/cwru-fault-detection/data/mat_files/274.mat,12000,0,1797,fan,inner,0.014,BA_0
0.05246581460180497,0.9383966046172008,1.7678634697638014,/home/lmres/storage/projects/cwru-fault-detection/data/mat_files/274.mat,12000,0,1797,fan,inner,0.014,BA_0
0.05228426554523597,0.9372579147024467,1.7693004384350846,/home/lmres/storage/projects/cwru-fault-detection/data/mat_files/274.mat,12000,0,1797,fan,inner,0.014,BA_0
0.035064135356075055,0.8485350487924926,3.833437001089803,/home/lmres/storage/projects/cwru-fault-detection/data/mat_files/274.mat,12000,0,1797,fan,inner,0.014,DE_0
0.03325510371701719,0.8358236624131642,3.6923717897219213,/home/lmres/storage/projects/cwru-fault-detection/data/mat_files/274.mat,12000,0,1797,fan,inner,0.014,DE_0
0.0348836364457563,0.8379808271120824,3.5543825066729187,/home/lmres/storage/projects/cwru-fault-detection/data/mat_files/274.mat,12000,0,1797,fan,inner,0.014,DE_0
0.03344891060637109,0.8342241345739094,3.5868557746649623,/home/lmres/storage/projects/cwru-fault-detection/data/mat_files/274.mat,12000,0,1797,fan,inner,0.014,DE_0
0.03285972902159161,0.8300833999342373,3.729576123081609,/home/lmres/storage/projects/cwru-fault-detection/data/mat_files/274.mat,12000,0,1797,fan,inner,0.014,DE_0
0.03382188895927687,0.8313683579101939,3.859427066494735,/home/lmres/storage/projects/cwru-fault-detection/data/mat_files/274.mat,12000,0,1797,fan,inner,0.014,DE_0
0.034222334873646676,0.827414631239993,3.5467415699308207,/home/lmres/storage/projects/cwru-fault-detection/data/mat_files/274.mat,12000,0,1797,fan,inner,0.014,DE_0
0.03302833020070738,0.8234444572452219,3.9855421357857623,/home/lmres/storage/projects/cwru-fault-detection/data/mat_files/274.mat,12000,0,1797,fan,inner,0.014,DE_0
0.032713608435046594,0.8211766199385353,3.7246829402899633,/home/lmres/storage/projects/cwru-fault-detection/data/mat_files/274.mat,12000,0,1797,fan,inner,0.014,DE_0
0.03364710766282448,0.8262380573489293,3.6310412593403,/home/lmres/storage/projects/cwru-fault-detection/data/mat_files/274.mat,12000,0,1797,fan,inner,0.014,DE_0
0.03222498075590297,0.7380809328312826,5.590395719490042,/home/lmres/storage/projects/cwru-fault-detection/data/mat_files/274.mat,12000,0,1797,fan,inner,0.014,FE_0
0.031384079952253674,0.7467965781143702,5.62227319453755,/home/lmres/storage/projects/cwru-fault-detection/data/mat_files/274.mat,12000,0,1797,fan,inner,0.014,FE_0
0.0328828314616422,0.7439109306970101,5.5515740377220055,/home/lmres/storage/projects/cwru-fault-detection/data/mat_files/274.mat,12000,0,1797,fan,inner,0.014,FE_0
0.03289056994080505,0.7432208125610299,5.519744545046963,/home/lmres/storage/projects/cwru-fault-detection/data/mat_files/274.mat,12000,0,1797,fan,inner,0.014,FE_0
0.03240047651473048,0.7478976408396254,5.613896375603366,/home/lmres/storage/projects/cwru-fault-detection/data/mat_files/274.mat,12000,0,1797,fan,inner,0.014,FE_0
0.032472938075219664,0.7399909776160959,5.399378805852649,/home/lmres/storage/projects/cwru-fault-detection/data/mat_files/274.mat,12000,0,1797,fan,inner,0.014,FE_0
0.03205322028234939,0.7337261242411953,5.279474643010056,/home/lmres/storage/projects/cwru-fault-detection/data/mat_files/274.mat,12000,0,1797,fan,inner,0.014,FE_0
0.031503171674522566,0.7314427425605466,5.279351983687503,/home/lmres/storage/projects/cwru-fault-detection/data/mat_files/274.mat,12000,0,1797,fan,inner,0.014,FE_0
0.03136087681059892,0.7405226425074002,5.695926945455138,/home/lmres/storage/projects/cwru-fault-detection/data/mat_files/274.mat,12000,0,1797,fan,inner,0.014,FE_0
0.033091433353072366,0.7452876002719266,5.60267252086956,/home/lmres/storage/projects/cwru-fault-detection/data/mat_files/274.mat,12000,0,1797,fan,inner,0.014,FE_0
0.10369922035259492,0.9804357799366288,1.6274642203274257,/home/lmres/storage/projects/cwru-fault-detection/data/mat_files/275.mat,12000,1,1772,fan,inner,0.014,BA_0
0.10450486114012499,0.9803244452999851,1.6275215542192936,/home/lmres/storage/projects/cwru-fault-detection/data/mat_files/275.mat,12000,1,1772,fan,inner,0.014,BA_0
0.10306382463365409,0.9802400376680245,1.6377334658955458,/home/lmres/storage/projects/cwru-fault-detection/data/mat_files/275.mat,12000,1,1772,fan,inner,0.014,BA_0
0.10366344241528797,0.980413487207595,1.628714913731982,/home/lmres/storage/projects/cwru-fault-detection/data/mat_files/275.mat,12000,1,1772,fan,inner,0.014,BA_0
0.10601051052622627,0.9804922399797993,1.633905995764541,/home/lmres/storage/projects/cwru-fault-detection/data/mat_files/275.mat,12000,1,1772,fan,inner,0.014,BA_0
0.1033518531199878,0.9794237700729224,1.6315733097388032,/home/lmres/storage/projects/cwru-fault-detection/data/mat_files/275.mat,12000,1,1772,fan,inner,0.014,BA_0
0.10342416338921553,0.9799456804437177,1.6294752656988325,/home/lmres/storage/projects/cwru-fault-detection/data/mat_files/275.mat,12000,1,1772,fan,inner,0.014,BA_0
0.10584817461046035,0.9805370681432964,1.626215930888792,/home/lmres/storage/projects/cwru-fault-detection/data/mat_files/275.mat,12000,1,1772,fan,inner,0.014,BA_0
0.10374557275434555,0.9802597197166161,1.6322253932449873,/home/lmres/storage/projects/cwru-fault-detection/data/mat_files/275.mat,12000,1,1772,fan,inner,0.014,BA_0
0.10370848220922198,0.9799465627096264,1.6242920736802196,/home/lmres/storage/projects/cwru-fault-detection/data/mat_files/275.mat,12000,1,1772,fan,inner,0.014,BA_0
0.02422367172551818,0.7819832479471308,3.7924343114409997,/home/lmres/storage/projects/cwru-fault-detection/data/mat_files/275.mat,12000,1,1772,fan,inner,0.014,DE_0
0.023963267755527113,0.7842750261087498,4.152727448160954,/home/lmres/storage/projects/cwru-fault-detection/data/mat_files/275.mat,12000,1,1772,fan,inner,0.014,DE_0
0.025947882272543694,0.7989942383487046,4.327717691927616,/home/lmres/storage/projects/cwru-fault-detection/data/mat_files/275.mat,12000,1,1772,fan,inner,0.014,DE_0
0.025341717183996235,0.8002876640557095,5.099496247820497,/home/lmres/storage/projects/cwru-fault-detection/data/mat_files/275.mat,12000,1,1772,fan,inner,0.014,DE_0
0.026042694925458288,0.8034679900210786,4.526733653153905,/home/lmres/storage/projects/cwru-fault-detection/data/mat_files/275.mat,12000,1,1772,fan,inner,0.014,DE_0
0.024169749179715632,0.7826044847414246,4.2643331770880035,/home/lmres/storage/projects/cwru-fault-detection/data/mat_files/275.mat,12000,1,1772,fan,inner,0.014,DE_0
0.02367582748530058,0.7822793217288292,4.368157258623009,/home/lmres/storage/projects/cwru-fault-detection/data/mat_files/275.mat,12000,1,1772,fan,inner,0.014,DE_0
0.024974563304900884,0.7862130632220619,3.7910541147220007,/home/lmres/storage/projects/cwru-fault-detection/data/mat_files/275.mat,12000,1,1772,fan,inner,0.014,DE_0
0.0251792114478046,0.7891856316571979,3.796295008344157,/home/lmres/storage/projects/cwru-fault-detection/data/mat_files/275.mat,12000,1,1772,fan,inner,0.014,DE_0
0.025437891450275862,0.7921130783192151,4.311635667628132,/home/lmres/storage/projects/cwru-fault-detection/data/mat_files/275.mat,12000,1,1772,fan,inner,0.014,DE_0
0.020640418408846353,0.7252074896095136,5.860266107740753,/home/lmres/storage/projects/cwru-fault-detection/data/mat_files/275.mat,12000,1,1772,fan,inner,0.014,FE_0
0.020012689715502067,0.7203196533536089,5.906079051292047,/home/lmres/storage/projects/cwru-fault-detection/data/mat_files/275.mat,12000,1,1772,fan,inner,0.014,FE_0
0.020469657557277768,0.7206457472127806,5.699362289859897,/home/lmres/storage/projects/cwru-fault-detection/data/mat_files/275.mat,12000,1,1772,fan,inner,0.014,FE_0
0.020339382085690656,0.7152602828052376,5.587261597237429,/home/lmres/storage/projects/cwru-fault-detection/data/mat_files/275.mat,12000,1,1772,fan,inner,0.014,FE_0
0.019851627278292552,0.7120847888837447,5.776141229149093,/home/lmres/storage/projects/cwru-fault-detection/data/mat_files/275.mat,12000,1,1772,fan,inner,0.014,FE_0
0.020024527629175132,0.710447264353758,5.601565362259743,/home/lmres/storage/projects/cwru-fault-detection/data/mat_files/275.mat,12000,1,1772,fan,inner,0.014,FE_0
0.01982086857920796,0.7119464504949407,5.621875402894303,/home/lmres/storage/projects/cwru-fault-detection/data/mat_files/275.mat,12000,1,1772,fan,inner,0.014,FE_0
0.02036558395450136,0.709987324515092,5.32777904351568,/home/lmres/storage/projects/cwru-fault-detection/data/mat_files/275.mat,12000,1,1772,fan,inner,0.014,FE_0
0.019512666981738036,0.7104345872338066,5.429626842647319,/home/lmres/storage/projects/cwru-fault-detection/data/mat_files/275.mat,12000,1,1772,fan,inner,0.014,FE_0
0.020126190973134003,0.7145827654342303,5.614944570205202,/home/lmres/storage/projects/cwru-fault-detection/data/mat_files/275.mat,12000,1,1772,fan,inner,0.014,FE_0
0.14487994847048472,0.985135326095178,1.605021891434517,/home/lmres/storage/projects/cwru-fault-detection/data/mat_files/276.mat,12000,2,1750,fan,inner,0.014,BA_0
0.14501389447272228,0.9852585951837566,1.6052916644713064,/home/lmres/storage/projects/cwru-fault-detection/data/mat_files/276.mat,12000,2,1750,fan,inner,0.014,BA_0
0.14354939660757918,0.9853425048711474,1.6033255753104898,/home/lmres/storage/projects/cwru-fault-detection/data/mat_files/276.mat,12000,2,1750,fan,inner,0.014,BA_0
0.14513164816687776,0.9851000968131803,1.6056044686353916,/home/lmres/storage/projects/cwru-fault-detection/data/mat_files/276.mat,12000,2,1750,fan,inner,0.014,BA_0
0.14509596349530238,0.9852506092444878,1.6029551555477735,/home/lmres/storage/projects/cwru-fault-detection/data/mat_files/276.mat,12000,2,1750,fan,inner,0.014,BA_0
0.1447514550927039,0.9851234323362809,1.601486061155065,/home/lmres/storage/projects/cwru-fault-detection/data/mat_files/276.mat,12000,2,1750,fan,inner,0.014,BA_0
0.14671520715643305,0.9855330127487815,1.6050113089017193,/home/lmres/storage/projects/cwru-fault-detection/data/mat_files/276.mat,12000,2,1750,fan,inner,0.014,BA_0
0.14515381949619258,0.9849610694450102,1.6032283443318636,/home/lmres/storage/projects/cwru-fault-detection/data/mat_files/276.mat,12000,2,1750,fan,inner,0.014,BA_0
0.14605349460620706,0.9851228873200495,1.6037823927689168,/home/lmres/storage/projects/cwru-fault-detection/data/mat_files/276.mat,12000,2,1750,fan,inner,0.014,BA_0
0.1468231875639999,0.9856449428110599,1.6034366407592744,/home/lmres/storage/projects/cwru-fault-detection/data/mat_files/276.mat,12000,2,1750,fan,inner,0.014,BA_0
0.02132838877487906,0.6974144607759948,4.306191454326367,/home/lmres/storage/projects/cwru-fault-detection/data/mat_files/276.mat,12000,2,1750,fan,inner,0.014,DE_0
0.022559372283088873,0.7189271206577907,4.414151155130326,/home/lmres/storage/projects/cwru-fault-detection/data/mat_files/276.mat,12000,2,1750,fan,inner,0.014,DE_0
0.02309120851670317,0.7215982298982436,4.155335969003738,/home/lmres/storage/projects/cwru-fault-detection/data/mat_files/276.mat,12000,2,1750,fan,inner,0.014,DE_0
0.024118301070464757,0.7271612489046648,4.533531802607307,/home/lmres/storage/projects/cwru-fault-detection/data/mat_files/276.mat,12000,2,1750,fan,inner,0.014,DE_0
0.023374269818136676,0.7177350018750063,4.344439031270493,/home/lmres/storage/projects/cwru-fault-detection/data/mat_files/276.mat,12000,2,1750,fan,inner,0.014,DE_0
0.02395182563686712,0.7262117195867835,4.17159730384976,/home/lmres/storage/projects/cwru-fault-detection/data/mat_files/276.mat,12000,2,1750,fan,inner,0.014,DE_0
0.02344198916565306,0.7243871663402611,4.3804996612579306,/home/lmres/storage/projects/cwru-fault-detection/data/mat_files/276.mat,12000,2,1750,fan,inner,0.014,DE_0
0.020991265978933017,0.6863470276103474,4.339294351145599,/home/lmres/storage/projects/cwru-fault-detection/data/mat_files/276.mat,12000,2,1750,fan,inner,0.014,DE_0
0.023005924584789634,0.7169529054148721,4.345330824169892,/home/lmres/storage/projects/cwru-fault-detection/data/mat_files/276.mat,12000,2,1750,fan,inner,0.014,DE_0
0.02387910119384474,0.7370562129694053,5.290090250292343,/home/lmres/storage/projects/cwru-fault-detection/data/mat_files/276.mat,12000,2,1750,fan,inner,0.014,DE_0
0.01771996333181225,0.6915428490890095,5.540220377025541,/home/lmres/storage/projects/cwru-fault-detection/data/mat_files/276.mat,12000,2,1750,fan,inner,0.014,FE_0
0.017792082560954766,0.6958037613860852,5.5922868183092795,/home/lmres/storage/projects/cwru-fault-detection/data/mat_files/276.mat,12000,2,1750,fan,inner,0.014,FE_0
0.017397944065849175,0.6911143035423924,5.791819394010742,/home/lmres/storage/projects/cwru-fault-detection/data/mat_files/276.mat,12000,2,1750,fan,inner,0.014,FE_0
0.01769688828626359,0.6910023411818498,5.6113382547561885,/home/lmres/storage/projects/cwru-fault-detection/data/mat_files/276.mat,12000,2,1750,fan,inner,0.014,FE_0
0.0176181373506109,0.691118807182561,5.771383489779936,/home/lmres/storage/projects/cwru-fault-detection/data/mat_files/276.mat,12000,2,1750,fan,inner,0.014,FE_0
0.017881911302589468,0.6949072939765786,5.583553607977183,/home/lmres/storage/projects/cwru-fault-detection/data/mat_files/276.mat,12000,2,1750,fan,inner,0.014,FE_0
0.017395155471650603,0.6889919150960213,5.609405696426686,/home/lmres/storage/projects/cwru-fault-detection/data/mat_files/276.mat,12000,2,1750,fan,inner,0.014,FE_0
0.017446198436550944,0.6940764581187684,5.64973233670009,/home/lmres/storage/projects/cwru-fault-detection/data/mat_files/276.mat,12000,2,1750,fan,inner,0.014,FE_0
0.01773410392622221,0.6915291624319647,5.549670208009355,/home/lmres/storage/projects/cwru-fault-detection/data/mat_files/276.mat,12000,2,1750,fan,inner,0.014,FE_0
0.017734677908786172,0.6934512763499202,5.622309722638362,/home/lmres/storage/projects/cwru-fault-detection/data/mat_files/276.mat,12000,2,1750,fan,inner,0.014,FE_0
0.1925689405470355,0.9874363834673272,1.5941342006986556,/home/lmres/storage/projects/cwru-fault-detection/data/mat_files/277.mat,12000,3,1730,fan,inner,0.014,BA_0
0.19332904516765567,0.987429099363205,1.5859618211548625,/home/lmres/storage/projects/cwru-fault-detection/data/mat_files/277.mat,12000,3,1730,fan,inner,0.014,BA_0
0.19404376198283585,0.9874870258691972,1.5891153349945226,/home/lmres/storage/projects/cwru-fault-detection/data/mat_files/277.mat,12000,3,1730,fan,inner,0.014,BA_0
0.19373501992000453,0.9877901623702738,1.5889695295178747,/home/lmres/storage/projects/cwru-fault-detection/data/mat_files/277.mat,12000,3,1730,fan,inner,0.014,BA_0
0.19404150421899088,0.9872506907247214,1.5919791526673095,/home/lmres/storage/projects/cwru-fault-detection/data/mat_files/277.mat,12000,3,1730,fan,inner,0.014,BA_0
0.19406418695882904,0.9877308340805723,1.584984270872978,/home/lmres/storage/projects/cwru-fault-detection/data/mat_files/277.mat,12000,3,1730,fan,inner,0.014,BA_0
0.19380070661389634,0.9875362463769567,1.5923564954100222,/home/lmres/storage/projects/cwru-fault-detection/data/mat_files/277.mat,12000,3,1730,fan,inner,0.014,BA_0
0.19371140439002352,0.9872278583509,1.5893994323828693,/home/lmres/storage/projects/cwru-fault-detection/data/mat_files/277.mat,12000,3,1730,fan,inner,0.014,BA_0
0.1947869362136644,0.9875851971389303,1.5936076269061352,/home/lmres/storage/projects/cwru-fault-detection/data/mat_files/277.mat,12000,3,1730,fan,inner,0.014,BA_0
0.19333965095285408,0.987623156008893,1.5861761350305017,/home/lmres/storage/projects/cwru-fault-detection/data/mat_files/277.mat,12000,3,1730,fan,inner,0.014,BA_0
0.023988929120084743,0.7067649772344733,4.832326977138012,/home/lmres/storage/projects/cwru-fault-detection/data/mat_files/277.mat,12000,3,1730,fan,inner,0.014,DE_0
0.02335360365024825,0.6961654607735608,5.052619094967994,/home/lmres/storage/projects/cwru-fault-detection/data/mat_files/277.mat,12000,3,1730,fan,inner,0.014,DE_0
0.021432971986480462,0.6662867480443876,4.46874360562736,/home/lmres/storage/projects/cwru-fault-detection/data/mat_files/277.mat,12000,3,1730,fan,inner,0.014,DE_0
0.022852290308383854,0.6925533728301112,4.470098820951307,/home/lmres/storage/projects/cwru-fault-detection/data/mat_files/277.mat,12000,3,1730,fan,inner,0.014,DE_0
0.02470157109937446,0.7078544036529568,5.401809805458912,/home/lmres/storage/projects/cwru-fault-detection/data/mat_files/277.mat,12000,3,1730,fan,inner,0.014,DE_0
0.022804273029985254,0.6848795961537437,5.053715805408186,/home/lmres/storage/projects/cwru-fault-detection/data/mat_files/277.mat,12000,3,1730,fan,inner,0.014,DE_0
0.024711799966289277,0.7117063656068603,4.720066478511236,/home/lmres/storage/projects/cwru-fault-detection/data/mat_files/277.mat,12000,3,1730,fan,inner,0.014,DE_0
0.021213671951229023,0.6554886620874133,4.61719154899431,/home/lmres/storage/projects/cwru-fault-detection/data/mat_files/277.mat,12000,3,1730,fan,inner,0.014,DE_0
0.021180971275806745,0.6634026132051024,4.191097135316643,/home/lmres/storage/projects/cwru-fault-detection/data/mat_files/277.mat,12000,3,1730,fan,inner,0.014,DE_0
0.023539126321382987,0.6924688596942442,4.2838223181013175,/home/lmres/storage/projects/cwru-fault-detection/data/mat_files/277.mat,12000,3,1730,fan,inner,0.014,DE_0
0.01894688108143325,0.6375041727014392,5.520027237756189,/home/lmres/storage/projects/cwru-fault-detection/data/mat_files/277.mat,12000,3,1730,fan,inner,0.014,FE_0
0.0186398577645675,0.6352531956166169,5.174783884135182,/home/lmres/storage/projects/cwru-fault-detection/data/mat_files/277.mat,12000,3,1730,fan,inner,0.014,FE_0
0.01886388709831111,0.6379729506747065,5.626404081759133,/home/lmres/storage/projects/cwru-fault-detection/data/mat_files/277.mat,12000,3,1730,fan,inner,0.014,FE_0
0.018949784272978987,0.6388036990506251,5.41274295555131,/home/lmres/storage/projects/cwru-fault-detection/data/mat_files/277.mat,12000,3,1730,fan,inner,0.014,FE_0
0.0187105220513377,0.6321709453435713,5.473755510739242,/home/lmres/storage/projects/cwru-fault-detection/data/mat_files/277.mat,12000,3,1730,fan,inner,0.014,FE_0
0.019139077728657763,0.6370928311210865,5.581990510887229,/home/lmres/storage/projects/cwru-fault-detection/data/mat_files/277.mat,12000,3,1730,fan,inner,0.014,FE_0
0.019473628145684447,0.652549490876868,5.8409933187524565,/home/lmres/storage/projects/cwru-fault-detection/data/mat_files/277.mat,12000,3,1730,fan,inner,0.014,FE_0
0.018692821294201818,0.6371040441823275,5.607968910380659,/home/lmres/storage/projects/cwru-fault-detection/data/mat_files/277.mat,12000,3,1730,fan,inner,0.014,FE_0
0.018732326098513122,0.6332543003229057,5.427335851354277,/home/lmres/storage/projects/cwru-fault-detection/data/mat_files/277.mat,12000,3,1730,fan,inner,0.014,FE_0
0.01869459240980674,0.6302357388631248,5.597253052412484,/home/lmres/storage/projects/cwru-fault-detection/data/mat_files/277.mat,12000,3,1730,fan,inner,0.014,FE_0
0.007154053160119974,0.7913997381948585,2.7265563725773525,/home/lmres/storage/projects/cwru-fault-detection/data/mat_files/270.mat,12000,0,1797,fan,inner,0.021,BA_0
0.007260288258059438,0.7872815325077384,2.760791208439151,/home/lmres/storage/projects/cwru-fault-detection/data/mat_files/270.mat,12000,0,1797,fan,inner,0.021,BA_0
0.007179222179925394,0.7921095986329015,2.706015790519886,/home/lmres/storage/projects/cwru-fault-detection/data/mat_files/270.mat,12000,0,1797,fan,inner,0.021,BA_0
0.00718026917055503,0.7915027151631278,2.7086685310307925,/home/lmres/storage/projects/cwru-fault-detection/data/mat_files/270.mat,12000,0,1797,fan,inner,0.021,BA_0
0.007331219263211634,0.7784655365303284,2.7358167246591747,/home/lmres/storage/projects/cwru-fault-detection/data/mat_files/270.mat,12000,0,1797,fan,inner,0.021,BA_0
0.007431440489401063,0.7692076264371353,2.757003488739214,/home/lmres/storage/projects/cwru-fault-detection/data/mat_files/270.mat,12000,0,1797,fan,inner,0.021,BA_0
0.007244629045364127,0.7886742508308497,2.7222503853492053,/home/lmres/storage/projects/cwru-fault-detection/data/mat_files/270.mat,12000,0,1797,fan,inner,0.021,BA_0
0.007137379868386857,0.7972816091234095,2.717474580206034,/home/lmres/storage/projects/cwru-fault-detection/data/mat_files/270.mat,12000,0,1797,fan,inner,0.021,BA_0
0.007293083967106547,0.785022200685721,2.7077953132170114,/home/lmres/storage/projects/cwru-fault-detection/data/mat_files/270.mat,12000,0,1797,fan,inner,0.021,BA_0
0.00736407570839531,0.7777301639955088,2.709344479021719,/home/lmres/storage/projects/cwru-fault-detection/data/mat_files/270.mat,12000,0,1797,fan,inner,0.021,BA_0
0.037526682442392136,0.8902231572471776,4.43808391345088,/home/lmres/storage/projects/cwru-fault-detection/data/mat_files/270.mat,12000,0,1797,fan,inner,0.021,DE_0
0.040684199370948915,0.8850435178337692,4.546193790718032,/home/lmres/storage/projects/cwru-fault-detection/data/mat_files/270.mat,12000,0,1797,fan,inner,0.021,DE_0
0.03823487728494816,0.8881282766367098,4.527208228435781,/home/lmres/storage/projects/cwru-fault-detection/data/mat_files/270.mat,12000,0,1797,fan,inner,0.021,DE_0
0.036965450210277015,0.8867171246095826,4.408265915610692,/home/lmres/storage/projects/cwru-fault-detection/data/mat_files/270.mat,12000,0,1797,fan,inner,0.021,DE_0
0.043078968796439285,0.8954362034293183,4.921620268457278,/home/lmres/storage/projects/cwru-fault-detection/data/mat_files/270.mat,12000,0,1797,fan,inner,0.021,DE_0
0.0433715349665618,0.884181970234902,4.733814413949638,/home/lmres/storage/projects/cwru-fault-detection/data/mat_files/270.mat,12000,0,1797,fan,inner,0.021,DE_0
0.040383710725701294,0.8878465273290873,4.632888793883158,/home/lmres/storage/projects/cwru-fault-detection/data/mat_files/270.mat,12000,0,1797,fan,inner,0.021,DE_0
0.04080459895920823,0.9038136016681613,4.925559333794665,/home/lmres/storage/projects/cwru-fault-detection/data/mat_files/270.mat,12000,0,1797,fan,inner,0.021,DE_0
0.04227295503741926,0.8914780195291367,4.481071260339003,/home/lmres/storage/projects/cwru-fault-detection/data/mat_files/270.mat,12000,0,1797,fan,inner,0.021,DE_0
0.03974699144291247,0.8841741597800722,4.4401954826974155,/home/lmres/storage/projects/cwru-fault-detection/data/mat_files/270.mat,12000,0,1797,fan,inner,0.021,DE_0
0.10068058997777575,0.9214940672637723,7.151172531589285,/home/lmres/storage/projects/cwru-fault-detection/data/mat_files/270.mat,12000,0,1797,fan,inner,0.021,FE_0
0.10218600658019916,0.9175235352767377,6.758444894435081,/home/lmres/storage/projects/cwru-fault-detection/data/mat_files/270.mat,12000,0,1797,fan,inner,0.021,FE_0
0.09734198264601844,0.9166363160192933,6.984086647527475,/home/lmres/storage/projects/cwru-fault-detection/data/mat_files/270.mat,12000,0,1797,fan,inner,0.021,FE_0
0.099521287662692,0.92070001948046,6.7909056804420445,/home/lmres/storage/projects/cwru-fault-detection/data/mat_files/270.mat,12000,0,1797,fan,inner,0.021,FE_0
0.11144322137792229,0.9199772276726723,7.378285269093777,/home/lmres/storage/projects/cwru-fault-detection/data/mat_files/270.mat,12000,0,1797,fan,inner,0.021,FE_0
0.11300592943707738,0.9188052417483508,7.202182356227606,/home/lmres/storage/projects/cwru-fault-detection/data/mat_files/270.mat,12000,0,1797,fan,inner,0.021,FE_0
0.10074816609364629,0.9160728390662296,7.007416399550699,/home/lmres/storage/projects/cwru-fault-detection/data/mat_files/270.mat,12000,0,1797,fan,inner,0.021,FE_0
0.10714074802993248,0.9311932154232736,7.406671702584668,/home/lmres/storage/projects/cwru-fault-detection/data/mat_files/270.mat,12000,0,1797,fan,inner,0.021,FE_0
0.10834192517246252,0.9226958614086244,7.093160814078531,/home/lmres/storage/projects/cwru-fault-detection/data/mat_files/270.mat,12000,0,1797,fan,inner,0.021,FE_0
0.10074242106727685,0.9194545494796774,6.737619649183715,/home/lmres/storage/projects/cwru-fault-detection/data/mat_files/270.mat,12000,0,1797,fan,inner,0.021,FE_0
0.007812276522195974,0.8222759370268393,2.478811911302918,/home/lmres/storage/projects/cwru-fault-detection/data/mat_files/271.mat,12000,1,1772,fan,inner,0.021,BA_0
0.00787929093458723,0.8194492978664376,2.4440195378517293,/home/lmres/storage/projects/cwru-fault-detection/data/mat_files/271.mat,12000,1,1772,fan,inner,0.021,BA_0
0.007862662004079675,0.8223475619692411,2.44649728226286,/home/lmres/storage/projects/cwru-fault-detection/data/mat_files/271.mat,12000,1,1772,fan,inner,0.021,BA_0
0.007829325041398157,0.8221077376869546,2.438997394472688,/home/lmres/storage/projects/cwru-fault-detection/data/mat_files/271.mat,12000,1,1772,fan,inner,0.021,BA_0
0.007909344057124793,0.8241605051619715,2.4383421763811763,/home/lmres/storage/projects/cwru-fault-detection/data/mat_files/271.mat,12000,1,1772,fan,inner,0.021,BA_0
0.007932857571363612,0.8212914637026545,2.4404743277673324,/home/lmres/storage/projects/cwru-fault-detection/data/mat_files/271.mat,12000,1,1772,fan,inner,0.021,BA_0
0.00782495464744613,0.8251997520764986,2.477940731939271,/home/lmres/storage/projects/cwru-fault-detection/data/mat_files/271.mat,12000,1,1772,fan,inner,0.021,BA_0
0.007907691004550004,0.8192685838312115,2.4633247561066876,/home/lmres/storage/projects/cwru-fault-detection/data/mat_files/271.mat,12000,1,1772,fan,inner,0.021,BA_0
0.007977524984299971,0.822342211763127,2.4282174331191375,/home/lmres/storage/projects/cwru-fault-detection/data/mat_files/271.mat,12000,1,1772,fan,inner,0.021,BA_0
0.007828586363681026,0.8254535223313771,2.430533367840956,/home/lmres/storage/projects/cwru-fault-detection/data/mat_files/271.mat,12000,1,1772,fan,inner,0.021,BA_0
0.039500281314052255,0.9006249753110792,4.148218362500627,/home/lmres/storage/projects/cwru-fault-detection/data/mat_files/271.mat,12000,1,1772,fan,inner,0.021,DE_0
0.03871782186111308,0.8967585742286419,3.825948386810096,/home/lmres/storage/projects/cwru-fault-detection/data/mat_files/271.mat,12000,1,1772,fan,inner,0.021,DE_0
0.039517622030704753,0.8980265268011399,3.843603047505137,/home/lmres/storage/projects/cwru-fault-detection/data/mat_files/271.mat,12000,1,1772,fan,inner,0.021,DE_0
0.04218895917969174,0.9048495171050243,3.935852129212812,/home/lmres/storage/projects/cwru-fault-detection/data/mat_files/271.mat,12000,1,1772,fan,inner,0.021,DE_0
0.038156778333359995,0.8947945797619601,3.7448404981432533,/home/lmres/storage/projects/cwru-fault-detection/data/mat_files/271.mat,12000,1,1772,fan,inner,0.021,DE_0
0.03637317472158163,0.889603830841366,3.8793635981423966,/home/lmres/storage/projects/cwru-fault-detection/data/mat_files/271.mat,12000,1,1772,fan,inner,0.021,DE_0
0.04040743536329098,0.8972284391279487,4.1465540472463305,/home/lmres/storage/projects/cwru-fault-detection/data/mat_files/271.mat,12000,1,1772,fan,inner,0.021,DE_0
0.04128800671551024,0.9022207253419025,3.9716649740082164,/home/lmres/storage/projects/cwru-fault-detection/data/mat_files/271.mat,12000,1,1772,fan,inner,0.021,DE_0
0.039520459798757956,0.8949449503972766,3.9795287358671967,/home/lmres/storage/projects/cwru-fault-detection/data/mat_files/271.mat,12000,1,1772,fan,inner,0.021,DE_0
0.03938445897436913,0.8975936688402489,4.051224565272315,/home/lmres/storage/projects/cwru-fault-detection/data/mat_files/271.mat,12000,1,1772,fan,inner,0.021,DE_0
0.08935117011570273,0.9342095029268317,6.8069795891583755,/home/lmres/storage/projects/cwru-fault-detection/data/mat_files/271.mat,12000,1,1772,fan,inner,0.021,FE_0
0.08487619590394517,0.9316636010911811,6.08496522666524,/home/lmres/storage/projects/cwru-fault-detection/data/mat_files/271.mat,12000,1,1772,fan,inner,0.021,FE_0
0.08675908557929339,0.9329072721603899,6.326047762385367,/home/lmres/storage/projects/cwru-fault-detection/data/mat_files/271.mat,12000,1,1772,fan,inner,0.021,FE_0
0.0910783481220573,0.9369172182927984,6.710128276993312,/home/lmres/storage/projects/cwru-fault-detection/data/mat_files/271.mat,12000,1,1772,fan,inner,0.021,FE_0
0.0867320969751642,0.9334531365948534,6.474376530504088,/home/lmres/storage/projects/cwru-fault-detection/data/mat_files/271.mat,12000,1,1772,fan,inner,0.021,FE_0
0.0856694333893022,0.9348090054218282,6.316983600756158,/home/lmres/storage/projects/cwru-fault-detection/data/mat_files/271.mat,12000,1,1772,fan,inner,0.021,FE_0
0.09012833862009723,0.9338722454270075,6.813154496370745,/home/lmres/storage/projects/cwru-fault-detection/data/mat_files/271.mat,12000,1,1772,fan,inner,0.021,FE_0
0.09131894456783193,0.9339286637666927,6.495544484816508,/home/lmres/storage/projects/cwru-fault-detection/data/mat_files/271.mat,12000,1,1772,fan,inner,0.021,FE_0
0.0890321317893369,0.9345890162635647,6.116905967925849,/home/lmres/storage/projects/cwru-fault-detection/data/mat_files/271.mat,12000,1,1772,fan,inner,0.021,FE_0
0.08724987757186912,0.9339936855560782,6.448967080253002,/home/lmres/storage/projects/cwru-fault-detection/data/mat_files/271.mat,12000,1,1772,fan,inner,0.021,FE_0
0.010554350163920066,0.852441531185892,2.2607900381007338,/home/lmres/storage/projects/cwru-fault-detection/data/mat_files/272.mat,12000,2,1750,fan,inner,0.021,BA_0
0.01050920959408034,0.8534455020860942,2.2152824332792966,/home/lmres/storage/projects/cwru-fault-detection/data/mat_files/272.mat,12000,2,1750,fan,inner,0.021,BA_0
0.010400935560875903,0.8582535319604224,2.2037719815499037,/home/lmres/storage/projects/cwru-fault-detection/data/mat_files/272.mat,12000,2,1750,fan,inner,0.021,BA_0
0.010617713200792744,0.8527295177021411,2.227847832100135,/home/lmres/storage/projects/cwru-fault-detection/data/mat_files/272.mat,12000,2,1750,fan,inner,0.021,BA_0
0.010564834495119699,0.8510087028556638,2.225557342659087,/home/lmres/storage/projects/cwru-fault-detection/data/mat_files/272.mat,12000,2,1750,fan,inner,0.021,BA_0
0.010457984505220123,0.8583085211270047,2.1800511258975446,/home/lmres/storage/projects/cwru-fault-detection/data/mat_files/272.mat,12000,2,1750,fan,inner,0.021,BA_0
0.010625320394139628,0.8514646219978582,2.2256218411618933,/home/lmres/storage/projects/cwru-fault-detection/data/mat_files/272.mat,12000,2,1750,fan,inner,0.021,BA_0
0.010503930177841524,0.8543056826432901,2.2195594422247864,/home/lmres/storage/projects/cwru-fault-detection/data/mat_files/272.mat,12000,2,1750,fan,inner,0.021,BA_0
0.010503753322272545,0.860653283465648,2.202987637655122,/home/lmres/storage/projects/cwru-fault-detection/data/mat_files/272.mat,12000,2,1750,fan,inner,0.021,BA_0
0.010595342069030823,0.8542305709645759,2.2038096644059233,/home/lmres/storage/projects/cwru-fault-detection/data/mat_files/272.mat,12000,2,1750,fan,inner,0.021,BA_0
0.035905640602712806,0.8733338726696942,3.6076798529801897,/home/lmres/storage/projects/cwru-fault-detection/data/mat_files/272.mat,12000,2,1750,fan,inner,0.021,DE_0
0.03870334021936587,0.8856725769612385,3.6896282643441918,/home/lmres/storage/projects/cwru-fault-detection/data/mat_files/272.mat,12000,2,1750,fan,inner,0.021,DE_0
0.03934767913709794,0.884127994177087,3.6940443945041994,/home/lmres/storage/projects/cwru-fault-detection/data/mat_files/272.mat,12000,2,1750,fan,inner,0.021,DE_0
0.040728586570416565,0.8888130706112534,3.9230379946420157,/home/lmres/storage/projects/cwru-fault-detection/data/mat_files/272.mat,12000,2,1750,fan,inner,0.021,DE_0
0.03893941124764856,0.8804056011055719,3.8416978718324035,/home/lmres/storage/projects/cwru-fault-detection/data/mat_files/272.mat,12000,2,1750,fan,inner,0.021,DE_0
0.0392562029168924,0.8862585955221883,3.7592282271343507,/home/lmres/storage/projects/cwru-fault-detection/data/mat_files/272.mat,12000,2,1750,fan,inner,0.021,DE_0
0.03862267145106944,0.879854471327389,3.6352462898824576,/home/lmres/storage/projects/cwru-fault-detection/data/mat_files/272.mat,12000,2,1750,fan,inner,0.021,DE_0
0.039139668442372544,0.8833494740986402,3.677919537937457,/home/lmres/storage/projects/cwru-fault-detection/data/mat_files/272.mat,12000,2,1750,fan,inner,0.021,DE_0
0.038897109744196544,0.8796545436201169,3.7141199220842367,/home/lmres/storage/projects/cwru-fault-detection/data/mat_files/272.mat,12000,2,1750,fan,inner,0.021,DE_0
0.03675229399963058,0.8720278783083667,3.772309884279417,/home/lmres/storage/projects/cwru-fault-detection/data/mat_files/272.mat,12000,2,1750,fan,inner,0.021,DE_0
0.08491400938737162,0.9296278132807337,5.83029689461492,/home/lmres/storage/projects/cwru-fault-detection/data/mat_files/272.mat,12000,2,1750,fan,inner,0.021,FE_0
0.08713779081147133,0.9268566441281576,6.157017583649805,/home/lmres/storage/projects/cwru-fault-detection/data/mat_files/272.mat,12000,2,1750,fan,inner,0.021,FE_0
0.08502490744884544,0.9305327023682864,6.034537766076491,/home/lmres/storage/projects/cwru-fault-detection/data/mat_files/272.mat,12000,2,1750,fan,inner,0.021,FE_0
0.09730193297299944,0.9381650503629859,6.645458936331478,/home/lmres/storage/projects/cwru-fault-detection/data/mat_files/272.mat,12000,2,1750,fan,inner,0.021,FE_0
0.08627425477853828,0.9325270921905843,6.033227372122898,/home/lmres/storage/projects/cwru-fault-detection/data/mat_files/272.mat,12000,2,1750,fan,inner,0.021,FE_0
0.08478320847203222,0.9330105719727034,5.798552283838306,/home/lmres/storage/projects/cwru-fault-detection/data/mat_files/272.mat,12000,2,1750,fan,inner,0.021,FE_0
0.0848620706356402,0.9341480826840115,5.689798899187425,/home/lmres/storage/projects/cwru-fault-detection/data/mat_files/272.mat,12000,2,1750,fan,inner,0.021,FE_0
0.08763008679174217,0.9313937889206808,5.8063362926369475,/home/lmres/storage/projects/cwru-fault-detection/data/mat_files/272.mat,12000,2,1750,fan,inner,0.021,FE_0
0.08695094992099972,0.9305887659171296,5.793894360224128,/home/lmres/storage/projects/cwru-fault-detection/data/mat_files/272.mat,12000,2,1750,fan,inner,0.021,FE_0
0.08715957037416198,0.9277854564294079,5.530010656581411,/home/lmres/storage/projects/cwru-fault-detection/data/mat_files/272.mat,12000,2,1750,fan,inner,0.021,FE_0
0.014044834135234757,0.8615065553923305,2.143653203097254,/home/lmres/storage/projects/cwru-fault-detection/data/mat_files/273.mat,12000,3,1730,fan,inner,0.021,BA_0
0.01411279141097278,0.8596288300648391,2.11477427885878,/home/lmres/storage/projects/cwru-fault-detection/data/mat_files/273.mat,12000,3,1730,fan,inner,0.021,BA_0
0.014041466424115365,0.8650200870513911,2.0933401040983517,/home/lmres/storage/projects/cwru-fault-detection/data/mat_files/273.mat,12000,3,1730,fan,inner,0.021,BA_0
0.014039109385423024,0.8649732453960844,2.116021925600965,/home/lmres/storage/projects/cwru-fault-detection/data/mat_files/273.mat,12000,3,1730,fan,inner,0.021,BA_0
0.01413762755732062,0.8580647886102628,2.101214200932642,/home/lmres/storage/projects/cwru-fault-detection/data/mat_files/273.mat,12000,3,1730,fan,inner,0.021,BA_0
0.014136714593462813,0.8627118675161667,2.093749347674216,/home/lmres/storage/projects/cwru-fault-detection/data/mat_files/273.mat,12000,3,1730,fan,inner,0.021,BA_0
0.014025940082326925,0.8656129865791803,2.1156047960671924,/home/lmres/storage/projects/cwru-fault-detection/data/mat_files/273.mat,12000,3,1730,fan,inner,0.021,BA_0
0.014163536946477914,0.862362862177213,2.1149961586386072,/home/lmres/storage/projects/cwru-fault-detection/data/mat_files/273.mat,12000,3,1730,fan,inner,0.021,BA_0
0.014048269453593174,0.8603201223436918,2.1050666272975667,/home/lmres/storage/projects/cwru-fault-detection/data/mat_files/273.mat,12000,3,1730,fan,inner,0.021,BA_0
0.014158293937624217,0.8615910972162545,2.1192539729716255,/home/lmres/storage/projects/cwru-fault-detection/data/mat_files/273.mat,12000,3,1730,fan,inner,0.021,BA_0
0.04417082065999669,0.8567982155676471,3.610658368176472,/home/lmres/storage/projects/cwru-fault-detection/data/mat_files/273.mat,12000,3,1730,fan,inner,0.021,DE_0
0.04353831142621548,0.83650982698197,3.6196975067334107,/home/lmres/storage/projects/cwru-fault-detection/data/mat_files/273.mat,12000,3,1730,fan,inner,0.021,DE_0
0.043600510512088894,0.8593362767211796,3.5582593167912546,/home/lmres/storage/projects/cwru-fault-detection/data/mat_files/273.mat,12000,3,1730,fan,inner,0.021,DE_0
0.04157332139682632,0.8447342182596952,3.4617143663362815,/home/lmres/storage/projects/cwru-fault-detection/data/mat_files/273.mat,12000,3,1730,fan,inner,0.021,DE_0
0.044744965101962415,0.8506074206254964,3.761267143328826,/home/lmres/storage/projects/cwru-fault-detection/data/mat_files/273.mat,12000,3,1730,fan,inner,0.021,DE_0
0.04353916566234206,0.8403267354051901,3.7434810787950656,/home/lmres/storage/projects/cwru-fault-detection/data/mat_files/273.mat,12000,3,1730,fan,inner,0.021,DE_0
0.041498039983568664,0.8501386137657888,3.6760169821158186,/home/lmres/storage/projects/cwru-fault-detection/data/mat_files/273.mat,12000,3,1730,fan,inner,0.021,DE_0
0.04097009001546347,0.8330980920765311,3.6741665872449647,/home/lmres/storage/projects/cwru-fault-detection/data/mat_files/273.mat,12000,3,1730,fan,inner,0.021,DE_0
0.0425393776021298,0.8378868322023808,3.607807624688363,/home/lmres/storage/projects/cwru-fault-detection/data/mat_files/273.mat,12000,3,1730,fan,inner,0.021,DE_0
0.041700405795041036,0.8365753455255303,3.689014283249385,/home/lmres/storage/projects/cwru-fault-detection/data/mat_files/273.mat,12000,3,1730,fan,inner,0.021,DE_0
0.0837268182360705,0.9194562888548804,5.9184726582751095,/home/lmres/storage/projects/cwru-fault-detection/data/mat_files/273.mat,12000,3,1730,fan,inner,0.021,FE_0
0.08426387522824462,0.9181942189329118,5.963276753054493,/home/lmres/storage/projects/cwru-fault-detection/data/mat_files/273.mat,12000,3,1730,fan,inner,0.021,FE_0
0.08420898437517162,0.922845670277014,5.993110822613852,/home/lmres/storage/projects/cwru-fault-detection/data/mat_files/273.mat,12000,3,1730,fan,inner,0.021,FE_0
0.08058942889380027,0.9163654166291803,5.801663473609795,/home/lmres/storage/projects/cwru-fault-detection/data/mat_files/273.mat,12000,3,1730,fan,inner,0.021,FE_0
0.08417396802385949,0.9187586413160806,5.665539432733714,/home/lmres/storage/projects/cwru-fault-detection/data/mat_files/273.mat,12000,3,1730,fan,inner,0.021,FE_0
0.08283814300398264,0.919971980111064,6.028815788637381,/home/lmres/storage/projects/cwru-fault-detection/data/mat_files/273.mat,12000,3,1730,fan,inner,0.021,FE_0
0.08118847823422672,0.9169305109186042,5.721578392672069,/home/lmres/storage/projects/cwru-fault-detection/data/mat_files/273.mat,12000,3,1730,fan,inner,0.021,FE_0
0.08299796192911404,0.9183107501123354,5.6966494321807195,/home/lmres/storage/projects/cwru-fault-detection/data/mat_files/273.mat,12000,3,1730,fan,inner,0.021,FE_0
0.08231310450416005,0.917515699802629,6.201872868863642,/home/lmres/storage/projects/cwru-fault-detection/data/mat_files/273.mat,12000,3,1730,fan,inner,0.021,FE_0
0.08051102077543003,0.9118618614882126,5.897188427486081,/home/lmres/storage/projects/cwru-fault-detection/data/mat_files/273.mat,12000,3,1730,fan,inner,0.021,FE_0
0.014266293152682194,0.9079976526401596,2.12409517507474,/home/lmres/storage/projects/cwru-fault-detection/data/mat_files/282.mat,12000,0,1797,fan,ball,0.007,BA_0
0.01422934949389105,0.9065883030114195,2.138949101474397,/home/lmres/storage/projects/cwru-fault-detection/data/mat_files/282.mat,12000,0,1797,fan,ball,0.007,BA_0
0.014029022139737902,0.918435011393404,2.09281553999798,/home/lmres/storage/projects/cwru-fault-detection/data/mat_files/282.mat,12000,0,1797,fan,ball,0.007,BA_0
0.014092821641391647,0.9107890272934961,2.111027100036363,/home/lmres/storage/projects/cwru-fault-detection/data/mat_files/282.mat,12000,0,1797,fan,ball,0.007,BA_0
0.014041164658084923,0.9142757654727358,2.0953236336928063,/home/lmres/storage/projects/cwru-fault-detection/data/mat_files/282.mat,12000,0,1797,fan,ball,0.007,BA_0
0.01413504698255069,0.9088357646063226,2.134236043072745,/home/lmres/storage/projects/cwru-fault-detection/data/mat_files/282.mat,12000,0,1797,fan,ball,0.007,BA_0
0.01395155534319369,0.9173672250064683,2.1079986801006565,/home/lmres/storage/projects/cwru-fault-detection/data/mat_files/282.mat,12000,0,1797,fan,ball,0.007,BA_0
0.014149717528078242,0.9054009417721374,2.1255472131608832,/home/lmres/storage/projects/cwru-fault-detection/data/mat_files/282.mat,12000,0,1797,fan,ball,0.007,BA_0
0.013919291613253174,0.9152922456685837,2.0835809513886137,/home/lmres/storage/projects/cwru-fault-detection/data/mat_files/282.mat,12000,0,1797,fan,ball,0.007,BA_0
0.013980562549938331,0.9156405447180669,2.0977261227758492,/home/lmres/storage/projects/cwru-fault-detection/data/mat_files/282.mat,12000,0,1797,fan,ball,0.007,BA_0
0.008710051226436234,0.731616356341299,3.975775375043936,/home/lmres/storage/projects/cwru-fault-detection/data/mat_files/282.mat,12000,0,1797,fan,ball,0.007,DE_0
0.007210674955985002,0.6754300160426832,3.3942183785073317,/home/lmres/storage/projects/cwru-fault-detection/data/mat_files/282.mat,12000,0,1797,fan,ball,0.007,DE_0
0.006769469835735859,0.6962977276519442,3.2039874389550804,/home/lmres/storage/projects/cwru-fault-detection/data/mat_files/282.mat,12000,0,1797,fan,ball,0.007,DE_0
0.007596278320957503,0.7220061515696338,3.731956959310802,/home/lmres/storage/projects/cwru-fault-detection/data/mat_files/282.mat,12000,0,1797,fan,ball,0.007,DE_0
0.00750015551895464,0.7229018018355748,4.129888621366354,/home/lmres/storage/projects/cwru-fault-detection/data/mat_files/282.mat,12000,0,1797,fan,ball,0.007,DE_0
0.007539222311780364,0.6805400129213784,5.863835160647566,/home/lmres/storage/projects/cwru-fault-detection/data/mat_files/282.mat,12000,0,1797,fan,ball,0.007,DE_0
0.007019064405675251,0.7085462980437974,3.359651443873826,/home/lmres/storage/projects/cwru-fault-detection/data/mat_files/282.mat,12000,0,1797,fan,ball,0.007,DE_0
0.006605596092172658,0.6793963994054559,3.3349345146937464,/home/lmres/storage/projects/cwru-fault-detection/data/mat_files/282.mat,12000,0,1797,fan,ball,0.007,DE_0
0.006479618284064119,0.6863651200101901,3.475376310299689,/home/lmres/storage/projects/cwru-fault-detection/data/mat_files/282.mat,12000,0,1797,fan,ball,0.007,DE_0
0.00598070164144023,0.6320302568719298,3.1085397614909307,/home/lmres/storage/projects/cwru-fault-detection/data/mat_files/282.mat,12000,0,1797,fan,ball,0.007,DE_0
0.02712203285732025,0.8539352518999832,11.5667476098181,/home/lmres/storage/projects/cwru-fault-detection/data/mat_files/282.mat,12000,0,1797,fan,ball,0.007,FE_0
0.01861956649931366,0.7963934287196893,6.00230876045345,/home/lmres/storage/projects/cwru-fault-detection/data/mat_files/282.mat,12000,0,1797,fan,ball,0.007,FE_0
0.016243215189449153,0.8116687180186936,6.26662767657113,/home/lmres/storage/projects/cwru-fault-detection/data/mat_files/282.mat,12000,0,1797,fan,ball,0.007,FE_0
0.02512826524811724,0.8605197809212215,10.824021758199162,/home/lmres/storage/projects/cwru-fault-detection/data/mat_files/282.mat,12000,0,1797,fan,ball,0.007,FE_0
0.024807741861435213,0.8670150445872942,30.408679648661565,/home/lmres/storage/projects/cwru-fault-detection/data/mat_files/282.mat,12000,0,1797,fan,ball,0.007,FE_0
0.029925675708973774,0.8481651855588377,18.10212005781103,/home/lmres/storage/projects/cwru-fault-detection/data/mat_files/282.mat,12000,0,1797,fan,ball,0.007,FE_0
0.016508741239358884,0.818806407999424,11.30374576084632,/home/lmres/storage/projects/cwru-fault-detection/data/mat_files/282.mat,12000,0,1797,fan,ball,0.007,FE_0
0.015174767903818567,0.7573837923241412,5.304977599398803,/home/lmres/storage/projects/cwru-fault-detection/data/mat_files/282.mat,12000,0,1797,fan,ball,0.007,FE_0
0.015365430537272327,0.8021835144822469,17.796253172066617,/home/lmres/storage/projects/cwru-fault-detection/data/mat_files/282.mat,12000,0,1797,fan,ball,0.007,FE_0
0.012930137142164753,0.749627036899562,3.707861114939325,/home/lmres/storage/projects/cwru-fault-detection/data/mat_files/282.mat,12000,0,1797,fan,ball,0.007,FE_0
0.025888049356585893,0.9653768650662673,1.7312550999260221,/home/lmres/storage/projects/cwru-fault-detection/data/mat_files/283.mat,12000,1,1772,fan,ball,0.007,BA_0
0.025203841498752835,0.740412737449758,1.647026350319398,/home/lmres/storage/projects/cwru-fault-detection/data/mat_files/283.mat,12000,1,1772,fan,ball,0.007,BA_0
0.025903505089952983,0.96605813422216,1.7262425059046902,/home/lmres/storage/projects/cwru-fault-detection/data/mat_files/283.mat,12000,1,1772,fan,ball,0.007,BA_0
0.026602649541951243,0.9660294414745545,1.726017950535217,/home/lmres/storage/projects/cwru-fault-detection/data/mat_files/283.mat,12000,1,1772,fan,ball,0.007,BA_0
0.02632024323503716,0.9639868278104219,1.7343224243926085,/home/lmres/storage/projects/cwru-fault-detection/data/mat_files/283.mat,12000,1,1772,fan,ball,0.007,BA_0
0.02591686216212754,0.9661597317832329,1.7322849122120292,/home/lmres/storage/projects/cwru-fault-detection/data/mat_files/283.mat,12000,1,1772,fan,ball,0.007,BA_0
0.026417072372933337,0.9662609293309625,1.723512110189982,/home/lmres/storage/projects/cwru-fault-detection/data/mat_files/283.mat,12000,1,1772,fan,ball,0.007,BA_0
0.026386466740218974,0.9652900184336793,1.7293196051731718,/home/lmres/storage/projects/cwru-fault-detection/data/mat_files/283.mat,12000,1,1772,fan,ball,0.007,BA_0
0.0259393386861639,0.9636893474644384,1.727502728914889,/home/lmres/storage/projects/cwru-fault-detection/data/mat_files/283.mat,12000,1,1772,fan,ball,0.007,BA_0
0.02623500084122965,0.9642610520315615,1.7314215601926883,/home/lmres/storage/projects/cwru-fault-detection/data/mat_files/283.mat,12000,1,1772,fan,ball,0.007,BA_0
0.006774107607879814,0.5543051790900061,3.1038608205920606,/home/lmres/storage/projects/cwru-fault-detection/data/mat_files/283.mat,12000,1,1772,fan,ball,0.007,DE_0
0.006187881214514853,0.4185904611978862,3.2900014407626097,/home/lmres/storage/projects/cwru-fault-detection/data/mat_files/283.mat,12000,1,1772,fan,ball,0.007,DE_0
0.006404290220492262,0.52776526571063,3.13265530081722,/home/lmres/storage/projects/cwru-fault-detection/data/mat_files/283.mat,12000,1,1772,fan,ball,0.007,DE_0
0.009468408881439207,0.6745992758700108,6.957165828530729,/home/lmres/storage/projects/cwru-fault-detection/data/mat_files/283.mat,12000,1,1772,fan,ball,0.007,DE_0
0.007132761130227161,0.5432991682395782,4.138685766226709,/home/lmres/storage/projects/cwru-fault-detection/data/mat_files/283.mat,12000,1,1772,fan,ball,0.007,DE_0
0.006693716212331206,0.5257184848949609,2.9649893862555237,/home/lmres/storage/projects/cwru-fault-detection/data/mat_files/283.mat,12000,1,1772,fan,ball,0.007,DE_0
0.0062356748263654085,0.5133255916276264,2.940258123560184,/home/lmres/storage/projects/cwru-fault-detection/data/mat_files/283.mat,12000,1,1772,fan,ball,0.007,DE_0
0.006656924395155383,0.5077592764052806,3.080416864637966,/home/lmres/storage/projects/cwru-fault-detection/data/mat_files/283.mat,12000,1,1772,fan,ball,0.007,DE_0
0.0065808646356011,0.5086006954641739,3.060623872565678,/home/lmres/storage/projects/cwru-fault-detection/data/mat_files/283.mat,12000,1,1772,fan,ball,0.007,DE_0
0.006094364790861564,0.5087043856201952,2.9492281490744583,/home/lmres/storage/projects/cwru-fault-detection/data/mat_files/283.mat,12000,1,1772,fan,ball,0.007,DE_0
0.014625645933908317,0.6980746619178342,4.628053636651809,/home/lmres/storage/projects/cwru-fault-detection/data/mat_files/283.mat,12000,1,1772,fan,ball,0.007,FE_0
0.013692198256427219,0.3559860632240567,2.9251114852367337,/home/lmres/storage/projects/cwru-fault-detection/data/mat_files/283.mat,12000,1,1772,fan,ball,0.007,FE_0
0.010281626141506205,0.5748948086909453,3.478135270544794,/home/lmres/storage/projects/cwru-fault-detection/data/mat_files/283.mat,12000,1,1772,fan,ball,0.007,FE_0
0.0290152369662801,0.8398568486723672,27.68767997533425,/home/lmres/storage/projects/cwru-fault-detection/data/mat_files/283.mat,12000,1,1772,fan,ball,0.007,FE_0
0.012642983379365381,0.6366212302477221,14.827462808154078,/home/lmres/storage/projects/cwru-fault-detection/data/mat_files/283.mat,12000,1,1772,fan,ball,0.007,FE_0
0.010576329729114098,0.5828737571361584,3.6298487350721795,/home/lmres/storage/projects/cwru-fault-detection/data/mat_files/283.mat,12000,1,1772,fan,ball,0.007,FE_0
0.010216948703037524,0.5644644139826663,3.4021319065861944,/home/lmres/storage/projects/cwru-fault-detection/data/mat_files/283.mat,12000,1,1772,fan,ball,0.007,FE_0
0.010810094364718144,0.5818956684844875,3.9147573432460656,/home/lmres/storage/projects/cwru-fault-detection/data/mat_files/283.mat,12000,1,1772,fan,ball,0.007,FE_0
0.010216074967389533,0.5546250220679302,3.2222227728695265,/home/lmres/storage/projects/cwru-fault-detection/data/mat_files/283.mat,12000,1,1772,fan,ball,0.007,FE_0
0.009482512652978874,0.5435868057310874,3.03097888818221,/home/lmres/storage/projects/cwru-fault-detection/data/mat_files/283.mat,12000,1,1772,fan,ball,0.007,FE_0
0.04028376667128542,0.9720596519190152,1.6670079464124772,/home/lmres/storage/projects/cwru-fault-detection/data/mat_files/284.mat,12000,2,1750,fan,ball,0.007,BA_0
0.03969074402269464,0.9727289686037237,1.6697217511784685,/home/lmres/storage/projects/cwru-fault-detection/data/mat_files/284.mat,12000,2,1750,fan,ball,0.007,BA_0
0.040223169556576524,0.9730993319661803,1.7034223176690826,/home/lmres/storage/projects/cwru-fault-detection/data/mat_files/284.mat,12000,2,1750,fan,ball,0.007,BA_0
0.04011064750188255,0.9731431415364818,1.6780954162650135,/home/lmres/storage/projects/cwru-fault-detection/data/mat_files/284.mat,12000,2,1750,fan,ball,0.007,BA_0
0.03989331990002531,0.9731316420646777,1.68526646735945,/home/lmres/storage/projects/cwru-fault-detection/data/mat_files/284.mat,12000,2,1750,fan,ball,0.007,BA_0
0.04032481078527795,0.9727090679144046,1.6811084966227026,/home/lmres/storage/projects/cwru-fault-detection/data/mat_files/284.mat,12000,2,1750,fan,ball,0.007,BA_0
0.04006471707207409,0.9733608977389473,1.6819693800056297,/home/lmres/storage/projects/cwru-fault-detection/data/mat_files/284.mat,12000,2,1750,fan,ball,0.007,BA_0
0.039809618849981035,0.97306823968799,1.6896768432434879,/home/lmres/storage/projects/cwru-fault-detection/data/mat_files/284.mat,12000,2,1750,fan,ball,0.007,BA_0
0.04041652215061436,0.9724293984642886,1.6792959090190118,/home/lmres/storage/projects/cwru-fault-detection/data/mat_files/284.mat,12000,2,1750,fan,ball,0.007,BA_0
0.03994645471410992,0.9731700939883426,1.6912772753934078,/home/lmres/storage/projects/cwru-fault-detection/data/mat_files/284.mat,12000,2,1750,fan,ball,0.007,BA_0
0.006466868520708376,0.42101740608789073,2.962837449300962,/home/lmres/storage/projects/cwru-fault-detection/data/mat_files/284.mat,12000,2,1750,fan,ball,0.007,DE_0
0.00654056282106506,0.42857733053608393,2.9769250245565275,/home/lmres/storage/projects/cwru-fault-detection/data/mat_files/284.mat,12000,2,1750,fan,ball,0.007,DE_0
0.006731243999887217,0.4228510350688696,3.0343318874642145,/home/lmres/storage/projects/cwru-fault-detection/data/mat_files/284.mat,12000,2,1750,fan,ball,0.007,DE_0
0.007411586448508873,0.48864107210765506,3.4789410191280057,/home/lmres/storage/projects/cwru-fault-detection/data/mat_files/284.mat,12000,2,1750,fan,ball,0.007,DE_0
0.011383585224130494,0.65408799802808,3.505862192564735,/home/lmres/storage/projects/cwru-fault-detection/data/mat_files/284.mat,12000,2,1750,fan,ball,0.007,DE_0
0.00819799160004885,0.5265989434922786,3.406216639851752,/home/lmres/storage/projects/cwru-fault-detection/data/mat_files/284.mat,12000,2,1750,fan,ball,0.007,DE_0
0.006918516660917028,0.45658611080254174,3.112638505502722,/home/lmres/storage/projects/cwru-fault-detection/data/mat_files/284.mat,12000,2,1750,fan,ball,0.007,DE_0
0.006759923254172542,0.43096476435943876,2.929590875768432,/home/lmres/storage/projects/cwru-fault-detection/data/mat_files/284.mat,12000,2,1750,fan,ball,0.007,DE_0
0.006738230236979643,0.4367436131210372,2.954729024325922,/home/lmres/storage/projects/cwru-fault-detection/data/mat_files/284.mat,12000,2,1750,fan,ball,0.007,DE_0
0.006960483179679206,0.4528274829597138,5.149818315022044,/home/lmres/storage/projects/cwru-fault-detection/data/mat_files/284.mat,12000,2,1750,fan,ball,0.007,DE_0
0.010119421469586913,0.45921958715883565,3.105920155983595,/home/lmres/storage/projects/cwru-fault-detection/data/mat_files/284.mat,12000,2,1750,fan,ball,0.007,FE_0
0.010534391136240604,0.48156229559910585,3.219381072060796,/home/lmres/storage/projects/cwru-fault-detection/data/mat_files/284.mat,12000,2,1750,fan,ball,0.007,FE_0
0.01016975847825628,0.46248425044395797,3.092364298808967,/home/lmres/storage/projects/cwru-fault-detection/data/mat_files/284.mat,12000,2,1750,fan,ball,0.007,FE_0
0.01572999174238415,0.6457958949555976,10.956618405774627,/home/lmres/storage/projects/cwru-fault-detection/data/mat_files/284.mat,12000,2,1750,fan,ball,0.007,FE_0
0.03855466364540749,0.8499761435436273,5.328678409588115,/home/lmres/storage/projects/cwru-fault-detection/data/mat_files/284.mat,12000,2,1750,fan,ball,0.007,FE_0
0.01884776083580067,0.7040019583937602,7.493992583543667,/home/lmres/storage/projects/cwru-fault-detection/data/mat_files/284.mat,12000,2,1750,fan,ball,0.007,FE_0
0.011678828816156634,0.5368257011855712,8.543582852924857,/home/lmres/storage/projects/cwru-fault-detection/data/mat_files/284.mat,12000,2,1750,fan,ball,0.007,FE_0
0.010195647802438255,0.46228331467628797,3.1033540431865716,/home/lmres/storage/projects/cwru-fault-detection/data/mat_files/284.mat,12000,2,1750,fan,ball,0.007,FE_0
0.010164919506956294,0.4636596180091922,3.0777836856032046,/home/lmres/storage/projects/cwru-fault-detection/data/mat_files/284.mat,12000,2,1750,fan,ball,0.007,FE_0
0.013566661531655437,0.5827441721429109,17.843018728545744,/home/lmres/storage/projects/cwru-fault-detection/data/mat_files/284.mat,12000,2,1750,fan,ball,0.007,FE_0
0.0547023525116183,0.9733364077122459,1.6706086069942385,/home/lmres/storage/projects/cwru-fault-detection/data/mat_files/285.mat,12000,3,1730,fan,ball,0.007,BA_0
0.05466776149684777,0.9744545065821608,1.674918356587617,/home/lmres/storage/projects/cwru-fault-detection/data/mat_files/285.mat,12000,3,1730,fan,ball,0.007,BA_0
0.05474819462593706,0.9729397939500981,1.6746159559886855,/home/lmres/storage/projects/cwru-fault-detection/data/mat_files/285.mat,12000,3,1730,fan,ball,0.007,BA_0
0.054750145241529165,0.9740140081976734,1.6683573010660355,/home/lmres/storage/projects/cwru-fault-detection/data/mat_files/285.mat,12000,3,1730,fan,ball,0.007,BA_0
0.054761605455319266,0.9734035906686087,1.676260608378383,/home/lmres/storage/projects/cwru-fault-detection/data/mat_files/285.mat,12000,3,1730,fan,ball,0.007,BA_0
0.05474608150332134,0.9744071004702374,1.670430737101083,/home/lmres/storage/projects/cwru-fault-detection/data/mat_files/285.mat,12000,3,1730,fan,ball,0.007,BA_0
0.05472742713024746,0.9739974227404777,1.674901511985833,/home/lmres/storage/projects/cwru-fault-detection/data/mat_files/285.mat,12000,3,1730,fan,ball,0.007,BA_0
0.054702284297846994,0.974202395908697,1.6733895753515238,/home/lmres/storage/projects/cwru-fault-detection/data/mat_files/285.mat,12000,3,1730,fan,ball,0.007,BA_0
0.05476565460737596,0.9742607595374375,1.676490373263928,/home/lmres/storage/projects/cwru-fault-detection/data/mat_files/285.mat,12000,3,1730,fan,ball,0.007,BA_0
0.054769198422242635,0.973343650301325,1.6727829068985933,/home/lmres/storage/projects/cwru-fault-detection/data/mat_files/285.mat,12000,3,1730,fan,ball,0.007,BA_0
0.007435950645482551,0.5366635579055896,3.0744889523562104,/home/lmres/storage/projects/cwru-fault-detection/data/mat_files/285.mat,12000,3,1730,fan,ball,0.007,DE_0
0.007248361076556899,0.5157947939650508,3.249413388191658,/home/lmres/storage/projects/cwru-fault-detection/data/mat_files/285.mat,12000,3,1730,fan,ball,0.007,DE_0
0.008386101499945346,0.5947279719411335,4.5246841473244634,/home/lmres/storage/projects/cwru-fault-detection/data/mat_files/285.mat,12000,3,1730,fan,ball,0.007,DE_0
0.007846671541450445,0.561412735805102,3.9709345939371055,/home/lmres/storage/projects/cwru-fault-detection/data/mat_files/285.mat,12000,3,1730,fan,ball,0.007,DE_0
0.007700741425060052,0.5455582392321036,3.336232463070259,/home/lmres/storage/projects/cwru-fault-detection/data/mat_files/285.mat,12000,3,1730,fan,ball,0.007,DE_0
0.00846349239799173,0.6087600606628258,6.727432083610685,/home/lmres/storage/projects/cwru-fault-detection/data/mat_files/285.mat,12000,3,1730,fan,ball,0.007,DE_0
0.008444743466804657,0.589010385106788,4.492203513744044,/home/lmres/storage/projects/cwru-fault-detection/data/mat_files/285.mat,12000,3,1730,fan,ball,0.007,DE_0
0.00867455761466111,0.6211552012500822,5.693183897158874,/home/lmres/storage/projects/cwru-fault-detection/data/mat_files/285.mat,12000,3,1730,fan,ball,0.007,DE_0
0.009271262104322466,0.6337376571006557,6.980510491371125,/home/lmres/storage/projects/cwru-fault-detection/data/mat_files/285.mat,12000,3,1730,fan,ball,0.007,DE_0
0.011155651021933189,0.7013508530162529,10.505489685942063,/home/lmres/storage/projects/cwru-fault-detection/data/mat_files/285.mat,12000,3,1730,fan,ball,0.007,DE_0
0.01663910207236512,0.5828891536995415,4.078543591209072,/home/lmres/storage/projects/cwru-fault-detection/data/mat_files/285.mat,12000,3,1730,fan,ball,0.007,FE_0
0.012283439550809357,0.44193132097597126,3.029969565822118,/home/lmres/storage/projects/cwru-fault-detection/data/mat_files/285.mat,12000,3,1730,fan,ball,0.007,FE_0
0.012442616561477531,0.45226451040529014,3.042184514770534,/home/lmres/storage/projects/cwru-fault-detection/data/mat_files/285.mat,12000,3,1730,fan,ball,0.007,FE_0
0.011830196401516167,0.4347587404338249,2.9657562453041337,/home/lmres/storage/projects/cwru-fault-detection/data/mat_files/285.mat,12000,3,1730,fan,ball,0.007,FE_0
0.012910785916647398,0.46998048356018884,4.298105131985905,/home/lmres/storage/projects/cwru-fault-detection/data/mat_files/285.mat,12000,3,1730,fan,ball,0.007,FE_0
0.01854412850323747,0.6432205324123323,55.67370064322703,/home/lmres/storage/projects/cwru-fault-detection/data/mat_files/285.mat,12000,3,1730,fan,ball,0.007,FE_0
0.01324576366732486,0.48059535857813696,3.3599173180021777,/home/lmres/storage/projects/cwru-fault-detection/data/mat_files/285.mat,12000,3,1730,fan,ball,0.007,FE_0
0.012100364138595358,0.4563460531462424,3.056949966707228,/home/lmres/storage/projects/cwru-fault-detection/data/mat_files/285.mat,12000,3,1730,fan,ball,0.007,FE_0
0.012276954070205723,0.46184430956989164,3.058213261108887,/home/lmres/storage/projects/cwru-fault-detection/data/mat_files/285.mat,12000,3,1730,fan,ball,0.007,FE_0
0.012124550100939923,0.45553089632342125,3.1495843899084663,/home/lmres/storage/projects/cwru-fault-detection/data/mat_files/285.mat,12000,3,1730,fan,ball,0.007,FE_0
0.08720784178263527,0.9868842420742824,1.6759539081998103,/home/lmres/storage/projects/cwru-fault-detection/data/mat_files/286.mat,12000,0,1797,fan,ball,0.014,BA_0
0.08713214698531555,0.9851891378749231,1.6834600812427178,/home/lmres/storage/projects/cwru-fault-detection/data/mat_files/286.mat,12000,0,1797,fan,ball,0.014,BA_0
0.08583004416886676,0.9824637325490484,1.7015671201360238,/home/lmres/storage/projects/cwru-fault-detection/data/mat_files/286.mat,12000,0,1797,fan,ball,0.014,BA_0
0.08647209074184863,0.986579918952384,1.6778709238814933,/home/lmres/storage/projects/cwru-fault-detection/data/mat_files/286.mat,12000,0,1797,fan,ball,0.014,BA_0
0.08784758594996409,0.9853143662004179,1.6842755538054144,/home/lmres/storage/projects/cwru-fault-detection/data/mat_files/286.mat,12000,0,1797,fan,ball,0.014,BA_0
0.08820882558475056,0.9868548004340618,1.6789796056657103,/home/lmres/storage/projects/cwru-fault-detection/data/mat_files/286.mat,12000,0,1797,fan,ball,0.014,BA_0
0.08882057425047522,0.9882993439431589,1.6670195846263938,/home/lmres/storage/projects/cwru-fault-detection/data/mat_files/286.mat,12000,0,1797,fan,ball,0.014,BA_0
0.09021745266112978,0.9893989432838707,1.6655159521162937,/home/lmres/storage/projects/cwru-fault-detection/data/mat_files/286.mat,12000,0,1797,fan,ball,0.014,BA_0
0.08861861752378142,0.9853186878906242,1.6813970983515576,/home/lmres/storage/projects/cwru-fault-detection/data/mat_files/286.mat,12000,0,1797,fan,ball,0.014,BA_0
0.08893041629184882,0.9867566176475009,1.6778205522141072,/home/lmres/storage/projects/cwru-fault-detection/data/mat_files/286.mat,12000,0,1797,fan,ball,0.014,BA_0
0.019051341475657926,0.8813231211719234,11.100100210067987,/home/lmres/storage/projects/cwru-fault-detection/data/mat_files/286.mat,12000,0,1797,fan,ball,0.014,DE_0
0.03062435189992821,0.9112857425267294,8.680203290028587,/home/lmres/storage/projects/cwru-fault-detection/data/mat_files/286.mat,12000,0,1797,fan,ball,0.014,DE_0
0.02876604771563931,0.8822332319985252,11.093453852257971,/home/lmres/storage/projects/cwru-fault-detection/data/mat_files/286.mat,12000,0,1797,fan,ball,0.014,DE_0
0.026520013932734107,0.9036242404186471,9.967543616266036,/home/lmres/storage/projects/cwru-fault-detection/data/mat_files/286.mat,12000,0,1797,fan,ball,0.014,DE_0
0.023473562064642527,0.8786411433401476,11.743245029595425,/home/lmres/storage/projects/cwru-fault-detection/data/mat_files/286.mat,12000,0,1797,fan,ball,0.014,DE_0
0.01958100701166743,0.8548377455013008,12.987690925910986,/home/lmres/storage/projects/cwru-fault-detection/data/mat_files/286.mat,12000,0,1797,fan,ball,0.014,DE_0
0.017636964776432652,0.8529180538471455,11.16940308124374,/home/lmres/storage/projects/cwru-fault-detection/data/mat_files/286.mat,12000,0,1797,fan,ball,0.014,DE_0
0.009120853731189496,0.7642354813642377,4.228308823417635,/home/lmres/storage/projects/cwru-fault-detection/data/mat_files/286.mat,12000,0,1797,fan,ball,0.014,DE_0
0.02041185775351636,0.8641812535924521,11.55149020438874,/home/lmres/storage/projects/cwru-fault-detection/data/mat_files/286.mat,12000,0,1797,fan,ball,0.014,DE_0
0.024523172358547726,0.8832285453227223,10.094361402917613,/home/lmres/storage/projects/cwru-fault-detection/data/mat_files/286.mat,12000,0,1797,fan,ball,0.014,DE_0
0.04017763771744224,0.8722374075229254,10.933092727777847,/home/lmres/storage/projects/cwru-fault-detection/data/mat_files/286.mat,12000,0,1797,fan,ball,0.014,FE_0
0.06269093762894756,0.8943151760313306,11.085194814120644,/home/lmres/storage/projects/cwru-fault-detection/data/mat_files/286.mat,12000,0,1797,fan,ball,0.014,FE_0
0.07778806411875852,0.8718400701634739,11.567597238365428,/home/lmres/storage/projects/cwru-fault-detection/data/mat_files/286.mat,12000,0,1797,fan,ball,0.014,FE_0
0.05693755959722003,0.8928076637231778,8.923609571804432,/home/lmres/storage/projects/cwru-fault-detection/data/mat_files/286.mat,12000,0,1797,fan,ball,0.014,FE_0
0.05499537480358183,0.884575982319861,14.36962731251169,/home/lmres/storage/projects/cwru-fault-detection/data/mat_files/286.mat,12000,0,1797,fan,ball,0.014,FE_0
0.0517596778515749,0.8855223606635197,26.238350195028623,/home/lmres/storage/projects/cwru-fault-detection/data/mat_files/286.mat,12000,0,1797,fan,ball,0.014,FE_0
0.04385886307256565,0.861990581288982,21.6906687737213,/home/lmres/storage/projects/cwru-fault-detection/data/mat_files/286.mat,12000,0,1797,fan,ball,0.014,FE_0
0.02188973163282454,0.722094380642899,6.2346782626558825,/home/lmres/storage/projects/cwru-fault-detection/data/mat_files/286.mat,12000,0,1797,fan,ball,0.014,FE_0
0.05063825705159064,0.8701811711266839,17.373406532386632,/home/lmres/storage/projects/cwru-fault-detection/data/mat_files/286.mat,12000,0,1797,fan,ball,0.014,FE_0
0.05477621730511934,0.8878296156657189,14.985979368078068,/home/lmres/storage/projects/cwru-fault-detection/data/mat_files/286.mat,12000,0,1797,fan,ball,0.014,FE_0
0.2013215743385126,0.9959209374309774,1.604567652136511,/home/lmres/storage/projects/cwru-fault-detection/data/mat_files/287.mat,12000,1,1772,fan,ball,0.014,BA_0
0.1996426960116111,0.9965748211684764,1.6097297389274399,/home/lmres/storage/projects/cwru-fault-detection/data/mat_files/287.mat,12000,1,1772,fan,ball,0.014,BA_0
0.19808623419784832,0.996438503940215,1.5823929994973929,/home/lmres/storage/projects/cwru-fault-detection/data/mat_files/287.mat,12000,1,1772,fan,ball,0.014,BA_0
0.20183052180395628,0.9956981598626766,1.6132178168738596,/home/lmres/storage/projects/cwru-fault-detection/data/mat_files/287.mat,12000,1,1772,fan,ball,0.014,BA_0
0.20112633124397622,0.9965255531918769,1.5978976546921488,/home/lmres/storage/projects/cwru-fault-detection/data/mat_files/287.mat,12000,1,1772,fan,ball,0.014,BA_0
0.20186517081452499,0.9960254295112915,1.5920571459428552,/home/lmres/storage/projects/cwru-fault-detection/data/mat_files/287.mat,12000,1,1772,fan,ball,0.014,BA_0
0.2034524245899849,0.9956349174965069,1.5983007796079158,/home/lmres/storage/projects/cwru-fault-detection/data/mat_files/287.mat,12000,1,1772,fan,ball,0.014,BA_0
0.20359066105885082,0.9955495618933243,1.6102167287425464,/home/lmres/storage/projects/cwru-fault-detection/data/mat_files/287.mat,12000,1,1772,fan,ball,0.014,BA_0
0.2037151536514832,0.9965661273128371,1.579011198074858,/home/lmres/storage/projects/cwru-fault-detection/data/mat_files/287.mat,12000,1,1772,fan,ball,0.014,BA_0
0.2054743734842638,0.9958725545402944,1.5796661840655426,/home/lmres/storage/projects/cwru-fault-detection/data/mat_files/287.mat,12000,1,1772,fan,ball,0.014,BA_0
0.02053163924434275,0.9154360971791119,10.366105856880306,/home/lmres/storage/projects/cwru-fault-detection/data/mat_files/287.mat,12000,1,1772,fan,ball,0.014,DE_0
0.00968805405617017,0.832659324052886,3.472649370957227,/home/lmres/storage/projects/cwru-fault-detection/data/mat_files/287.mat,12000,1,1772,fan,ball,0.014,DE_0
0.015434864035391724,0.8922861959305602,18.138796214253944,/home/lmres/storage/projects/cwru-fault-detection/data/mat_files/287.mat,12000,1,1772,fan,ball,0.014,DE_0
0.023960593739890096,0.9223280037758566,12.141126086800611,/home/lmres/storage/projects/cwru-fault-detection/data/mat_files/287.mat,12000,1,1772,fan,ball,0.014,DE_0
0.008235194350877474,0.8056961996471498,3.566908554853446,/home/lmres/storage/projects/cwru-fault-detection/data/mat_files/287.mat,12000,1,1772,fan,ball,0.014,DE_0
0.014737717923230795,0.8836288708230353,16.3576723900753,/home/lmres/storage/projects/cwru-fault-detection/data/mat_files/287.mat,12000,1,1772,fan,ball,0.014,DE_0
0.023697915300514603,0.9169002415844729,9.971535034784356,/home/lmres/storage/projects/cwru-fault-detection/data/mat_files/287.mat,12000,1,1772,fan,ball,0.014,DE_0
0.021317188021170507,0.9080237184232651,12.27205950503396,/home/lmres/storage/projects/cwru-fault-detection/data/mat_files/287.mat,12000,1,1772,fan,ball,0.014,DE_0
0.009845630944504163,0.8426108232544294,8.593517912160614,/home/lmres/storage/projects/cwru-fault-detection/data/mat_files/287.mat,12000,1,1772,fan,ball,0.014,DE_0
0.019414585648981613,0.903649215380282,9.274021239733726,/home/lmres/storage/projects/cwru-fault-detection/data/mat_files/287.mat,12000,1,1772,fan,ball,0.014,DE_0
0.04638331596267316,0.8905283866396773,13.58852928392537,/home/lmres/storage/projects/cwru-fault-detection/data/mat_files/287.mat,12000,1,1772,fan,ball,0.014,FE_0
0.017465870151841378,0.7409778810603169,5.564457414651061,/home/lmres/storage/projects/cwru-fault-detection/data/mat_files/287.mat,12000,1,1772,fan,ball,0.014,FE_0
0.021749163853259403,0.8314786568666478,21.849234915397233,/home/lmres/storage/projects/cwru-fault-detection/data/mat_files/287.mat,12000,1,1772,fan,ball,0.014,FE_0
0.05626134500202888,0.8924171710882153,18.316394240890816,/home/lmres/storage/projects/cwru-fault-detection/data/mat_files/287.mat,12000,1,1772,fan,ball,0.014,FE_0
0.015400680946740603,0.6705978890244942,6.187744815013409,/home/lmres/storage/projects/cwru-fault-detection/data/mat_files/287.mat,12000,1,1772,fan,ball,0.014,FE_0
0.029455762979834016,0.8663399091292125,51.72335508367502,/home/lmres/storage/projects/cwru-fault-detection/data/mat_files/287.mat,12000,1,1772,fan,ball,0.014,FE_0
0.06016032716935263,0.9083309808577972,21.289401418092798,/home/lmres/storage/projects/cwru-fault-detection/data/mat_files/287.mat,12000,1,1772,fan,ball,0.014,FE_0
0.0476466282831353,0.8837993579286638,18.57708375453728,/home/lmres/storage/projects/cwru-fault-detection/data/mat_files/287.mat,12000,1,1772,fan,ball,0.014,FE_0
0.01732857914533536,0.7606070637828997,15.77229513363878,/home/lmres/storage/projects/cwru-fault-detection/data/mat_files/287.mat,12000,1,1772,fan,ball,0.014,FE_0
0.04596784686341964,0.8921130938106404,13.292534773416882,/home/lmres/storage/projects/cwru-fault-detection/data/mat_files/287.mat,12000,1,1772,fan,ball,0.014,FE_0
0.3149116951057777,0.9967922109340879,1.5852062709064312,/home/lmres/storage/projects/cwru-fault-detection/data/mat_files/288.mat,12000,2,1750,fan,ball,0.014,BA_0
0.30818326181809896,0.9965539926646332,1.5810382921169635,/home/lmres/storage/projects/cwru-fault-detection/data/mat_files/288.mat,12000,2,1750,fan,ball,0.014,BA_0
0.31466945893113313,0.9966581652480301,1.588484459610892,/home/lmres/storage/projects/cwru-fault-detection/data/mat_files/288.mat,12000,2,1750,fan,ball,0.014,BA_0
0.3149759231030235,0.9966649214963375,1.582456553453322,/home/lmres/storage/projects/cwru-fault-detection/data/mat_files/288.mat,12000,2,1750,fan,ball,0.014,BA_0
0.31125967484984424,0.9966386004139561,1.588700931387745,/home/lmres/storage/projects/cwru-fault-detection/data/mat_files/288.mat,12000,2,1750,fan,ball,0.014,BA_0
0.3147199612068119,0.9966392471824704,1.585327256296507,/home/lmres/storage/projects/cwru-fault-detection/data/mat_files/288.mat,12000,2,1750,fan,ball,0.014,BA_0
0.3142474856617641,0.9966595187145938,1.5859959223514597,/home/lmres/storage/projects/cwru-fault-detection/data/mat_files/288.mat,12000,2,1750,fan,ball,0.014,BA_0
0.31383601514960485,0.9967044509211513,1.582052125182965,/home/lmres/storage/projects/cwru-fault-detection/data/mat_files/288.mat,12000,2,1750,fan,ball,0.014,BA_0
0.3186169127195748,0.9967867571781697,1.5811741011517657,/home/lmres/storage/projects/cwru-fault-detection/data/mat_files/288.mat,12000,2,1750,fan,ball,0.014,BA_0
0.31881046799815554,0.9967540879161947,1.5824120421842025,/home/lmres/storage/projects/cwru-fault-detection/data/mat_files/288.mat,12000,2,1750,fan,ball,0.014,BA_0
0.030435915080062718,0.9361170775524809,9.702259874350936,/home/lmres/storage/projects/cwru-fault-detection/data/mat_files/288.mat,12000,2,1750,fan,ball,0.014,DE_0
0.032304712056089084,0.9350713069852894,7.824098701949461,/home/lmres/storage/projects/cwru-fault-detection/data/mat_files/288.mat,12000,2,1750,fan,ball,0.014,DE_0
0.0442597329144308,0.9535601459069536,7.598194485966312,/home/lmres/storage/projects/cwru-fault-detection/data/mat_files/288.mat,12000,2,1750,fan,ball,0.014,DE_0
0.0490965794311318,0.9563632078142998,7.0930118737567565,/home/lmres/storage/projects/cwru-fault-detection/data/mat_files/288.mat,12000,2,1750,fan,ball,0.014,DE_0
0.05106561062242186,0.9578694944702842,7.909058986975651,/home/lmres/storage/projects/cwru-fault-detection/data/mat_files/288.mat,12000,2,1750,fan,ball,0.014,DE_0
0.05452219716734004,0.9618898862116126,7.134392457353133,/home/lmres/storage/projects/cwru-fault-detection/data/mat_files/288.mat,12000,2,1750,fan,ball,0.014,DE_0
0.053884422692958935,0.9609722718830952,7.658040603752398,/home/lmres/storage/projects/cwru-fault-detection/data/mat_files/288.mat,12000,2,1750,fan,ball,0.014,DE_0
0.049372718279425916,0.9591469372486972,7.933089211751101,/home/lmres/storage/projects/cwru-fault-detection/data/mat_files/288.mat,12000,2,1750,fan,ball,0.014,DE_0
0.042860112410884145,0.9532659216361393,7.987068446635776,/home/lmres/storage/projects/cwru-fault-detection/data/mat_files/288.mat,12000,2,1750,fan,ball,0.014,DE_0
0.03046447084405034,0.9325227055620109,9.407512305558836,/home/lmres/storage/projects/cwru-fault-detection/data/mat_files/288.mat,12000,2,1750,fan,ball,0.014,DE_0
0.05944181363084965,0.9033961642012578,10.7668695136305,/home/lmres/storage/projects/cwru-fault-detection/data/mat_files/288.mat,12000,2,1750,fan,ball,0.014,FE_0
0.066733432016038,0.9038074790848817,8.322650779143013,/home/lmres/storage/projects/cwru-fault-detection/data/mat_files/288.mat,12000,2,1750,fan,ball,0.014,FE_0
0.08338723171812253,0.9335862001705922,8.18169498270904,/home/lmres/storage/projects/cwru-fault-detection/data/mat_files/288.mat,12000,2,1750,fan,ball,0.014,FE_0
0.09242959588657208,0.9325392625136153,8.473675907500024,/home/lmres/storage/projects/cwru-fault-detection/data/mat_files/288.mat,12000,2,1750,fan,ball,0.014,FE_0
0.09518534392207079,0.9383743095233774,8.064943148822557,/home/lmres/storage/projects/cwru-fault-detection/data/mat_files/288.mat,12000,2,1750,fan,ball,0.014,FE_0
0.10307032568076617,0.9409757625421965,8.62015539709066,/home/lmres/storage/projects/cwru-fault-detection/data/mat_files/288.mat,12000,2,1750,fan,ball,0.014,FE_0
0.10225268999475308,0.9369360846855777,8.283966983581813,/home/lmres/storage/projects/cwru-fault-detection/data/mat_files/288.mat,12000,2,1750,fan,ball,0.014,FE_0
0.09080262783756664,0.933890059666245,8.42910631118967,/home/lmres/storage/projects/cwru-fault-detection/data/mat_files/288.mat,12000,2,1750,fan,ball,0.014,FE_0
0.08380254751877637,0.9298856216669505,9.5143922616236,/home/lmres/storage/projects/cwru-fault-detection/data/mat_files/288.mat,12000,2,1750,fan,ball,0.014,FE_0
0.07059142934213936,0.9162798602657818,14.305551653585146,/home/lmres/storage/projects/cwru-fault-detection/data/mat_files/288.mat,12000,2,1750,fan,ball,0.014,FE_0
0.4226427911563915,0.9957256760223987,1.5749233558391296,/home/lmres/storage/projects/cwru-fault-detection/data/mat_files/289.mat,12000,3,1730,fan,ball,0.014,BA_0
0.4250250615527384,0.9954550943053136,1.578047124888382,/home/lmres/storage/projects/cwru-fault-detection/data/mat_files/289.mat,12000,3,1730,fan,ball,0.014,BA_0
0.4275109753540786,0.9957410381732873,1.5723085853263572,/home/lmres/storage/projects/cwru-fault-detection/data/mat_files/289.mat,12000,3,1730,fan,ball,0.014,BA_0
0.4241954167308725,0.9956215026728711,1.5754375882258829,/home/lmres/storage/projects/cwru-fault-detection/data/mat_files/289.mat,12000,3,1730,fan,ball,0.014,BA_0
0.42582844925237184,0.9958521092622646,1.5752397895717698,/home/lmres/storage/projects/cwru-fault-detection/data/mat_files/289.mat,12000,3,1730,fan,ball,0.014,BA_0
0.43002891125815784,0.9960432561043829,1.5700294234615324,/home/lmres/storage/projects/cwru-fault-detection/data/mat_files/289.mat,12000,3,1730,fan,ball,0.014,BA_0
0.42776257826805975,0.995643514005712,1.5769554463584325,/home/lmres/storage/projects/cwru-fault-detection/data/mat_files/289.mat,12000,3,1730,fan,ball,0.014,BA_0
0.4303928959888785,0.9957257982782105,1.5722521252112427,/home/lmres/storage/projects/cwru-fault-detection/data/mat_files/289.mat,12000,3,1730,fan,ball,0.014,BA_0
0.4331205042643455,0.9958542432161188,1.5711952722590035,/home/lmres/storage/projects/cwru-fault-detection/data/mat_files/289.mat,12000,3,1730,fan,ball,0.014,BA_0
0.4366170970838704,0.996282711889865,1.5743791432985261,/home/lmres/storage/projects/cwru-fault-detection/data/mat_files/289.mat,12000,3,1730,fan,ball,0.014,BA_0
0.049217626242090605,0.9387035683488458,7.098640195217704,/home/lmres/storage/projects/cwru-fault-detection/data/mat_files/289.mat,12000,3,1730,fan,ball,0.014,DE_0
0.024472202418962606,0.8838625393971026,7.032615599744485,/home/lmres/storage/projects/cwru-fault-detection/data/mat_files/289.mat,12000,3,1730,fan,ball,0.014,DE_0
0.016998042684519557,0.8263951336381702,5.051581103518075,/home/lmres/storage/projects/cwru-fault-detection/data/mat_files/289.mat,12000,3,1730,fan,ball,0.014,DE_0
0.038421832459858314,0.9183474917631343,8.037323670494194,/home/lmres/storage/projects/cwru-fault-detection/data/mat_files/289.mat,12000,3,1730,fan,ball,0.014,DE_0
0.030037102926159635,0.9010395592336511,9.292486838385884,/home/lmres/storage/projects/cwru-fault-detection/data/mat_files/289.mat,12000,3,1730,fan,ball,0.014,DE_0
0.013533223581349004,0.7986728472419412,4.740068100116054,/home/lmres/storage/projects/cwru-fault-detection/data/mat_files/289.mat,12000,3,1730,fan,ball,0.014,DE_0
0.030010362915457663,0.9041333257460843,8.512749238662611,/home/lmres/storage/projects/cwru-fault-detection/data/mat_files/289.mat,12000,3,1730,fan,ball,0.014,DE_0
0.023467063465644537,0.8699117638517873,8.578121441561567,/home/lmres/storage/projects/cwru-fault-detection/data/mat_files/289.mat,12000,3,1730,fan,ball,0.014,DE_0
0.013657371859264595,0.7978074918192036,4.313835400339191,/home/lmres/storage/projects/cwru-fault-detection/data/mat_files/289.mat,12000,3,1730,fan,ball,0.014,DE_0
0.011992639667592985,0.7911892058463016,4.455298927616178,/home/lmres/storage/projects/cwru-fault-detection/data/mat_files/289.mat,12000,3,1730,fan,ball,0.014,DE_0
0.07714070394697857,0.9062366736943928,8.430268699575693,/home/lmres/storage/projects/cwru-fault-detection/data/mat_files/289.mat,12000,3,1730,fan,ball,0.014,FE_0
0.04456759784582617,0.8630587283444549,13.624433721241866,/home/lmres/storage/projects/cwru-fault-detection/data/mat_files/289.mat,12000,3,1730,fan,ball,0.014,FE_0
0.03121552425746023,0.8151064398638497,11.360981786320009,/home/lmres/storage/projects/cwru-fault-detection/data/mat_files/289.mat,12000,3,1730,fan,ball,0.014,FE_0
0.07467178851089014,0.8991281867488116,11.635532323941879,/home/lmres/storage/projects/cwru-fault-detection/data/mat_files/289.mat,12000,3,1730,fan,ball,0.014,FE_0
0.053226890445950005,0.8707650641586853,11.957377713630764,/home/lmres/storage/projects/cwru-fault-detection/data/mat_files/289.mat,12000,3,1730,fan,ball,0.014,FE_0
0.023387676940567415,0.784314200062062,9.345589816163328,/home/lmres/storage/projects/cwru-fault-detection/data/mat_files/289.mat,12000,3,1730,fan,ball,0.014,FE_0
0.05146724341591936,0.8725289825909874,11.211616667148176,/home/lmres/storage/projects/cwru-fault-detection/data/mat_files/289.mat,12000,3,1730,fan,ball,0.014,FE_0
0.04930700559527114,0.8741071573394619,13.574883394059457,/home/lmres/storage/projects/cwru-fault-detection/data/mat_files/289.mat,12000,3,1730,fan,ball,0.014,FE_0
0.023909990041451484,0.7932990384833568,9.028365308140154,/home/lmres/storage/projects/cwru-fault-detection/data/mat_files/289.mat,12000,3,1730,fan,ball,0.014,FE_0
0.01665820542920729,0.664512045091159,6.1459037780867,/home/lmres/storage/projects/cwru-fault-detection/data/mat_files/289.mat,12000,3,1730,fan,ball,0.014,FE_0
0.010491987976459583,0.9224428400247556,2.2340318733480924,/home/lmres/storage/projects/cwru-fault-detection/data/mat_files/290.mat,12000,0,1797,fan,ball,0.021,BA_0
0.010636945010413283,0.911569298630318,2.256804699858607,/home/lmres/storage/projects/cwru-fault-detection/data/mat_files/290.mat,12000,0,1797,fan,ball,0.021,BA_0
0.010696809784678173,0.909062412663238,2.243433735083229,/home/lmres/storage/projects/cwru-fault-detection/data/mat_files/290.mat,12000,0,1797,fan,ball,0.021,BA_0
0.01073078176058102,0.9098873221995971,2.263489334227402,/home/lmres/storage/projects/cwru-fault-detection/data/mat_files/290.mat,12000,0,1797,fan,ball,0.021,BA_0
0.010573215415807292,0.917883906842441,2.2356634491038845,/home/lmres/storage/projects/cwru-fault-detection/data/mat_files/290.mat,12000,0,1797,fan,ball,0.021,BA_0
0.01065700556750533,0.9122079050175602,2.258025712818763,/home/lmres/storage/projects/cwru-fault-detection/data/mat_files/290.mat,12000,0,1797,fan,ball,0.021,BA_0
0.010742811153374719,0.9078041819361043,2.2526622121948163,/home/lmres/storage/projects/cwru-fault-detection/data/mat_files/290.mat,12000,0,1797,fan,ball,0.021,BA_0
0.010613582173864905,0.9174376805040287,2.234603902107628,/home/lmres/storage/projects/cwru-fault-detection/data/mat_files/290.mat,12000,0,1797,fan,ball,0.021,BA_0
0.01063774601818479,0.9184005657883952,2.2367190471488825,/home/lmres/storage/projects/cwru-fault-detection/data/mat_files/290.mat,12000,0,1797,fan,ball,0.021,BA_0
0.010696388361323009,0.909501213061962,2.252779189101294,/home/lmres/storage/projects/cwru-fault-detection/data/mat_files/290.mat,12000,0,1797,fan,ball,0.021,BA_0
0.009240124009320524,0.7632906981403269,3.3722233880611525,/home/lmres/storage/projects/cwru-fault-detection/data/mat_files/290.mat,12000,0,1797,fan,ball,0.021,DE_0
0.0095507329814462,0.7536999662077158,3.1766709575653436,/home/lmres/storage/projects/cwru-fault-detection/data/mat_files/290.mat,12000,0,1797,fan,ball,0.021,DE_0
0.00981355304872595,0.7094143073461782,3.13662344582083,/home/lmres/storage/projects/cwru-fault-detection/data/mat_files/290.mat,12000,0,1797,fan,ball,0.021,DE_0
0.01017595515029906,0.7159550565753142,3.9383548883118897,/home/lmres/storage/projects/cwru-fault-detection/data/mat_files/290.mat,12000,0,1797,fan,ball,0.021,DE_0
0.010015007570064339,0.7533063135220295,3.7361239011849965,/home/lmres/storage/projects/cwru-fault-detection/data/mat_files/290.mat,12000,0,1797,fan,ball,0.021,DE_0
0.010497287990545875,0.7670577853122261,3.3359828397096165,/home/lmres/storage/projects/cwru-fault-detection/data/mat_files/290.mat,12000,0,1797,fan,ball,0.021,DE_0
0.011896653478662747,0.7550650293519143,4.212338178607986,/home/lmres/storage/projects/cwru-fault-detection/data/mat_files/290.mat,12000,0,1797,fan,ball,0.021,DE_0
0.009761935188276278,0.7206363865243551,3.1263905732534925,/home/lmres/storage/projects/cwru-fault-detection/data/mat_files/290.mat,12000,0,1797,fan,ball,0.021,DE_0
0.009775630081663217,0.7509730405595444,3.0996985362565534,/home/lmres/storage/projects/cwru-fault-detection/data/mat_files/290.mat,12000,0,1797,fan,ball,0.021,DE_0
0.009899582353485422,0.7615479576558672,3.063213674977151,/home/lmres/storage/projects/cwru-fault-detection/data/mat_files/290.mat,12000,0,1797,fan,ball,0.021,DE_0
0.022812120811162087,0.9085473596365116,12.921965040248804,/home/lmres/storage/projects/cwru-fault-detection/data/mat_files/290.mat,12000,0,1797,fan,ball,0.021,FE_0
0.016063644473214712,0.8465075366312854,3.3781331589504546,/home/lmres/storage/projects/cwru-fault-detection/data/mat_files/290.mat,12000,0,1797,fan,ball,0.021,FE_0
0.017368556536746644,0.8556524168103496,3.51536222866087,/home/lmres/storage/projects/cwru-fault-detection/data/mat_files/290.mat,12000,0,1797,fan,ball,0.021,FE_0
0.022459380623141484,0.8639925146899049,37.3151189546965,/home/lmres/storage/projects/cwru-fault-detection/data/mat_files/290.mat,12000,0,1797,fan,ball,0.021,FE_0
0.024484099411019287,0.8908969460495291,30.744664496285115,/home/lmres/storage/projects/cwru-fault-detection/data/mat_files/290.mat,12000,0,1797,fan,ball,0.021,FE_0
0.02527751002144446,0.896736979991187,29.88634908732769,/home/lmres/storage/projects/cwru-fault-detection/data/mat_files/290.mat,12000,0,1797,fan,ball,0.021,FE_0
0.03847891340708622,0.9302765663961746,23.430817696696277,/home/lmres/storage/projects/cwru-fault-detection/data/mat_files/290.mat,12000,0,1797,fan,ball,0.021,FE_0
0.016821222317397962,0.853412738897371,5.633682231707987,/home/lmres/storage/projects/cwru-fault-detection/data/mat_files/290.mat,12000,0,1797,fan,ball,0.021,FE_0
0.01871119255873054,0.8768682089625349,4.415517746148435,/home/lmres/storage/projects/cwru-fault-detection/data/mat_files/290.mat,12000,0,1797,fan,ball,0.021,FE_0
0.019897809409389306,0.8711207998499504,5.576188825426393,/home/lmres/storage/projects/cwru-fault-detection/data/mat_files/290.mat,12000,0,1797,fan,ball,0.021,FE_0
0.020418933318608442,0.9486831239650079,1.821464010478263,/home/lmres/storage/projects/cwru-fault-detection/data/mat_files/291.mat,12000,1,1772,fan,ball,0.021,BA_0
0.020836126121917667,0.9494239115045114,1.810608229003616,/home/lmres/storage/projects/cwru-fault-detection/data/mat_files/291.mat,12000,1,1772,fan,ball,0.021,BA_0
0.020650423122373605,0.9472498299886123,1.8395956872434889,/home/lmres/storage/projects/cwru-fault-detection/data/mat_files/291.mat,12000,1,1772,fan,ball,0.021,BA_0
0.020407575474070613,0.9476439887414297,1.8288321309571292,/home/lmres/storage/projects/cwru-fault-detection/data/mat_files/291.mat,12000,1,1772,fan,ball,0.021,BA_0
0.020722409080566186,0.9489703812279017,1.8199793289303798,/home/lmres/storage/projects/cwru-fault-detection/data/mat_files/291.mat,12000,1,1772,fan,ball,0.021,BA_0
0.020631121332932992,0.9493382744110831,1.8210296655904679,/home/lmres/storage/projects/cwru-fault-detection/data/mat_files/291.mat,12000,1,1772,fan,ball,0.021,BA_0
0.020415366183394255,0.948082272783119,1.821008500546605,/home/lmres/storage/projects/cwru-fault-detection/data/mat_files/291.mat,12000,1,1772,fan,ball,0.021,BA_0
0.020657584315141583,0.948752345701641,1.8253155594914994,/home/lmres/storage/projects/cwru-fault-detection/data/mat_files/291.mat,12000,1,1772,fan,ball,0.021,BA_0
0.02072417878933189,0.9503719035975342,1.815513466164168,/home/lmres/storage/projects/cwru-fault-detection/data/mat_files/291.mat,12000,1,1772,fan,ball,0.021,BA_0
0.020319151357122367,0.950145159494529,1.8292929767644897,/home/lmres/storage/projects/cwru-fault-detection/data/mat_files/291.mat,12000,1,1772,fan,ball,0.021,BA_0
0.010029348322974313,0.6259645817706477,3.105808200602854,/home/lmres/storage/projects/cwru-fault-detection/data/mat_files/291.mat,12000,1,1772,fan,ball,0.021,DE_0
0.010041324222446246,0.6326213962874229,3.1646450019772296,/home/lmres/storage/projects/cwru-fault-detection/data/mat_files/291.mat,12000,1,1772,fan,ball,0.021,DE_0
0.014072127486589021,0.7237612894865378,4.493906770404511,/home/lmres/storage/projects/cwru-fault-detection/data/mat_files/291.mat,12000,1,1772,fan,ball,0.021,DE_0
0.009857121453018756,0.6183447227600837,3.121320651701835,/home/lmres/storage/projects/cwru-fault-detection/data/mat_files/291.mat,12000,1,1772,fan,ball,0.021,DE_0
0.009814713996266398,0.624379918226896,3.0982673195672885,/home/lmres/storage/projects/cwru-fault-detection/data/mat_files/291.mat,12000,1,1772,fan,ball,0.021,DE_0
0.012382193800809797,0.7052184822394837,5.526004028403941,/home/lmres/storage/projects/cwru-fault-detection/data/mat_files/291.mat,12000,1,1772,fan,ball,0.021,DE_0
0.010736607390343144,0.6602407973490038,5.054003241207345,/home/lmres/storage/projects/cwru-fault-detection/data/mat_files/291.mat,12000,1,1772,fan,ball,0.021,DE_0
0.00898125839211587,0.5858379736027851,3.075504738466928,/home/lmres/storage/projects/cwru-fault-detection/data/mat_files/291.mat,12000,1,1772,fan,ball,0.021,DE_0
0.010101344688080896,0.6418960081341323,3.10942971326536,/home/lmres/storage/projects/cwru-fault-detection/data/mat_files/291.mat,12000,1,1772,fan,ball,0.021,DE_0
0.009978946942605463,0.6345702961595296,3.0696166998622956,/home/lmres/storage/projects/cwru-fault-detection/data/mat_files/291.mat,12000,1,1772,fan,ball,0.021,DE_0
0.015192877128398695,0.8408486949380953,3.050310679813026,/home/lmres/storage/projects/cwru-fault-detection/data/mat_files/291.mat,12000,1,1772,fan,ball,0.021,FE_0
0.0211768745964647,0.8823565544384221,6.506928280065539,/home/lmres/storage/projects/cwru-fault-detection/data/mat_files/291.mat,12000,1,1772,fan,ball,0.021,FE_0
0.056953792986714186,0.953632090028843,19.331834669903085,/home/lmres/storage/projects/cwru-fault-detection/data/mat_files/291.mat,12000,1,1772,fan,ball,0.021,FE_0
0.01990856150300838,0.8760258811747099,6.401057297145271,/home/lmres/storage/projects/cwru-fault-detection/data/mat_files/291.mat,12000,1,1772,fan,ball,0.021,FE_0
0.01723086368769734,0.8539257134099436,10.291179381326591,/home/lmres/storage/projects/cwru-fault-detection/data/mat_files/291.mat,12000,1,1772,fan,ball,0.021,FE_0
0.0494037974746305,0.9487567331096012,21.826120695867306,/home/lmres/storage/projects/cwru-fault-detection/data/mat_files/291.mat,12000,1,1772,fan,ball,0.021,FE_0
0.029902264642478363,0.9187142636578561,62.196110295114565,/home/lmres/storage/projects/cwru-fault-detection/data/mat_files/291.mat,12000,1,1772,fan,ball,0.021,FE_0
0.015002331210079274,0.8386806665000016,3.0752092912630364,/home/lmres/storage/projects/cwru-fault-detection/data/mat_files/291.mat,12000,1,1772,fan,ball,0.021,FE_0
0.021444604521461467,0.885010146165215,7.624721209390185,/home/lmres/storage/projects/cwru-fault-detection/data/mat_files/291.mat,12000,1,1772,fan,ball,0.021,FE_0
0.02331303579317353,0.8937922217327005,5.309120955019291,/home/lmres/storage/projects/cwru-fault-detection/data/mat_files/291.mat,12000,1,1772,fan,ball,0.021,FE_0
0.032329950655785804,0.9616568516917702,1.7187293723331867,/home/lmres/storage/projects/cwru-fault-detection/data/mat_files/292.mat,12000,2,1750,fan,ball,0.021,BA_0
0.031854340320944044,0.9607711904564689,1.7157575785042054,/home/lmres/storage/projects/cwru-fault-detection/data/mat_files/292.mat,12000,2,1750,fan,ball,0.021,BA_0
0.03208364687258722,0.9618407826062704,1.7247560667926876,/home/lmres/storage/projects/cwru-fault-detection/data/mat_files/292.mat,12000,2,1750,fan,ball,0.021,BA_0
0.03221732421513436,0.9628913238161848,1.7179824597774171,/home/lmres/storage/projects/cwru-fault-detection/data/mat_files/292.mat,12000,2,1750,fan,ball,0.021,BA_0
0.03176215746126878,0.9625145002161241,1.7176347653524584,/home/lmres/storage/projects/cwru-fault-detection/data/mat_files/292.mat,12000,2,1750,fan,ball,0.021,BA_0
0.03205516578130564,0.9633918481335594,1.7147750537072803,/home/lmres/storage/projects/cwru-fault-detection/data/mat_files/292.mat,12000,2,1750,fan,ball,0.021,BA_0
0.03223269738183648,0.9631360354570571,1.7362728841470614,/home/lmres/storage/projects/cwru-fault-detection/data/mat_files/292.mat,12000,2,1750,fan,ball,0.021,BA_0
0.03185302070730413,0.9630558842278284,1.7246419560947792,/home/lmres/storage/projects/cwru-fault-detection/data/mat_files/292.mat,12000,2,1750,fan,ball,0.021,BA_0
0.03217662789720858,0.9634075223778806,1.7153636561616843,/home/lmres/storage/projects/cwru-fault-detection/data/mat_files/292.mat,12000,2,1750,fan,ball,0.021,BA_0
0.03227201133770314,0.96333703304575,1.7119832795802536,/home/lmres/storage/projects/cwru-fault-detection/data/mat_files/292.mat,12000,2,1750,fan,ball,0.021,BA_0
0.010785312918791047,0.6047467701914512,3.4778051689937888,/home/lmres/storage/projects/cwru-fault-detection/data/mat_files/292.mat,12000,2,1750,fan,ball,0.021,DE_0
0.011400915109130123,0.6256698745351198,3.2303327026357787,/home/lmres/storage/projects/cwru-fault-detection/data/mat_files/292.mat,12000,2,1750,fan,ball,0.021,DE_0
0.012404657613510948,0.657141230647489,3.5453375027739122,/home/lmres/storage/projects/cwru-fault-detection/data/mat_files/292.mat,12000,2,1750,fan,ball,0.021,DE_0
0.010584430639599107,0.6131835504442433,3.075964667889682,/home/lmres/storage/projects/cwru-fault-detection/data/mat_files/292.mat,12000,2,1750,fan,ball,0.021,DE_0
0.011971694472669442,0.6509740518506872,3.55319989682612,/home/lmres/storage/projects/cwru-fault-detection/data/mat_files/292.mat,12000,2,1750,fan,ball,0.021,DE_0
0.011418417327777194,0.6342341909536222,4.424872648070545,/home/lmres/storage/projects/cwru-fault-detection/data/mat_files/292.mat,12000,2,1750,fan,ball,0.021,DE_0
0.011230196247914515,0.6272117626130389,3.3618574269047232,/home/lmres/storage/projects/cwru-fault-detection/data/mat_files/292.mat,12000,2,1750,fan,ball,0.021,DE_0
0.011173631277770468,0.6301326133948768,3.2331892696795745,/home/lmres/storage/projects/cwru-fault-detection/data/mat_files/292.mat,12000,2,1750,fan,ball,0.021,DE_0
0.012279019164330635,0.6522323705326688,3.3996980046689504,/home/lmres/storage/projects/cwru-fault-detection/data/mat_files/292.mat,12000,2,1750,fan,ball,0.021,DE_0
0.011367846944888788,0.6357705969127037,2.9695749517987884,/home/lmres/storage/projects/cwru-fault-detection/data/mat_files/292.mat,12000,2,1750,fan,ball,0.021,DE_0
0.02484672850849315,0.8934054684529267,11.137214477839173,/home/lmres/storage/projects/cwru-fault-detection/data/mat_files/292.mat,12000,2,1750,fan,ball,0.021,FE_0
0.03115239497704701,0.9080622723724241,9.61371085410721,/home/lmres/storage/projects/cwru-fault-detection/data/mat_files/292.mat,12000,2,1750,fan,ball,0.021,FE_0
0.03656170891838084,0.9267730274480194,6.633053787671633,/home/lmres/storage/projects/cwru-fault-detection/data/mat_files/292.mat,12000,2,1750,fan,ball,0.021,FE_0
0.020160091746853043,0.8688435155959433,3.5381837375756153,/home/lmres/storage/projects/cwru-fault-detection/data/mat_files/292.mat,12000,2,1750,fan,ball,0.021,FE_0
0.03486114079751618,0.9226193045382074,15.165653038721874,/home/lmres/storage/projects/cwru-fault-detection/data/mat_files/292.mat,12000,2,1750,fan,ball,0.021,FE_0
0.029135739574338574,0.9094961941481122,45.431165618281874,/home/lmres/storage/projects/cwru-fault-detection/data/mat_files/292.mat,12000,2,1750,fan,ball,0.021,FE_0
0.02568857587212979,0.8966889233407681,11.952887732817937,/home/lmres/storage/projects/cwru-fault-detection/data/mat_files/292.mat,12000,2,1750,fan,ball,0.021,FE_0
0.019739619024267588,0.8671907675504982,3.7018620389970858,/home/lmres/storage/projects/cwru-fault-detection/data/mat_files/292.mat,12000,2,1750,fan,ball,0.021,FE_0
0.03840025058459902,0.9245060826615578,10.285813712870732,/home/lmres/storage/projects/cwru-fault-detection/data/mat_files/292.mat,12000,2,1750,fan,ball,0.021,FE_0
0.02937093271495039,0.9118190637579884,5.071795498240783,/home/lmres/storage/projects/cwru-fault-detection/data/mat_files/292.mat,12000,2,1750,fan,ball,0.021,FE_0
0.04381961441417883,0.9611343899264926,1.7003513393565541,/home/lmres/storage/projects/cwru-fault-detection/data/mat_files/293.mat,12000,3,1730,fan,ball,0.021,BA_0
0.04382272240204158,0.9604857773366919,1.691843270434003,/home/lmres/storage/projects/cwru-fault-detection/data/mat_files/293.mat,12000,3,1730,fan,ball,0.021,BA_0
0.04382150226515331,0.9612114425982944,1.710553151817875,/home/lmres/storage/projects/cwru-fault-detection/data/mat_files/293.mat,12000,3,1730,fan,ball,0.021,BA_0
0.043752891123550755,0.961977244467162,1.6998926807655794,/home/lmres/storage/projects/cwru-fault-detection/data/mat_files/293.mat,12000,3,1730,fan,ball,0.021,BA_0
0.04388610780905228,0.9609307312564143,1.696777493765127,/home/lmres/storage/projects/cwru-fault-detection/data/mat_files/293.mat,12000,3,1730,fan,ball,0.021,BA_0
0.04385228785276602,0.9612088100194308,1.6958133630595387,/home/lmres/storage/projects/cwru-fault-detection/data/mat_files/293.mat,12000,3,1730,fan,ball,0.021,BA_0
0.0437904280926947,0.9615382462146047,1.7032311557286766,/home/lmres/storage/projects/cwru-fault-detection/data/mat_files/293.mat,12000,3,1730,fan,ball,0.021,BA_0
0.043821420763265485,0.9614421250128411,1.7068287416569974,/home/lmres/storage/projects/cwru-fault-detection/data/mat_files/293.mat,12000,3,1730,fan,ball,0.021,BA_0
0.04384703014300264,0.9623749003800188,1.6945836408631092,/home/lmres/storage/projects/cwru-fault-detection/data/mat_files/293.mat,12000,3,1730,fan,ball,0.021,BA_0
0.04387212669971282,0.9618689897295141,1.7036655612565936,/home/lmres/storage/projects/cwru-fault-detection/data/mat_files/293.mat,12000,3,1730,fan,ball,0.021,BA_0
0.012132703783211355,0.5513505719347443,3.2437248753086725,/home/lmres/storage/projects/cwru-fault-detection/data/mat_files/293.mat,12000,3,1730,fan,ball,0.021,DE_0
0.011920802218174823,0.5435783294497685,2.989256057901711,/home/lmres/storage/projects/cwru-fault-detection/data/mat_files/293.mat,12000,3,1730,fan,ball,0.021,DE_0
0.01430246083909931,0.6175629871385055,3.6683995290571785,/home/lmres/storage/projects/cwru-fault-detection/data/mat_files/293.mat,12000,3,1730,fan,ball,0.021,DE_0
0.012146070043791923,0.5493489498902446,3.1024532916480174,/home/lmres/storage/projects/cwru-fault-detection/data/mat_files/293.mat,12000,3,1730,fan,ball,0.021,DE_0
0.012614380477990392,0.5579836961115088,3.326874255554771,/home/lmres/storage/projects/cwru-fault-detection/data/mat_files/293.mat,12000,3,1730,fan,ball,0.021,DE_0
0.013046359232063227,0.5663784652080962,3.0864681834874497,/home/lmres/storage/projects/cwru-fault-detection/data/mat_files/293.mat,12000,3,1730,fan,ball,0.021,DE_0
0.012716236336880548,0.5649028947941507,3.055425952175839,/home/lmres/storage/projects/cwru-fault-detection/data/mat_files/293.mat,12000,3,1730,fan,ball,0.021,DE_0
0.012037091823961768,0.5361275198669914,3.1127939413942274,/home/lmres/storage/projects/cwru-fault-detection/data/mat_files/293.mat,12000,3,1730,fan,ball,0.021,DE_0
0.013327611760188304,0.5964680821669798,3.6192599783596813,/home/lmres/storage/projects/cwru-fault-detection/data/mat_files/293.mat,12000,3,1730,fan,ball,0.021,DE_0
0.012360101070807915,0.5518120178385455,3.02436501787152,/home/lmres/storage/projects/cwru-fault-detection/data/mat_files/293.mat,12000,3,1730,fan,ball,0.021,DE_0
0.025517049954659445,0.7964938038671553,3.8355786613427627,/home/lmres/storage/projects/cwru-fault-detection/data/mat_files/293.mat,12000,3,1730,fan,ball,0.021,FE_0
0.02471344466376652,0.7862888985216163,2.917225841259687,/home/lmres/storage/projects/cwru-fault-detection/data/mat_files/293.mat,12000,3,1730,fan,ball,0.021,FE_0
0.0496880247827218,0.890141038272229,11.934817659104745,/home/lmres/storage/projects/cwru-fault-detection/data/mat_files/293.mat,12000,3,1730,fan,ball,0.021,FE_0
0.029192055459727195,0.818912171509872,4.989846038237254,/home/lmres/storage/projects/cwru-fault-detection/data/mat_files/293.mat,12000,3,1730,fan,ball,0.021,FE_0
0.029122347944038347,0.8170047756344885,6.038083748055952,/home/lmres/storage/projects/cwru-fault-detection/data/mat_files/293.mat,12000,3,1730,fan,ball,0.021,FE_0
0.02908638123946183,0.812996326370087,5.970379013928974,/home/lmres/storage/projects/cwru-fault-detection/data/mat_files/293.mat,12000,3,1730,fan,ball,0.021,FE_0
0.023373505130139714,0.7763356980180717,2.9988166952414663,/home/lmres/storage/projects/cwru-fault-detection/data/mat_files/293.mat,12000,3,1730,fan,ball,0.021,FE_0
0.02440161734249776,0.7827024467956812,2.9803332008881847,/home/lmres/storage/projects/cwru-fault-detection/data/mat_files/293.mat,12000,3,1730,fan,ball,0.021,FE_0
0.03062187707568604,0.8261937019921639,7.461930431426713,/home/lmres/storage/projects/cwru-fault-detection/data/mat_files/293.mat,12000,3,1730,fan,ball,0.021,FE_0
0.026161619163844244,0.7996394943631492,8.264700325967528,/home/lmres/storage/projects/cwru-fault-detection/data/mat_files/293.mat,12000,3,1730,fan,ball,0.021,FE_0
0.007038484168758529,0.7657749714352866,2.897905322154678,/home/lmres/storage/projects/cwru-fault-detection/data/mat_files/294.mat,12000,0,1797,fan,outer_6,0.007,BA_0
0.0068030369762915556,0.7883199236016268,2.8370057122588235,/home/lmres/storage/projects/cwru-fault-detection/data/mat_files/294.mat,12000,0,1797,fan,outer_6,0.007,BA_0
0.006865664845137215,0.7814306556302256,2.8276996923148934,/home/lmres/storage/projects/cwru-fault-detection/data/mat_files/294.mat,12000,0,1797,fan,outer_6,0.007,BA_0
0.007046176968429879,0.758779823411108,2.896825288202563,/home/lmres/storage/projects/cwru-fault-detection/data/mat_files/294.mat,12000,0,1797,fan,outer_6,0.007,BA_0
0.007048115594260802,0.7621474939276659,2.847182345090287,/home/lmres/storage/projects/cwru-fault-detection/data/mat_files/294.mat,12000,0,1797,fan,outer_6,0.007,BA_0
0.006787068813183805,0.7901672139751946,2.813994567042781,/home/lmres/storage/projects/cwru-fault-detection/data/mat_files/294.mat,12000,0,1797,fan,outer_6,0.007,BA_0
0.006841008825508814,0.7882785662764099,2.8405709630669196,/home/lmres/storage/projects/cwru-fault-detection/data/mat_files/294.mat,12000,0,1797,fan,outer_6,0.007,BA_0
0.007062624071138808,0.7709463744146207,2.919524669924943,/home/lmres/storage/projects/cwru-fault-detection/data/mat_files/294.mat,12000,0,1797,fan,outer_6,0.007,BA_0
0.00702769341501921,0.7719462906414355,2.8412603626089283,/home/lmres/storage/projects/cwru-fault-detection/data/mat_files/294.mat,12000,0,1797,fan,outer_6,0.007,BA_0
0.006832139110022874,0.7952181072160116,2.808701810754844,/home/lmres/storage/projects/cwru-fault-detection/data/mat_files/294.mat,12000,0,1797,fan,outer_6,0.007,BA_0
0.024651094025995544,0.8043001099858952,6.3725989900117765,/home/lmres/storage/projects/cwru-fault-detection/data/mat_files/294.mat,12000,0,1797,fan,outer_6,0.007,DE_0
0.0228066820686909,0.7968123607136588,6.274985453041635,/home/lmres/storage/projects/cwru-fault-detection/data/mat_files/294.mat,12000,0,1797,fan,outer_6,0.007,DE_0
0.02417994262673665,0.7897381701934544,6.919171830328058,/home/lmres/storage/projects/cwru-fault-detection/data/mat_files/294.mat,12000,0,1797,fan,outer_6,0.007,DE_0
0.024320917878391045,0.7988070257677661,6.569372218287413,/home/lmres/storage/projects/cwru-fault-detection/data/mat_files/294.mat,12000,0,1797,fan,outer_6,0.007,DE_0
0.024266844018028203,0.8040226327361711,6.559595659700095,/home/lmres/storage/projects/cwru-fault-detection/data/mat_files/294.mat,12000,0,1797,fan,outer_6,0.007,DE_0
0.02273058622301724,0.789096319984813,6.555437176947667,/home/lmres/storage/projects/cwru-fault-detection/data/mat_files/294.mat,12000,0,1797,fan,outer_6,0.007,DE_0
0.023823560682948386,0.7897460582665117,6.531543186625656,/home/lmres/storage/projects/cwru-fault-detection/data/mat_files/294.mat,12000,0,1797,fan,outer_6,0.007,DE_0
0.024572359652190675,0.8005435795575374,6.037604535138202,/home/lmres/storage/projects/cwru-fault-detection/data/mat_files/294.mat,12000,0,1797,fan,outer_6,0.007,DE_0
0.024777903868495713,0.8087298537223961,6.459942274378207,/home/lmres/storage/projects/cwru-fault-detection/data/mat_files/294.mat,12000,0,1797,fan,outer_6,0.007,DE_0
0.022551352888437255,0.7788425495021162,6.367493555777961,/home/lmres/storage/projects/cwru-fault-detection/data/mat_files/294.mat,12000,0,1797,fan,outer_6,0.007,DE_0
0.19711838816042523,0.9202241794149484,11.60087801110645,/home/lmres/storage/projects/cwru-fault-detection/data/mat_files/294.mat,12000,0,1797,fan,outer_6,0.007,FE_0
0.1750590382847282,0.9195269618992747,11.64189629778163,/home/lmres/storage/projects/cwru-fault-detection/data/mat_files/294.mat,12000,0,1797,fan,outer_6,0.007,FE_0
0.1667264026522212,0.9205436635399613,13.099728044842974,/home/lmres/storage/projects/cwru-fault-detection/data/mat_files/294.mat,12000,0,1797,fan,outer_6,0.007,FE_0
0.18912702816181076,0.9162740288699247,12.6591464859869,/home/lmres/storage/projects/cwru-fault-detection/data/mat_files/294.mat,12000,0,1797,fan,outer_6,0.007,FE_0
0.1933402419860262,0.914682063053723,11.84030185577238,/home/lmres/storage/projects/cwru-fault-detection/data/mat_files/294.mat,12000,0,1797,fan,outer_6,0.007,FE_0
0.1621972007571932,0.9153782122648373,12.078743795406016,/home/lmres/storage/projects/cwru-fault-detection/data/mat_files/294.mat,12000,0,1797,fan,outer_6,0.007,FE_0
0.17102245195929924,0.9218099010524136,13.192363797415819,/home/lmres/storage/projects/cwru-fault-detection/data/mat_files/294.mat,12000,0,1797,fan,outer_6,0.007,FE_0
0.20337873019673153,0.9223167592496743,13.061526557398166,/home/lmres/storage/projects/cwru-fault-detection/data/mat_files/294.mat,12000,0,1797,fan,outer_6,0.007,FE_0
0.20037067853951596,0.9189643242300167,11.44777669695108,/home/lmres/storage/projects/cwru-fault-detection/data/mat_files/294.mat,12000,0,1797,fan,outer_6,0.007,FE_0
0.16824907626474667,0.919421468575665,12.061881939758464,/home/lmres/storage/projects/cwru-fault-detection/data/mat_files/294.mat,12000,0,1797,fan,outer_6,0.007,FE_0
0.01057391275268721,0.8951593284848776,2.081691645055662,/home/lmres/storage/projects/cwru-fault-detection/data/mat_files/295.mat,12000,1,1772,fan,outer_6,0.007,BA_0
0.010651249321691723,0.8926658612177247,2.0689366255584867,/home/lmres/storage/projects/cwru-fault-detection/data/mat_files/295.mat,12000,1,1772,fan,outer_6,0.007,BA_0
0.010807309437882471,0.8976201795012707,2.066033030405211,/home/lmres/storage/projects/cwru-fault-detection/data/mat_files/295.mat,12000,1,1772,fan,outer_6,0.007,BA_0
0.010649812851118306,0.8906323495590405,2.1098429834178276,/home/lmres/storage/projects/cwru-fault-detection/data/mat_files/295.mat,12000,1,1772,fan,outer_6,0.007,BA_0
0.01062824137134498,0.8954063106946594,2.089695496641267,/home/lmres/storage/projects/cwru-fault-detection/data/mat_files/295.mat,12000,1,1772,fan,outer_6,0.007,BA_0
0.010814492932447848,0.9006069586797748,2.0629858509154317,/home/lmres/storage/projects/cwru-fault-detection/data/mat_files/295.mat,12000,1,1772,fan,outer_6,0.007,BA_0
0.010670896281450131,0.8964527458407865,2.0768280854095695,/home/lmres/storage/projects/cwru-fault-detection/data/mat_files/295.mat,12000,1,1772,fan,outer_6,0.007,BA_0
0.010713271197941429,0.8968447567989608,2.082686500240067,/home/lmres/storage/projects/cwru-fault-detection/data/mat_files/295.mat,12000,1,1772,fan,outer_6,0.007,BA_0
0.010939651421244482,0.8978379671832692,2.0851192822760596,/home/lmres/storage/projects/cwru-fault-detection/data/mat_files/295.mat,12000,1,1772,fan,outer_6,0.007,BA_0
0.010723104005018082,0.8953870136378916,2.082935175951964,/home/lmres/storage/projects/cwru-fault-detection/data/mat_files/295.mat,12000,1,1772,fan,outer_6,0.007,BA_0
0.02082365941743611,0.8265837801629281,7.243997264067954,/home/lmres/storage/projects/cwru-fault-detection/data/mat_files/295.mat,12000,1,1772,fan,outer_6,0.007,DE_0
0.02098499549898074,0.8201128550022412,7.377117808245188,/home/lmres/storage/projects/cwru-fault-detection/data/mat_files/295.mat,12000,1,1772,fan,outer_6,0.007,DE_0
0.02243329576585545,0.827251941991212,8.180521910035061,/home/lmres/storage/projects/cwru-fault-detection/data/mat_files/295.mat,12000,1,1772,fan,outer_6,0.007,DE_0
0.02199260570833794,0.8280597638120746,7.362287421339995,/home/lmres/storage/projects/cwru-fault-detection/data/mat_files/295.mat,12000,1,1772,fan,outer_6,0.007,DE_0
0.021924657421087075,0.8334246801936127,8.049862782871582,/home/lmres/storage/projects/cwru-fault-detection/data/mat_files/295.mat,12000,1,1772,fan,outer_6,0.007,DE_0
0.021013712805080714,0.8180208423005867,7.68431841095699,/home/lmres/storage/projects/cwru-fault-detection/data/mat_files/295.mat,12000,1,1772,fan,outer_6,0.007,DE_0
0.021782771573193284,0.8184053056445614,7.563108202298945,/home/lmres/storage/projects/cwru-fault-detection/data/mat_files/295.mat,12000,1,1772,fan,outer_6,0.007,DE_0
0.020980143290151507,0.8234074872502415,8.062449928490341,/home/lmres/storage/projects/cwru-fault-detection/data/mat_files/295.mat,12000,1,1772,fan,outer_6,0.007,DE_0
0.019919216685931267,0.8162155391469065,7.422243876069521,/home/lmres/storage/projects/cwru-fault-detection/data/mat_files/295.mat,12000,1,1772,fan,outer_6,0.007,DE_0
0.021762217632432527,0.817519545111886,7.58308450467422,/home/lmres/storage/projects/cwru-fault-detection/data/mat_files/295.mat,12000,1,1772,fan,outer_6,0.007,DE_0
0.11783691834430218,0.9016954812578603,15.547635608550278,/home/lmres/storage/projects/cwru-fault-detection/data/mat_files/295.mat,12000,1,1772,fan,outer_6,0.007,FE_0
0.12284862281060398,0.9027866102023241,14.736045008559273,/home/lmres/storage/projects/cwru-fault-detection/data/mat_files/295.mat,12000,1,1772,fan,outer_6,0.007,FE_0
0.12627191388768358,0.897737218044044,14.165810324705863,/home/lmres/storage/projects/cwru-fault-detection/data/mat_files/295.mat,12000,1,1772,fan,outer_6,0.007,FE_0
0.1277608521556865,0.9115124727675042,15.425443345020437,/home/lmres/storage/projects/cwru-fault-detection/data/mat_files/295.mat,12000,1,1772,fan,outer_6,0.007,FE_0
0.1263595704070254,0.9024096915115759,14.801143521720546,/home/lmres/storage/projects/cwru-fault-detection/data/mat_files/295.mat,12000,1,1772,fan,outer_6,0.007,FE_0
0.12309071440197113,0.9006405642878671,15.20697568337641,/home/lmres/storage/projects/cwru-fault-detection/data/mat_files/295.mat,12000,1,1772,fan,outer_6,0.007,FE_0
0.12929452085656634,0.9089298343548435,15.523149787085295,/home/lmres/storage/projects/cwru-fault-detection/data/mat_files/295.mat,12000,1,1772,fan,outer_6,0.007,FE_0
0.12256753069502728,0.8981332835068794,15.810766938655732,/home/lmres/storage/projects/cwru-fault-detection/data/mat_files/295.mat,12000,1,1772,fan,outer_6,0.007,FE_0
0.12059174260874575,0.8997074599813033,15.231639517871784,/home/lmres/storage/projects/cwru-fault-detection/data/mat_files/295.mat,12000,1,1772,fan,outer_6,0.007,FE_0
0.12933603193623155,0.9054543685960426,15.068490053203764,/home/lmres/storage/projects/cwru-fault-detection/data/mat_files/295.mat,12000,1,1772,fan,outer_6,0.007,FE_0
0.016345354622366373,0.9269082779216706,1.910977637871797,/home/lmres/storage/projects/cwru-fault-detection/data/mat_files/296.mat,12000,2,1750,fan,outer_6,0.007,BA_0
0.016536827650626758,0.9281003474108385,1.9233765475982025,/home/lmres/storage/projects/cwru-fault-detection/data/mat_files/296.mat,12000,2,1750,fan,outer_6,0.007,BA_0
0.016406063875458402,0.9277715654686336,1.9169805125043209,/home/lmres/storage/projects/cwru-fault-detection/data/mat_files/296.mat,12000,2,1750,fan,outer_6,0.007,BA_0
0.016329594171848216,0.9301246555959384,1.8854142616344445,/home/lmres/storage/projects/cwru-fault-detection/data/mat_files/296.mat,12000,2,1750,fan,outer_6,0.007,BA_0
0.01658608185696892,0.9279823576218328,1.8493144146627165,/home/lmres/storage/projects/cwru-fault-detection/data/mat_files/296.mat,12000,2,1750,fan,outer_6,0.007,BA_0
0.016446448493949526,0.9263420625356001,1.8919980701088985,/home/lmres/storage/projects/cwru-fault-detection/data/mat_files/296.mat,12000,2,1750,fan,outer_6,0.007,BA_0
0.016458498256494935,0.9291723049770264,1.9451701053227144,/home/lmres/storage/projects/cwru-fault-detection/data/mat_files/296.mat,12000,2,1750,fan,outer_6,0.007,BA_0
0.016632695681195707,0.9290951966581703,1.8671045863374738,/home/lmres/storage/projects/cwru-fault-detection/data/mat_files/296.mat,12000,2,1750,fan,outer_6,0.007,BA_0
0.01644956809022954,0.9267751987808123,1.8946972058931937,/home/lmres/storage/projects/cwru-fault-detection/data/mat_files/296.mat,12000,2,1750,fan,outer_6,0.007,BA_0
0.01656549519532373,0.931379324574457,1.8708894638756568,/home/lmres/storage/projects/cwru-fault-detection/data/mat_files/296.mat,12000,2,1750,fan,outer_6,0.007,BA_0
0.02226784812043464,0.8205464749609919,8.37377879102783,/home/lmres/storage/projects/cwru-fault-detection/data/mat_files/296.mat,12000,2,1750,fan,outer_6,0.007,DE_0
0.02151233497380073,0.8041303964486815,7.197220083145883,/home/lmres/storage/projects/cwru-fault-detection/data/mat_files/296.mat,12000,2,1750,fan,outer_6,0.007,DE_0
0.021457425651172743,0.8131669016174425,7.410655943860279,/home/lmres/storage/projects/cwru-fault-detection/data/mat_files/296.mat,12000,2,1750,fan,outer_6,0.007,DE_0
0.022544993802681983,0.8097823400063043,8.26642789939986,/home/lmres/storage/projects/cwru-fault-detection/data/mat_files/296.mat,12000,2,1750,fan,outer_6,0.007,DE_0
0.02124378052322913,0.8006122092661306,7.44654996435271,/home/lmres/storage/projects/cwru-fault-detection/data/mat_files/296.mat,12000,2,1750,fan,outer_6,0.007,DE_0
0.0232051040952979,0.8264969261396755,8.324619797613398,/home/lmres/storage/projects/cwru-fault-detection/data/mat_files/296.mat,12000,2,1750,fan,outer_6,0.007,DE_0
0.022577092981948738,0.816394501290909,8.394023173995178,/home/lmres/storage/projects/cwru-fault-detection/data/mat_files/296.mat,12000,2,1750,fan,outer_6,0.007,DE_0
0.023638049553127365,0.8147870574464884,7.667513968477435,/home/lmres/storage/projects/cwru-fault-detection/data/mat_files/296.mat,12000,2,1750,fan,outer_6,0.007,DE_0
0.022409021227892872,0.8056788107153449,7.08468128945788,/home/lmres/storage/projects/cwru-fault-detection/data/mat_files/296.mat,12000,2,1750,fan,outer_6,0.007,DE_0
0.02194855348795271,0.8188843934060448,7.808913308412108,/home/lmres/storage/projects/cwru-fault-detection/data/mat_files/296.mat,12000,2,1750,fan,outer_6,0.007,DE_0
0.12056209093072008,0.907317607679051,15.234182336105476,/home/lmres/storage/projects/cwru-fault-detection/data/mat_files/296.mat,12000,2,1750,fan,outer_6,0.007,FE_0
0.1195485997530344,0.9120549185022432,16.435443109781147,/home/lmres/storage/projects/cwru-fault-detection/data/mat_files/296.mat,12000,2,1750,fan,outer_6,0.007,FE_0
0.13022455298837077,0.9129104783815237,14.890141584468758,/home/lmres/storage/projects/cwru-fault-detection/data/mat_files/296.mat,12000,2,1750,fan,outer_6,0.007,FE_0
0.11853200791736102,0.8986757372442167,15.59953787675881,/home/lmres/storage/projects/cwru-fault-detection/data/mat_files/296.mat,12000,2,1750,fan,outer_6,0.007,FE_0
0.11864893878233587,0.9058125518734685,15.313608349336052,/home/lmres/storage/projects/cwru-fault-detection/data/mat_files/296.mat,12000,2,1750,fan,outer_6,0.007,FE_0
0.1313949716587799,0.9215596667188861,15.870474320673416,/home/lmres/storage/projects/cwru-fault-detection/data/mat_files/296.mat,12000,2,1750,fan,outer_6,0.007,FE_0
0.1274493779595941,0.9131677597537224,16.0985208606247,/home/lmres/storage/projects/cwru-fault-detection/data/mat_files/296.mat,12000,2,1750,fan,outer_6,0.007,FE_0
0.11686233884841472,0.8957894127061767,16.463578056087023,/home/lmres/storage/projects/cwru-fault-detection/data/mat_files/296.mat,12000,2,1750,fan,outer_6,0.007,FE_0
0.12049651360950513,0.9066389544922203,15.988614258829626,/home/lmres/storage/projects/cwru-fault-detection/data/mat_files/296.mat,12000,2,1750,fan,outer_6,0.007,FE_0
0.13062391682563126,0.9205374214528957,15.552305274858966,/home/lmres/storage/projects/cwru-fault-detection/data/mat_files/296.mat,12000,2,1750,fan,outer_6,0.007,FE_0
0.02276457709263981,0.9243631073034758,1.858192187413097,/home/lmres/storage/projects/cwru-fault-detection/data/mat_files/297.mat,12000,3,1730,fan,outer_6,0.007,BA_0
0.022983771891338003,0.9204286759128383,1.870377129124034,/home/lmres/storage/projects/cwru-fault-detection/data/mat_files/297.mat,12000,3,1730,fan,outer_6,0.007,BA_0
0.0227606956812403,0.925006891255581,1.8610903374128192,/home/lmres/storage/projects/cwru-fault-detection/data/mat_files/297.mat,12000,3,1730,fan,outer_6,0.007,BA_0
0.022990105856324716,0.9230516953552396,1.8603354945145192,/home/lmres/storage/projects/cwru-fault-detection/data/mat_files/297.mat,12000,3,1730,fan,outer_6,0.007,BA_0
0.02294799037815575,0.9217730758158713,1.8652543447602876,/home/lmres/storage/projects/cwru-fault-detection/data/mat_files/297.mat,12000,3,1730,fan,outer_6,0.007,BA_0
0.02287837404304197,0.9220998023632276,1.85354702165093,/home/lmres/storage/projects/cwru-fault-detection/data/mat_files/297.mat,12000,3,1730,fan,outer_6,0.007,BA_0
0.023117468482591438,0.9218555778291744,1.8600675212602056,/home/lmres/storage/projects/cwru-fault-detection/data/mat_files/297.mat,12000,3,1730,fan,outer_6,0.007,BA_0
0.022997366389755133,0.9239557983192366,1.8618925733278833,/home/lmres/storage/projects/cwru-fault-detection/data/mat_files/297.mat,12000,3,1730,fan,outer_6,0.007,BA_0
0.02285856781016514,0.9242532318755035,1.857843611913603,/home/lmres/storage/projects/cwru-fault-detection/data/mat_files/297.mat,12000,3,1730,fan,outer_6,0.007,BA_0
0.02297519238592517,0.9251622583560961,1.8476584367252749,/home/lmres/storage/projects/cwru-fault-detection/data/mat_files/297.mat,12000,3,1730,fan,outer_6,0.007,BA_0
0.02356163795610787,0.805172411080904,8.664650696982106,/home/lmres/storage/projects/cwru-fault-detection/data/mat_files/297.mat,12000,3,1730,fan,outer_6,0.007,DE_0
0.024961290310404213,0.8080075161460422,8.015848716640404,/home/lmres/storage/projects/cwru-fault-detection/data/mat_files/297.mat,12000,3,1730,fan,outer_6,0.007,DE_0
0.023696101400237552,0.8010013097455084,8.220919671001369,/home/lmres/storage/projects/cwru-fault-detection/data/mat_files/297.mat,12000,3,1730,fan,outer_6,0.007,DE_0
0.02357455128773725,0.8050094674953353,7.463424693962137,/home/lmres/storage/projects/cwru-fault-detection/data/mat_files/297.mat,12000,3,1730,fan,outer_6,0.007,DE_0
0.022168715722442955,0.7801838671236364,8.207514369269147,/home/lmres/storage/projects/cwru-fault-detection/data/mat_files/297.mat,12000,3,1730,fan,outer_6,0.007,DE_0
0.023530319522857116,0.7942568425147207,7.542536727647871,/home/lmres/storage/projects/cwru-fault-detection/data/mat_files/297.mat,12000,3,1730,fan,outer_6,0.007,DE_0
0.023231685161177816,0.7880564298860371,7.79194610398782,/home/lmres/storage/projects/cwru-fault-detection/data/mat_files/297.mat,12000,3,1730,fan,outer_6,0.007,DE_0
0.022877182325319514,0.7873228008160843,8.007037855100588,/home/lmres/storage/projects/cwru-fault-detection/data/mat_files/297.mat,12000,3,1730,fan,outer_6,0.007,DE_0
0.02490063997905791,0.8063680705989602,7.645034952429938,/home/lmres/storage/projects/cwru-fault-detection/data/mat_files/297.mat,12000,3,1730,fan,outer_6,0.007,DE_0
0.024716113295372197,0.8005267315299263,8.202791669863867,/home/lmres/storage/projects/cwru-fault-detection/data/mat_files/297.mat,12000,3,1730,fan,outer_6,0.007,DE_0
0.12551766852895813,0.9049537419890844,14.253997329954467,/home/lmres/storage/projects/cwru-fault-detection/data/mat_files/297.mat,12000,3,1730,fan,outer_6,0.007,FE_0
0.12639025593146824,0.9053258827288717,15.222538121916598,/home/lmres/storage/projects/cwru-fault-detection/data/mat_files/297.mat,12000,3,1730,fan,outer_6,0.007,FE_0
0.12692338198825565,0.9089735158385288,15.331430146553112,/home/lmres/storage/projects/cwru-fault-detection/data/mat_files/297.mat,12000,3,1730,fan,outer_6,0.007,FE_0
0.1253057473082378,0.9074687089522758,15.604721604952518,/home/lmres/storage/projects/cwru-fault-detection/data/mat_files/297.mat,12000,3,1730,fan,outer_6,0.007,FE_0
0.12450267986368488,0.9003744016325096,15.049716518359205,/home/lmres/storage/projects/cwru-fault-detection/data/mat_files/297.mat,12000,3,1730,fan,outer_6,0.007,FE_0
0.12387076994077588,0.9034308718725466,15.919117313320672,/home/lmres/storage/projects/cwru-fault-detection/data/mat_files/297.mat,12000,3,1730,fan,outer_6,0.007,FE_0
0.12315028257780769,0.9026582487717357,15.79615711362781,/home/lmres/storage/projects/cwru-fault-detection/data/mat_files/297.mat,12000,3,1730,fan,outer_6,0.007,FE_0
0.12304722178678207,0.9024999007236264,15.545606776750041,/home/lmres/storage/projects/cwru-fault-detection/data/mat_files/297.mat,12000,3,1730,fan,outer_6,0.007,FE_0
0.12606245541385536,0.9028555829434534,15.254692125960522,/home/lmres/storage/projects/cwru-fault-detection/data/mat_files/297.mat,12000,3,1730,fan,outer_6,0.007,FE_0
0.12719806595247868,0.9043660489401266,15.505010671798408,/home/lmres/storage/projects/cwru-fault-detection/data/mat_files/297.mat,12000,3,1730,fan,outer_6,0.007,FE_0
0.015977709996577966,0.7980540129378352,2.3434118946421547,/home/lmres/storage/projects/cwru-fault-detection/data/mat_files/313.mat,12000,0,1797,fan,outer_6,0.014,BA_0
0.01596465257114488,0.7940776276356264,2.3492543729537894,/home/lmres/storage/projects/cwru-fault-detection/data/mat_files/313.mat,12000,0,1797,fan,outer_6,0.014,BA_0
0.016198257799096314,0.7886510771815166,2.3806675769451173,/home/lmres/storage/projects/cwru-fault-detection/data/mat_files/313.mat,12000,0,1797,fan,outer_6,0.014,BA_0
0.016084070474901267,0.7917047391096871,2.377320652015664,/home/lmres/storage/projects/cwru-fault-detection/data/mat_files/313.mat,12000,0,1797,fan,outer_6,0.014,BA_0
0.016071186735212094,0.7943859908639731,2.3426617269429775,/home/lmres/storage/projects/cwru-fault-detection/data/mat_files/313.mat,12000,0,1797,fan,outer_6,0.014,BA_0
0.01580664750971117,0.7905273873001644,2.3583183966301577,/home/lmres/storage/projects/cwru-fault-detection/data/mat_files/313.mat,12000,0,1797,fan,outer_6,0.014,BA_0
0.01603208154508843,0.789392876420334,2.3510276753984605,/home/lmres/storage/projects/cwru-fault-detection/data/mat_files/313.mat,12000,0,1797,fan,outer_6,0.014,BA_0
0.01603570549839556,0.7910345894520991,2.3679376140028925,/home/lmres/storage/projects/cwru-fault-detection/data/mat_files/313.mat,12000,0,1797,fan,outer_6,0.014,BA_0
0.016008516898497766,0.7918338265334363,2.3693947796500043,/home/lmres/storage/projects/cwru-fault-detection/data/mat_files/313.mat,12000,0,1797,fan,outer_6,0.014,BA_0
0.016052806825933543,0.7905331197805863,2.364582450732929,/home/lmres/storage/projects/cwru-fault-detection/data/mat_files/313.mat,12000,0,1797,fan,outer_6,0.014,BA_0
0.2884299840183742,0.9604595238272666,5.434929598068225,/home/lmres/storage/projects/cwru-fault-detection/data/mat_files/313.mat,12000,0,1797,fan,outer_6,0.014,DE_0
0.2918205130649067,0.9610177496387114,5.368576747864037,/home/lmres/storage/projects/cwru-fault-detection/data/mat_files/313.mat,12000,0,1797,fan,outer_6,0.014,DE_0
0.2918644554350284,0.9599239503721816,5.504527339901776,/home/lmres/storage/projects/cwru-fault-detection/data/mat_files/313.mat,12000,0,1797,fan,outer_6,0.014,DE_0
0.2870739855497296,0.9595625585154223,5.482048947931808,/home/lmres/storage/projects/cwru-fault-detection/data/mat_files/313.mat,12000,0,1797,fan,outer_6,0.014,DE_0
0.29312412467728194,0.960478183844606,5.52606274467564,/home/lmres/storage/projects/cwru-fault-detection/data/mat_files/313.mat,12000,0,1797,fan,outer_6,0.014,DE_0
0.29286208713536815,0.9594490960204562,5.449063750716034,/home/lmres/storage/projects/cwru-fault-detection/data/mat_files/313.mat,12000,0,1797,fan,outer_6,0.014,DE_0
0.2891518495543692,0.9585929061127688,5.594401386058272,/home/lmres/storage/projects/cwru-fault-detection/data/mat_files/313.mat,12000,0,1797,fan,outer_6,0.014,DE_0
0.2892771397275327,0.9587534263993555,5.518629921229696,/home/lmres/storage/projects/cwru-fault-detection/data/mat_files/313.mat,12000,0,1797,fan,outer_6,0.014,DE_0
0.2952749837488516,0.9598799952815752,5.466165430638383,/home/lmres/storage/projects/cwru-fault-detection/data/mat_files/313.mat,12000,0,1797,fan,outer_6,0.014,DE_0
0.2930480174903821,0.9589265911998753,5.513629185623379,/home/lmres/storage/projects/cwru-fault-detection/data/mat_files/313.mat,12000,0,1797,fan,outer_6,0.014,DE_0
0.912724169331001,0.7986444871303503,7.729404117684992,/home/lmres/storage/projects/cwru-fault-detection/data/mat_files/313.mat,12000,0,1797,fan,outer_6,0.014,FE_0
0.9193430422161215,0.8248217230539356,7.745873639974248,/home/lmres/storage/projects/cwru-fault-detection/data/mat_files/313.mat,12000,0,1797,fan,outer_6,0.014,FE_0
0.8948959437691884,0.8431513681347247,7.837827656023223,/home/lmres/storage/projects/cwru-fault-detection/data/mat_files/313.mat,12000,0,1797,fan,outer_6,0.014,FE_0
0.8790072900399456,0.8616837242097832,7.620800280599683,/home/lmres/storage/projects/cwru-fault-detection/data/mat_files/313.mat,12000,0,1797,fan,outer_6,0.014,FE_0
0.8957018452205674,0.8808135786863047,7.77363029146355,/home/lmres/storage/projects/cwru-fault-detection/data/mat_files/313.mat,12000,0,1797,fan,outer_6,0.014,FE_0
0.8956133190177389,0.8966038107852208,7.957364169573161,/home/lmres/storage/projects/cwru-fault-detection/data/mat_files/313.mat,12000,0,1797,fan,outer_6,0.014,FE_0
0.8678896171274401,0.9068484962068463,7.836978860295548,/home/lmres/storage/projects/cwru-fault-detection/data/mat_files/313.mat,12000,0,1797,fan,outer_6,0.014,FE_0
0.8649144581888143,0.9188922770310779,7.703631705347092,/home/lmres/storage/projects/cwru-fault-detection/data/mat_files/313.mat,12000,0,1797,fan,outer_6,0.014,FE_0
0.8944008241847636,0.9309917250002635,7.796981672517573,/home/lmres/storage/projects/cwru-fault-detection/data/mat_files/313.mat,12000,0,1797,fan,outer_6,0.014,FE_0
0.8835298626965532,0.9378787754785456,7.906592208100558,/home/lmres/storage/projects/cwru-fault-detection/data/mat_files/313.mat,12000,0,1797,fan,outer_6,0.014,FE_0
0.012409604665812075,0.5189310234570501,3.3288938788072495,/home/lmres/storage/projects/cwru-fault-detection/data/mat_files/315.mat,12000,0,1797,fan,outer_6,0.021,BA_0
0.012440221102854778,0.5201920400394133,3.2849193759380584,/home/lmres/storage/projects/cwru-fault-detection/data/mat_files/315.mat,12000,0,1797,fan,outer_6,0.021,BA_0
0.012463242030811292,0.519417181784681,3.4877070027601635,/home/lmres/storage/projects/cwru-fault-detection/data/mat_files/315.mat,12000,0,1797,fan,outer_6,0.021,BA_0
0.01215535563503883,0.5281414104573562,3.318440916241417,/home/lmres/storage/projects/cwru-fault-detection/data/mat_files/315.mat,12000,0,1797,fan,outer_6,0.021,BA_0
0.012353166047983994,0.5222892311228146,3.3566139509768367,/home/lmres/storage/projects/cwru-fault-detection/data/mat_files/315.mat,12000,0,1797,fan,outer_6,0.021,BA_0
0.012103306809509978,0.5376225551314195,3.3944094863961234,/home/lmres/storage/projects/cwru-fault-detection/data/mat_files/315.mat,12000,0,1797,fan,outer_6,0.021,BA_0
0.0121031049418166,0.5338033320301566,3.239107730790001,/home/lmres/storage/projects/cwru-fault-detection/data/mat_files/315.mat,12000,0,1797,fan,outer_6,0.021,BA_0
0.012058572460969443,0.5352515341651926,3.2523619654260147,/home/lmres/storage/projects/cwru-fault-detection/data/mat_files/315.mat,12000,0,1797,fan,outer_6,0.021,BA_0
0.011934500973512589,0.5449352102172873,3.318526038153812,/home/lmres/storage/projects/cwru-fault-detection/data/mat_files/315.mat,12000,0,1797,fan,outer_6,0.021,BA_0
0.011823473550704486,0.5418357344978317,3.185716174988996,/home/lmres/storage/projects/cwru-fault-detection/data/mat_files/315.mat,12000,0,1797,fan,outer_6,0.021,BA_0
0.14332335083842754,0.8317692050665606,5.575350932947323,/home/lmres/storage/projects/cwru-fault-detection/data/mat_files/315.mat,12000,0,1797,fan,outer_6,0.021,DE_0
0.14908641665302114,0.8458389792117709,5.8004648789267526,/home/lmres/storage/projects/cwru-fault-detection/data/mat_files/315.mat,12000,0,1797,fan,outer_6,0.021,DE_0
0.140649615873678,0.8341561258560687,5.874590924955329,/home/lmres/storage/projects/cwru-fault-detection/data/mat_files/315.mat,12000,0,1797,fan,outer_6,0.021,DE_0
0.14713030780554553,0.8407058509130698,5.656383098208381,/home/lmres/storage/projects/cwru-fault-detection/data/mat_files/315.mat,12000,0,1797,fan,outer_6,0.021,DE_0
0.15096202566189376,0.8472697350770414,5.880603651658806,/home/lmres/storage/projects/cwru-fault-detection/data/mat_files/315.mat,12000,0,1797,fan,outer_6,0.021,DE_0
0.13484700166926913,0.829851360262055,5.95821638578361,/home/lmres/storage/projects/cwru-fault-detection/data/mat_files/315.mat,12000,0,1797,fan,outer_6,0.021,DE_0
0.14530519909394984,0.8407909088673281,5.852094655470917,/home/lmres/storage/projects/cwru-fault-detection/data/mat_files/315.mat,12000,0,1797,fan,outer_6,0.021,DE_0
0.1324220158897203,0.8319813698138852,6.232794331475551,/home/lmres/storage/projects/cwru-fault-detection/data/mat_files/315.mat,12000,0,1797,fan,outer_6,0.021,DE_0
0.1330568254953756,0.8316396297070487,5.862915286371303,/home/lmres/storage/projects/cwru-fault-detection/data/mat_files/315.mat,12000,0,1797,fan,outer_6,0.021,DE_0
0.1425679889651271,0.8446612806605275,5.948488542119663,/home/lmres/storage/projects/cwru-fault-detection/data/mat_files/315.mat,12000,0,1797,fan,outer_6,0.021,DE_0
0.6837424004520936,0.7922472664524774,8.696930791677204,/home/lmres/storage/projects/cwru-fault-detection/data/mat_files/315.mat,12000,0,1797,fan,outer_6,0.021,FE_0
0.6816599556327484,0.7940007000583359,8.594358155179801,/home/lmres/storage/projects/cwru-fault-detection/data/mat_files/315.mat,12000,0,1797,fan,outer_6,0.021,FE_0
0.7136753216336962,0.7969604338364523,9.200277955895102,/home/lmres/storage/projects/cwru-fault-detection/data/mat_files/315.mat,12000,0,1797,fan,outer_6,0.021,FE_0
0.6782073629872449,0.7986918574043855,8.38552196824233,/home/lmres/storage/projects/cwru-fault-detection/data/mat_files/315.mat,12000,0,1797,fan,outer_6,0.021,FE_0
0.7141667873742943,0.8010903172713472,8.851113123302714,/home/lmres/storage/projects/cwru-fault-detection/data/mat_files/315.mat,12000,0,1797,fan,outer_6,0.021,FE_0
0.6673756460644799,0.7987231900319272,8.79839419465381,/home/lmres/storage/projects/cwru-fault-detection/data/mat_files/315.mat,12000,0,1797,fan,outer_6,0.021,FE_0
0.6739125312838654,0.7978800388150102,8.485439010306944,/home/lmres/storage/projects/cwru-fault-detection/data/mat_files/315.mat,12000,0,1797,fan,outer_6,0.021,FE_0
0.677269531216016,0.7959221710164216,9.121416508464728,/home/lmres/storage/projects/cwru-fault-detection/data/mat_files/315.mat,12000,0,1797,fan,outer_6,0.021,FE_0
0.6561329103147173,0.7969992988837059,8.937409431795853,/home/lmres/storage/projects/cwru-fault-detection/data/mat_files/315.mat,12000,0,1797,fan,outer_6,0.021,FE_0
0.6618198841381188,0.7958514534637104,8.637156038215126,/home/lmres/storage/projects/cwru-fault-detection/data/mat_files/315.mat,12000,0,1797,fan,outer_6,0.021,FE_0
0.007049832968757499,0.9156283394768552,2.531960771392682,/home/lmres/storage/projects/cwru-fault-detection/data/mat_files/298.mat,12000,0,1797,fan,outer_3,0.007,BA_0
0.007221226623955071,0.897296542035678,2.485383368134494,/home/lmres/storage/projects/cwru-fault-detection/data/mat_files/298.mat,12000,0,1797,fan,outer_3,0.007,BA_0
0.007303073123976522,0.8933382960071623,2.454335521389386,/home/lmres/storage/projects/cwru-fault-detection/data/mat_files/298.mat,12000,0,1797,fan,outer_3,0.007,BA_0
0.007063906533601195,0.9180177795210351,2.5991867616261213,/home/lmres/storage/projects/cwru-fault-detection/data/mat_files/298.mat,12000,0,1797,fan,outer_3,0.007,BA_0
0.007032178722618064,0.9206378803813846,2.5556334951400075,/home/lmres/storage/projects/cwru-fault-detection/data/mat_files/298.mat,12000,0,1797,fan,outer_3,0.007,BA_0
0.007162450234639003,0.8995288737142954,2.511538477408078,/home/lmres/storage/projects/cwru-fault-detection/data/mat_files/298.mat,12000,0,1797,fan,outer_3,0.007,BA_0
0.007175150700045573,0.9007649231924826,2.5189045102360903,/home/lmres/storage/projects/cwru-fault-detection/data/mat_files/298.mat,12000,0,1797,fan,outer_3,0.007,BA_0
0.007056671360930058,0.9204350728888557,2.53951474178053,/home/lmres/storage/projects/cwru-fault-detection/data/mat_files/298.mat,12000,0,1797,fan,outer_3,0.007,BA_0
0.007091359085860537,0.9174616408126925,2.538480430093008,/home/lmres/storage/projects/cwru-fault-detection/data/mat_files/298.mat,12000,0,1797,fan,outer_3,0.007,BA_0
0.007271733282500821,0.8924286373382635,2.522061318618153,/home/lmres/storage/projects/cwru-fault-detection/data/mat_files/298.mat,12000,0,1797,fan,outer_3,0.007,BA_0
0.007398272606377648,0.7757827321716088,3.1808438662509344,/home/lmres/storage/projects/cwru-fault-detection/data/mat_files/298.mat,12000,0,1797,fan,outer_3,0.007,DE_0
0.007423847741645967,0.7741468826481381,3.16990050590567,/home/lmres/storage/projects/cwru-fault-detection/data/mat_files/298.mat,12000,0,1797,fan,outer_3,0.007,DE_0
0.00750062792526594,0.7731723648422826,3.1129560342191875,/home/lmres/storage/projects/cwru-fault-detection/data/mat_files/298.mat,12000,0,1797,fan,outer_3,0.007,DE_0
0.007217952661840908,0.7797405121014316,3.230852227510077,/home/lmres/storage/projects/cwru-fault-detection/data/mat_files/298.mat,12000,0,1797,fan,outer_3,0.007,DE_0
0.00750114646309739,0.7664413929956927,3.3599115138002573,/home/lmres/storage/projects/cwru-fault-detection/data/mat_files/298.mat,12000,0,1797,fan,outer_3,0.007,DE_0
0.0074597520592744335,0.762796646443446,3.269709540394008,/home/lmres/storage/projects/cwru-fault-detection/data/mat_files/298.mat,12000,0,1797,fan,outer_3,0.007,DE_0
0.0074494250027611775,0.7735614608614024,3.17097522224276,/home/lmres/storage/projects/cwru-fault-detection/data/mat_files/298.mat,12000,0,1797,fan,outer_3,0.007,DE_0
0.007292828644447517,0.7792077117761096,3.3068253438028363,/home/lmres/storage/projects/cwru-fault-detection/data/mat_files/298.mat,12000,0,1797,fan,outer_3,0.007,DE_0
0.007560554060835752,0.776744014598507,3.291010990639079,/home/lmres/storage/projects/cwru-fault-detection/data/mat_files/298.mat,12000,0,1797,fan,outer_3,0.007,DE_0
0.007467259154272078,0.7573912236247358,3.326487779037774,/home/lmres/storage/projects/cwru-fault-detection/data/mat_files/298.mat,12000,0,1797,fan,outer_3,0.007,DE_0
0.009237176137410546,0.6942072400883313,3.054742882104802,/home/lmres/storage/projects/cwru-fault-detection/data/mat_files/298.mat,12000,0,1797,fan,outer_3,0.007,FE_0
0.00938349429891252,0.6333157841556245,3.062284413721346,/home/lmres/storage/projects/cwru-fault-detection/data/mat_files/298.mat,12000,0,1797,fan,outer_3,0.007,FE_0
0.009806054810862322,0.6438520746828039,3.115990095560568,/home/lmres/storage/projects/cwru-fault-detection/data/mat_files/298.mat,12000,0,1797,fan,outer_3,0.007,FE_0
0.009153847015584778,0.6946504540197284,2.952044088436099,/home/lmres/storage/projects/cwru-fault-detection/data/mat_files/298.mat,12000,0,1797,fan,outer_3,0.007,FE_0
0.009469474311397195,0.6786115149547365,3.0936719557613794,/home/lmres/storage/projects/cwru-fault-detection/data/mat_files/298.mat,12000,0,1797,fan,outer_3,0.007,FE_0
0.009812481311186115,0.6416719465014825,2.9943476983805373,/home/lmres/storage/projects/cwru-fault-detection/data/mat_files/298.mat,12000,0,1797,fan,outer_3,0.007,FE_0
0.009988011119624537,0.6653593838664853,3.141814519451103,/home/lmres/storage/projects/cwru-fault-detection/data/mat_files/298.mat,12000,0,1797,fan,outer_3,0.007,FE_0
0.009061351825004163,0.6817225724148477,3.0800185682009698,/home/lmres/storage/projects/cwru-fault-detection/data/mat_files/298.mat,12000,0,1797,fan,outer_3,0.007,FE_0
0.009986634659056094,0.6896749534488474,3.193482726093923,/home/lmres/storage/projects/cwru-fault-detection/data/mat_files/298.mat,12000,0,1797,fan,outer_3,0.007,FE_0
0.010438752422892664,0.6184968668151624,3.0796017234825936,/home/lmres/storage/projects/cwru-fault-detection/data/mat_files/298.mat,12000,0,1797,fan,outer_3,0.007,FE_0
0.01275835007433604,0.9475994190849606,1.9089270373901022,/home/lmres/storage/projects/cwru-fault-detection/data/mat_files/299.mat,12000,1,1772,fan,outer_3,0.007,BA_0
0.013021976562106118,0.9474917840139409,1.8965559625081474,/home/lmres/storage/projects/cwru-fault-detection/data/mat_files/299.mat,12000,1,1772,fan,outer_3,0.007,BA_0
0.013091667415362978,0.9471870442423751,1.8895879888899723,/home/lmres/storage/projects/cwru-fault-detection/data/mat_files/299.mat,12000,1,1772,fan,outer_3,0.007,BA_0
0.01281010304606221,0.9471263533439066,1.8899862574709303,/home/lmres/storage/projects/cwru-fault-detection/data/mat_files/299.mat,12000,1,1772,fan,outer_3,0.007,BA_0
0.013011266122294989,0.9429624225963928,1.9175392496582415,/home/lmres/storage/projects/cwru-fault-detection/data/mat_files/299.mat,12000,1,1772,fan,outer_3,0.007,BA_0
0.01318980840303774,0.9466385802762961,1.898847774279414,/home/lmres/storage/projects/cwru-fault-detection/data/mat_files/299.mat,12000,1,1772,fan,outer_3,0.007,BA_0
0.012855155212133311,0.9477436047734,1.933872712637169,/home/lmres/storage/projects/cwru-fault-detection/data/mat_files/299.mat,12000,1,1772,fan,outer_3,0.007,BA_0
0.013091487693810166,0.9443149661451374,1.9068562001542364,/home/lmres/storage/projects/cwru-fault-detection/data/mat_files/299.mat,12000,1,1772,fan,outer_3,0.007,BA_0
0.01331559712332464,0.9446268117128017,1.912796372783429,/home/lmres/storage/projects/cwru-fault-detection/data/mat_files/299.mat,12000,1,1772,fan,outer_3,0.007,BA_0
0.012964379121048879,0.9451515746837184,1.9363562395403224,/home/lmres/storage/projects/cwru-fault-detection/data/mat_files/299.mat,12000,1,1772,fan,outer_3,0.007,BA_0
0.008629118092432112,0.6603140390243482,3.240255986178333,/home/lmres/storage/projects/cwru-fault-detection/data/mat_files/299.mat,12000,1,1772,fan,outer_3,0.007,DE_0
0.00877405024725276,0.6340289559718923,3.2610675083660534,/home/lmres/storage/projects/cwru-fault-detection/data/mat_files/299.mat,12000,1,1772,fan,outer_3,0.007,DE_0
0.008953056452338556,0.6390789464040482,3.263865095946341,/home/lmres/storage/projects/cwru-fault-detection/data/mat_files/299.mat,12000,1,1772,fan,outer_3,0.007,DE_0
0.008250959092000168,0.6489145589674169,2.959625290035695,/home/lmres/storage/projects/cwru-fault-detection/data/mat_files/299.mat,12000,1,1772,fan,outer_3,0.007,DE_0
0.008671250832946837,0.637266029587582,3.150067295247667,/home/lmres/storage/projects/cwru-fault-detection/data/mat_files/299.mat,12000,1,1772,fan,outer_3,0.007,DE_0
0.00928228576014075,0.6552521999083409,3.018770802907479,/home/lmres/storage/projects/cwru-fault-detection/data/mat_files/299.mat,12000,1,1772,fan,outer_3,0.007,DE_0
0.008929642698856445,0.66177943627152,3.1773719086662333,/home/lmres/storage/projects/cwru-fault-detection/data/mat_files/299.mat,12000,1,1772,fan,outer_3,0.007,DE_0
0.00910877629981891,0.6721002538475302,3.273091924675981,/home/lmres/storage/projects/cwru-fault-detection/data/mat_files/299.mat,12000,1,1772,fan,outer_3,0.007,DE_0
0.008800280395821944,0.6259593750173643,3.107210719440768,/home/lmres/storage/projects/cwru-fault-detection/data/mat_files/299.mat,12000,1,1772,fan,outer_3,0.007,DE_0
0.008881484540715984,0.6612364171196345,3.181579553437086,/home/lmres/storage/projects/cwru-fault-detection/data/mat_files/299.mat,12000,1,1772,fan,outer_3,0.007,DE_0
0.009015669629115115,0.6358188737965118,3.0705774219399977,/home/lmres/storage/projects/cwru-fault-detection/data/mat_files/299.mat,12000,1,1772,fan,outer_3,0.007,FE_0
0.00924387934850851,0.6293287540835178,3.069357570857938,/home/lmres/storage/projects/cwru-fault-detection/data/mat_files/299.mat,12000,1,1772,fan,outer_3,0.007,FE_0
0.009246277256872281,0.6304084858157118,2.980415402030125,/home/lmres/storage/projects/cwru-fault-detection/data/mat_files/299.mat,12000,1,1772,fan,outer_3,0.007,FE_0
0.009560795077418041,0.6529875057735709,2.934800186312801,/home/lmres/storage/projects/cwru-fault-detection/data/mat_files/299.mat,12000,1,1772,fan,outer_3,0.007,FE_0
0.009770145946055301,0.6298014513503287,3.1979150533915095,/home/lmres/storage/projects/cwru-fault-detection/data/mat_files/299.mat,12000,1,1772,fan,outer_3,0.007,FE_0
0.009390087398048112,0.6257139597829822,3.001690659770423,/home/lmres/storage/projects/cwru-fault-detection/data/mat_files/299.mat,12000,1,1772,fan,outer_3,0.007,FE_0
0.00874791246842738,0.6100136573070295,3.074369857312796,/home/lmres/storage/projects/cwru-fault-detection/data/mat_files/299.mat,12000,1,1772,fan,outer_3,0.007,FE_0
0.00974421325017021,0.6300622313225155,3.814353798808171,/home/lmres/storage/projects/cwru-fault-detection/data/mat_files/299.mat,12000,1,1772,fan,outer_3,0.007,FE_0
0.009811848088575017,0.6351905245006431,2.8836082214208325,/home/lmres/storage/projects/cwru-fault-detection/data/mat_files/299.mat,12000,1,1772,fan,outer_3,0.007,FE_0
0.010317619854811201,0.6445653103669672,2.9479248981361916,/home/lmres/storage/projects/cwru-fault-detection/data/mat_files/299.mat,12000,1,1772,fan,outer_3,0.007,FE_0
0.019967778143370477,0.9609208451491227,1.7688811666870452,/home/lmres/storage/projects/cwru-fault-detection/data/mat_files/300.mat,12000,2,1750,fan,outer_3,0.007,BA_0
0.020218110331509786,0.9621694187812149,1.7654436306376486,/home/lmres/storage/projects/cwru-fault-detection/data/mat_files/300.mat,12000,2,1750,fan,outer_3,0.007,BA_0
0.019859563663048762,0.9610537808080692,1.7673142388854626,/home/lmres/storage/projects/cwru-fault-detection/data/mat_files/300.mat,12000,2,1750,fan,outer_3,0.007,BA_0
0.02001427075005427,0.9615139208818909,1.771256860090563,/home/lmres/storage/projects/cwru-fault-detection/data/mat_files/300.mat,12000,2,1750,fan,outer_3,0.007,BA_0
0.02029294806443189,0.9626521885530716,1.7592670005534665,/home/lmres/storage/projects/cwru-fault-detection/data/mat_files/300.mat,12000,2,1750,fan,outer_3,0.007,BA_0
0.01994626977123347,0.9629811013542777,1.769250776215335,/home/lmres/storage/projects/cwru-fault-detection/data/mat_files/300.mat,12000,2,1750,fan,outer_3,0.007,BA_0
0.02005286376328655,0.9635074762868122,1.7677721357161902,/home/lmres/storage/projects/cwru-fault-detection/data/mat_files/300.mat,12000,2,1750,fan,outer_3,0.007,BA_0
0.02027805153183217,0.9642941163663634,1.7610768367991296,/home/lmres/storage/projects/cwru-fault-detection/data/mat_files/300.mat,12000,2,1750,fan,outer_3,0.007,BA_0
0.019886606005890275,0.9634385430054414,1.762566747530238,/home/lmres/storage/projects/cwru-fault-detection/data/mat_files/300.mat,12000,2,1750,fan,outer_3,0.007,BA_0
0.020184434711728427,0.962001171745198,1.7636950871865882,/home/lmres/storage/projects/cwru-fault-detection/data/mat_files/300.mat,12000,2,1750,fan,outer_3,0.007,BA_0
0.0082121763033742,0.6272822369073373,3.2155890128943314,/home/lmres/storage/projects/cwru-fault-detection/data/mat_files/300.mat,12000,2,1750,fan,outer_3,0.007,DE_0
0.008618112767965546,0.6405957342796086,3.04208391192809,/home/lmres/storage/projects/cwru-fault-detection/data/mat_files/300.mat,12000,2,1750,fan,outer_3,0.007,DE_0
0.00820964146837704,0.6483607038898188,3.0673042014765084,/home/lmres/storage/projects/cwru-fault-detection/data/mat_files/300.mat,12000,2,1750,fan,outer_3,0.007,DE_0
0.008356433330044731,0.6482779477994758,3.135149353550489,/home/lmres/storage/projects/cwru-fault-detection/data/mat_files/300.mat,12000,2,1750,fan,outer_3,0.007,DE_0
0.00869992388259764,0.6431803711164226,3.1435690431960617,/home/lmres/storage/projects/cwru-fault-detection/data/mat_files/300.mat,12000,2,1750,fan,outer_3,0.007,DE_0
0.008913994735348875,0.6436786870805667,3.252471409116056,/home/lmres/storage/projects/cwru-fault-detection/data/mat_files/300.mat,12000,2,1750,fan,outer_3,0.007,DE_0
0.008418517832041396,0.6367417228357887,3.1085307289970863,/home/lmres/storage/projects/cwru-fault-detection/data/mat_files/300.mat,12000,2,1750,fan,outer_3,0.007,DE_0
0.008215150947893761,0.6467519096427696,3.1741679253631987,/home/lmres/storage/projects/cwru-fault-detection/data/mat_files/300.mat,12000,2,1750,fan,outer_3,0.007,DE_0
0.008216776583023862,0.6404286423841634,3.0356117848418394,/home/lmres/storage/projects/cwru-fault-detection/data/mat_files/300.mat,12000,2,1750,fan,outer_3,0.007,DE_0
0.008360056146613231,0.6254850005953673,3.0910906662434807,/home/lmres/storage/projects/cwru-fault-detection/data/mat_files/300.mat,12000,2,1750,fan,outer_3,0.007,DE_0
0.011759596457727678,0.5556955293044744,2.968211985279457,/home/lmres/storage/projects/cwru-fault-detection/data/mat_files/300.mat,12000,2,1750,fan,outer_3,0.007,FE_0
0.010995764016698302,0.5409300464949585,3.023204615213979,/home/lmres/storage/projects/cwru-fault-detection/data/mat_files/300.mat,12000,2,1750,fan,outer_3,0.007,FE_0
0.011247111487644072,0.5469297488942484,3.0183899464155544,/home/lmres/storage/projects/cwru-fault-detection/data/mat_files/300.mat,12000,2,1750,fan,outer_3,0.007,FE_0
0.01079440317441779,0.5251148334652433,3.062064513302227,/home/lmres/storage/projects/cwru-fault-detection/data/mat_files/300.mat,12000,2,1750,fan,outer_3,0.007,FE_0
0.010470333452627075,0.5098825457010087,3.094556245924953,/home/lmres/storage/projects/cwru-fault-detection/data/mat_files/300.mat,12000,2,1750,fan,outer_3,0.007,FE_0
0.010975168586534925,0.5305991714960472,2.9901344032727977,/home/lmres/storage/projects/cwru-fault-detection/data/mat_files/300.mat,12000,2,1750,fan,outer_3,0.007,FE_0
0.011123212427439019,0.5416268754529396,3.036943904482979,/home/lmres/storage/projects/cwru-fault-detection/data/mat_files/300.mat,12000,2,1750,fan,outer_3,0.007,FE_0
0.011786169013008215,0.5567047573035235,3.114045954293587,/home/lmres/storage/projects/cwru-fault-detection/data/mat_files/300.mat,12000,2,1750,fan,outer_3,0.007,FE_0
0.011008675824496163,0.5362050101670401,3.094915348322692,/home/lmres/storage/projects/cwru-fault-detection/data/mat_files/300.mat,12000,2,1750,fan,outer_3,0.007,FE_0
0.010689980613116233,0.5123261993724708,3.0285042860882565,/home/lmres/storage/projects/cwru-fault-detection/data/mat_files/300.mat,12000,2,1750,fan,outer_3,0.007,FE_0
0.027587098526967637,0.9617715118940101,1.7328298457209486,/home/lmres/storage/projects/cwru-fault-detection/data/mat_files/301.mat,12000,3,1730,fan,outer_3,0.007,BA_0
0.027669364433540882,0.9602991886282157,1.7370019057433388,/home/lmres/storage/projects/cwru-fault-detection/data/mat_files/301.mat,12000,3,1730,fan,outer_3,0.007,BA_0
0.027721895861226094,0.9602751553793287,1.7438839306045764,/home/lmres/storage/projects/cwru-fault-detection/data/mat_files/301.mat,12000,3,1730,fan,outer_3,0.007,BA_0
0.027728374522372423,0.9583623578901593,1.7350016488313338,/home/lmres/storage/projects/cwru-fault-detection/data/mat_files/301.mat,12000,3,1730,fan,outer_3,0.007,BA_0
0.027769204838047536,0.9587505005367372,1.7461285898743972,/home/lmres/storage/projects/cwru-fault-detection/data/mat_files/301.mat,12000,3,1730,fan,outer_3,0.007,BA_0
0.02776622905001453,0.959322968704652,1.7381226549072792,/home/lmres/storage/projects/cwru-fault-detection/data/mat_files/301.mat,12000,3,1730,fan,outer_3,0.007,BA_0
0.027842969683945853,0.9590247092498035,1.7350012913648682,/home/lmres/storage/projects/cwru-fault-detection/data/mat_files/301.mat,12000,3,1730,fan,outer_3,0.007,BA_0
0.02776590064121522,0.9601262562515305,1.7330746421633643,/home/lmres/storage/projects/cwru-fault-detection/data/mat_files/301.mat,12000,3,1730,fan,outer_3,0.007,BA_0
0.027856056656994928,0.959052352553594,1.7509370525259764,/home/lmres/storage/projects/cwru-fault-detection/data/mat_files/301.mat,12000,3,1730,fan,outer_3,0.007,BA_0
0.027782062601199718,0.958910789008293,1.745865035881876,/home/lmres/storage/projects/cwru-fault-detection/data/mat_files/301.mat,12000,3,1730,fan,outer_3,0.007,BA_0
0.009632614772185539,0.654677392653514,3.0847119495246824,/home/lmres/storage/projects/cwru-fault-detection/data/mat_files/301.mat,12000,3,1730,fan,outer_3,0.007,DE_0
0.00911383521888205,0.6587395134907549,3.1578771240829253,/home/lmres/storage/projects/cwru-fault-detection/data/mat_files/301.mat,12000,3,1730,fan,outer_3,0.007,DE_0
0.009587033757337434,0.6494538662437346,3.0372241316446416,/home/lmres/storage/projects/cwru-fault-detection/data/mat_files/301.mat,12000,3,1730,fan,outer_3,0.007,DE_0
0.009117061272782416,0.6179099995548892,3.0775241407852265,/home/lmres/storage/projects/cwru-fault-detection/data/mat_files/301.mat,12000,3,1730,fan,outer_3,0.007,DE_0
0.008840142398360232,0.6440961491589601,2.9706331375711224,/home/lmres/storage/projects/cwru-fault-detection/data/mat_files/301.mat,12000,3,1730,fan,outer_3,0.007,DE_0
0.00931414971132948,0.6300229380365703,3.1104656112241478,/home/lmres/storage/projects/cwru-fault-detection/data/mat_files/301.mat,12000,3,1730,fan,outer_3,0.007,DE_0
0.008941213619605565,0.6250496559486138,3.048583669935212,/home/lmres/storage/projects/cwru-fault-detection/data/mat_files/301.mat,12000,3,1730,fan,outer_3,0.007,DE_0
0.00870948573230233,0.6391350635343155,3.0957029227180035,/home/lmres/storage/projects/cwru-fault-detection/data/mat_files/301.mat,12000,3,1730,fan,outer_3,0.007,DE_0
0.00919880242648977,0.6075852285117155,3.1315924509430517,/home/lmres/storage/projects/cwru-fault-detection/data/mat_files/301.mat,12000,3,1730,fan,outer_3,0.007,DE_0
0.009464949906274377,0.6529193267754165,3.003881559250254,/home/lmres/storage/projects/cwru-fault-detection/data/mat_files/301.mat,12000,3,1730,fan,outer_3,0.007,DE_0
0.022264279754715677,0.32157114389620645,2.784608189257281,/home/lmres/storage/projects/cwru-fault-detection/data/mat_files/301.mat,12000,3,1730,fan,outer_3,0.007,FE_0
0.02167672208843713,0.3038536846030459,2.7617610310276657,/home/lmres/storage/projects/cwru-fault-detection/data/mat_files/301.mat,12000,3,1730,fan,outer_3,0.007,FE_0
0.021740996056467527,0.3036588464449523,2.7774077335430127,/home/lmres/storage/projects/cwru-fault-detection/data/mat_files/301.mat,12000,3,1730,fan,outer_3,0.007,FE_0
0.021322588684980645,0.2947919787594941,2.7844858585481496,/home/lmres/storage/projects/cwru-fault-detection/data/mat_files/301.mat,12000,3,1730,fan,outer_3,0.007,FE_0
0.02155109237117288,0.29720702974079644,2.784776249782981,/home/lmres/storage/projects/cwru-fault-detection/data/mat_files/301.mat,12000,3,1730,fan,outer_3,0.007,FE_0
0.02227705523083507,0.31544797990068374,2.7845342951852863,/home/lmres/storage/projects/cwru-fault-detection/data/mat_files/301.mat,12000,3,1730,fan,outer_3,0.007,FE_0
0.02193935780468814,0.298299606625102,2.811071266556716,/home/lmres/storage/projects/cwru-fault-detection/data/mat_files/301.mat,12000,3,1730,fan,outer_3,0.007,FE_0
0.021308097345079033,0.2942946357389675,2.801082225588065,/home/lmres/storage/projects/cwru-fault-detection/data/mat_files/301.mat,12000,3,1730,fan,outer_3,0.007,FE_0
0.021921667505277565,0.29804637767867664,2.765580645123467,/home/lmres/storage/projects/cwru-fault-detection/data/mat_files/301.mat,12000,3,1730,fan,outer_3,0.007,FE_0
0.02146217406286894,0.29369476807358974,2.8313339304272565,/home/lmres/storage/projects/cwru-fault-detection/data/mat_files/301.mat,12000,3,1730,fan,outer_3,0.007,FE_0
0.012835119349486623,0.8893005912133718,2.2110188534395903,/home/lmres/storage/projects/cwru-fault-detection/data/mat_files/310.mat,12000,0,1797,fan,outer_3,0.014,BA_0
0.012716178689514133,0.8950748116683034,2.190816675371536,/home/lmres/storage/projects/cwru-fault-detection/data/mat_files/310.mat,12000,0,1797,fan,outer_3,0.014,BA_0
0.012793420272917376,0.8893504814360352,2.1977020209215814,/home/lmres/storage/projects/cwru-fault-detection/data/mat_files/310.mat,12000,0,1797,fan,outer_3,0.014,BA_0
0.012820868960645373,0.8870319241322989,2.2012066746174903,/home/lmres/storage/projects/cwru-fault-detection/data/mat_files/310.mat,12000,0,1797,fan,outer_3,0.014,BA_0
0.012867036482164428,0.888543713532914,2.208773077835178,/home/lmres/storage/projects/cwru-fault-detection/data/mat_files/310.mat,12000,0,1797,fan,outer_3,0.014,BA_0
0.0126790661473031,0.8966453626195823,2.182561198047991,/home/lmres/storage/projects/cwru-fault-detection/data/mat_files/310.mat,12000,0,1797,fan,outer_3,0.014,BA_0
0.012922925002446317,0.8886659994616298,2.21552957335603,/home/lmres/storage/projects/cwru-fault-detection/data/mat_files/310.mat,12000,0,1797,fan,outer_3,0.014,BA_0
0.01276971351430175,0.8958908973191906,2.194607309748408,/home/lmres/storage/projects/cwru-fault-detection/data/mat_files/310.mat,12000,0,1797,fan,outer_3,0.014,BA_0
0.012701253522306277,0.8906576848221215,2.1909468393348175,/home/lmres/storage/projects/cwru-fault-detection/data/mat_files/310.mat,12000,0,1797,fan,outer_3,0.014,BA_0
0.012794135124597292,0.888102918112092,2.195276731443123,/home/lmres/storage/projects/cwru-fault-detection/data/mat_files/310.mat,12000,0,1797,fan,outer_3,0.014,BA_0
0.040114614825612134,0.9343590579748793,6.2564287563383285,/home/lmres/storage/projects/cwru-fault-detection/data/mat_files/310.mat,12000,0,1797,fan,outer_3,0.014,DE_0
0.03988569299127007,0.9362133248389783,6.616636599780174,/home/lmres/storage/projects/cwru-fault-detection/data/mat_files/310.mat,12000,0,1797,fan,outer_3,0.014,DE_0
0.03939276624648731,0.9301047331677388,6.122733343082092,/home/lmres/storage/projects/cwru-fault-detection/data/mat_files/310.mat,12000,0,1797,fan,outer_3,0.014,DE_0
0.04014475684741325,0.926352075988058,6.564887005790761,/home/lmres/storage/projects/cwru-fault-detection/data/mat_files/310.mat,12000,0,1797,fan,outer_3,0.014,DE_0
0.039868860395291014,0.9242831706243958,6.287041496178294,/home/lmres/storage/projects/cwru-fault-detection/data/mat_files/310.mat,12000,0,1797,fan,outer_3,0.014,DE_0
0.037510396337581464,0.925551798522957,6.444515241823799,/home/lmres/storage/projects/cwru-fault-detection/data/mat_files/310.mat,12000,0,1797,fan,outer_3,0.014,DE_0
0.03970286088861956,0.922113297492327,6.045664922763176,/home/lmres/storage/projects/cwru-fault-detection/data/mat_files/310.mat,12000,0,1797,fan,outer_3,0.014,DE_0
0.03954712276199035,0.9218423750942012,5.906122685045905,/home/lmres/storage/projects/cwru-fault-detection/data/mat_files/310.mat,12000,0,1797,fan,outer_3,0.014,DE_0
0.03930455638376462,0.9249360700881275,6.3787355928861915,/home/lmres/storage/projects/cwru-fault-detection/data/mat_files/310.mat,12000,0,1797,fan,outer_3,0.014,DE_0
0.039052114957175914,0.9234562461747942,6.150732382314281,/home/lmres/storage/projects/cwru-fault-detection/data/mat_files/310.mat,12000,0,1797,fan,outer_3,0.014,DE_0
0.1803144253816497,0.9588704217853883,9.804702376395246,/home/lmres/storage/projects/cwru-fault-detection/data/mat_files/310.mat,12000,0,1797,fan,outer_3,0.014,FE_0
0.17996337890011951,0.9551012021968902,10.704102567606688,/home/lmres/storage/projects/cwru-fault-detection/data/mat_files/310.mat,12000,0,1797,fan,outer_3,0.014,FE_0
0.17954531096755863,0.9549412246972785,9.977390325251356,/home/lmres/storage/projects/cwru-fault-detection/data/mat_files/310.mat,12000,0,1797,fan,outer_3,0.014,FE_0
0.18581157530344541,0.954198751360543,10.082055119842503,/home/lmres/storage/projects/cwru-fault-detection/data/mat_files/310.mat,12000,0,1797,fan,outer_3,0.014,FE_0
0.18256518130927013,0.9548945456991311,10.179538680052316,/home/lmres/storage/projects/cwru-fault-detection/data/mat_files/310.mat,12000,0,1797,fan,outer_3,0.014,FE_0
0.1736146727309136,0.9516943516814292,10.16035585746136,/home/lmres/storage/projects/cwru-fault-detection/data/mat_files/310.mat,12000,0,1797,fan,outer_3,0.014,FE_0
0.18716123841316637,0.958283865818984,10.812273930175728,/home/lmres/storage/projects/cwru-fault-detection/data/mat_files/310.mat,12000,0,1797,fan,outer_3,0.014,FE_0
0.1638352485096519,0.9499822776491041,10.312549513142656,/home/lmres/storage/projects/cwru-fault-detection/data/mat_files/310.mat,12000,0,1797,fan,outer_3,0.014,FE_0
0.16981495612302092,0.945697457493653,10.851061961479749,/home/lmres/storage/projects/cwru-fault-detection/data/mat_files/310.mat,12000,0,1797,fan,outer_3,0.014,FE_0
0.17289247552331088,0.9529731758743508,10.49897462827261,/home/lmres/storage/projects/cwru-fault-detection/data/mat_files/310.mat,12000,0,1797,fan,outer_3,0.014,FE_0
0.022345524624367268,0.9380936340855311,1.9255057642088524,/home/lmres/storage/projects/cwru-fault-detection/data/mat_files/309.mat,12000,1,1772,fan,outer_3,0.014,BA_0
0.022788122244280118,0.9381919234684639,1.9049419591853176,/home/lmres/storage/projects/cwru-fault-detection/data/mat_files/309.mat,12000,1,1772,fan,outer_3,0.014,BA_0
0.0222262290413998,0.9379795941900396,1.9379886285550965,/home/lmres/storage/projects/cwru-fault-detection/data/mat_files/309.mat,12000,1,1772,fan,outer_3,0.014,BA_0
0.02212926579484906,0.9393412961315777,1.9248930049659019,/home/lmres/storage/projects/cwru-fault-detection/data/mat_files/309.mat,12000,1,1772,fan,outer_3,0.014,BA_0
0.022712409144885204,0.9396500137019089,1.9215351939061323,/home/lmres/storage/projects/cwru-fault-detection/data/mat_files/309.mat,12000,1,1772,fan,outer_3,0.014,BA_0
0.022293623270719962,0.9393492675043601,1.9155579866974568,/home/lmres/storage/projects/cwru-fault-detection/data/mat_files/309.mat,12000,1,1772,fan,outer_3,0.014,BA_0
0.022134499996489386,0.938153137935463,1.933399052684057,/home/lmres/storage/projects/cwru-fault-detection/data/mat_files/309.mat,12000,1,1772,fan,outer_3,0.014,BA_0
0.0225244872832252,0.941699350550889,1.8986802843854134,/home/lmres/storage/projects/cwru-fault-detection/data/mat_files/309.mat,12000,1,1772,fan,outer_3,0.014,BA_0
0.02237148212149577,0.9397186974827914,1.9205954452022593,/home/lmres/storage/projects/cwru-fault-detection/data/mat_files/309.mat,12000,1,1772,fan,outer_3,0.014,BA_0
0.022121184108479904,0.9387387291440247,1.9287425798194893,/home/lmres/storage/projects/cwru-fault-detection/data/mat_files/309.mat,12000,1,1772,fan,outer_3,0.014,BA_0
0.012925513636620077,0.8006851204027028,4.032705131433983,/home/lmres/storage/projects/cwru-fault-detection/data/mat_files/309.mat,12000,1,1772,fan,outer_3,0.014,DE_0
0.012450109242370137,0.7984977207928378,3.465481204058493,/home/lmres/storage/projects/cwru-fault-detection/data/mat_files/309.mat,12000,1,1772,fan,outer_3,0.014,DE_0
0.013233554393248421,0.8102577775547788,3.741087221670561,/home/lmres/storage/projects/cwru-fault-detection/data/mat_files/309.mat,12000,1,1772,fan,outer_3,0.014,DE_0
0.013047211923845283,0.8207551681419675,3.684605052859622,/home/lmres/storage/projects/cwru-fault-detection/data/mat_files/309.mat,12000,1,1772,fan,outer_3,0.014,DE_0
0.013879297852311847,0.8324544535166299,3.5878773210086154,/home/lmres/storage/projects/cwru-fault-detection/data/mat_files/309.mat,12000,1,1772,fan,outer_3,0.014,DE_0
0.013541146324919111,0.8279384169191271,3.598924468529552,/home/lmres/storage/projects/cwru-fault-detection/data/mat_files/309.mat,12000,1,1772,fan,outer_3,0.014,DE_0
0.01412624247593712,0.8306338703526533,3.9367091597367536,/home/lmres/storage/projects/cwru-fault-detection/data/mat_files/309.mat,12000,1,1772,fan,outer_3,0.014,DE_0
0.014594604955985507,0.834984315631233,4.098794155569102,/home/lmres/storage/projects/cwru-fault-detection/data/mat_files/309.mat,12000,1,1772,fan,outer_3,0.014,DE_0
0.01433595376612139,0.8384321307601488,3.943599055539435,/home/lmres/storage/projects/cwru-fault-detection/data/mat_files/309.mat,12000,1,1772,fan,outer_3,0.014,DE_0
0.014229369467942765,0.832612095861265,3.747935345413589,/home/lmres/storage/projects/cwru-fault-detection/data/mat_files/309.mat,12000,1,1772,fan,outer_3,0.014,DE_0
0.08109411276278505,0.9174130791852267,6.812572256435048,/home/lmres/storage/projects/cwru-fault-detection/data/mat_files/309.mat,12000,1,1772,fan,outer_3,0.014,FE_0
0.080721209368163,0.9146402104126289,6.148274714683065,/home/lmres/storage/projects/cwru-fault-detection/data/mat_files/309.mat,12000,1,1772,fan,outer_3,0.014,FE_0
0.08239500521668579,0.9187103811506941,6.6771147539498195,/home/lmres/storage/projects/cwru-fault-detection/data/mat_files/309.mat,12000,1,1772,fan,outer_3,0.014,FE_0
0.083257740020567,0.9242123024028024,6.45093055828916,/home/lmres/storage/projects/cwru-fault-detection/data/mat_files/309.mat,12000,1,1772,fan,outer_3,0.014,FE_0
0.08149857451860883,0.9243379478015594,7.138459861536254,/home/lmres/storage/projects/cwru-fault-detection/data/mat_files/309.mat,12000,1,1772,fan,outer_3,0.014,FE_0
0.0784144030771963,0.9214240136888598,6.372893865280948,/home/lmres/storage/projects/cwru-fault-detection/data/mat_files/309.mat,12000,1,1772,fan,outer_3,0.014,FE_0
0.08131102108314023,0.9244373631869731,6.572896131867292,/home/lmres/storage/projects/cwru-fault-detection/data/mat_files/309.mat,12000,1,1772,fan,outer_3,0.014,FE_0
0.08419831891151475,0.9240977272878835,6.720084936895265,/home/lmres/storage/projects/cwru-fault-detection/data/mat_files/309.mat,12000,1,1772,fan,outer_3,0.014,FE_0
0.0870868676526071,0.9271506917402105,7.02911026595059,/home/lmres/storage/projects/cwru-fault-detection/data/mat_files/309.mat,12000,1,1772,fan,outer_3,0.014,FE_0
0.08672622740239304,0.9283540295034419,6.652657521338184,/home/lmres/storage/projects/cwru-fault-detection/data/mat_files/309.mat,12000,1,1772,fan,outer_3,0.014,FE_0
0.038886609522759366,0.973493121127086,1.7140715199608203,/home/lmres/storage/projects/cwru-fault-detection/data/mat_files/311.mat,12000,2,1750,fan,outer_3,0.014,BA_0
0.03934846751437543,0.9754765311124814,1.7014802094935397,/home/lmres/storage/projects/cwru-fault-detection/data/mat_files/311.mat,12000,2,1750,fan,outer_3,0.014,BA_0
0.03957335305249998,0.9744436414281505,1.7154143939939106,/home/lmres/storage/projects/cwru-fault-detection/data/mat_files/311.mat,12000,2,1750,fan,outer_3,0.014,BA_0
0.038916741383487184,0.9748672881921049,1.7118475991228277,/home/lmres/storage/projects/cwru-fault-detection/data/mat_files/311.mat,12000,2,1750,fan,outer_3,0.014,BA_0
0.03944770738895223,0.9757053604882768,1.7103145890503215,/home/lmres/storage/projects/cwru-fault-detection/data/mat_files/311.mat,12000,2,1750,fan,outer_3,0.014,BA_0
0.03930967825748095,0.974684280779342,1.7125951965555606,/home/lmres/storage/projects/cwru-fault-detection/data/mat_files/311.mat,12000,2,1750,fan,outer_3,0.014,BA_0
0.03909173807916072,0.9770156237476758,1.7055861573379094,/home/lmres/storage/projects/cwru-fault-detection/data/mat_files/311.mat,12000,2,1750,fan,outer_3,0.014,BA_0
0.03944510614852328,0.9754117382625936,1.7023353493020865,/home/lmres/storage/projects/cwru-fault-detection/data/mat_files/311.mat,12000,2,1750,fan,outer_3,0.014,BA_0
0.03926678477817035,0.9751650427352753,1.711874509142612,/home/lmres/storage/projects/cwru-fault-detection/data/mat_files/311.mat,12000,2,1750,fan,outer_3,0.014,BA_0
0.03921800525670758,0.9763716020652621,1.7062251749654043,/home/lmres/storage/projects/cwru-fault-detection/data/mat_files/311.mat,12000,2,1750,fan,outer_3,0.014,BA_0
0.047943592475536825,0.9500860720920002,4.8256024012882275,/home/lmres/storage/projects/cwru-fault-detection/data/mat_files/311.mat,12000,2,1750,fan,outer_3,0.014,DE_0
0.04699263117415012,0.9490532266325071,4.944162482691151,/home/lmres/storage/projects/cwru-fault-detection/data/mat_files/311.mat,12000,2,1750,fan,outer_3,0.014,DE_0
0.04941254681709643,0.9510391007546606,4.880705842770435,/home/lmres/storage/projects/cwru-fault-detection/data/mat_files/311.mat,12000,2,1750,fan,outer_3,0.014,DE_0
0.05099589885585706,0.9548048785743732,4.772374310572727,/home/lmres/storage/projects/cwru-fault-detection/data/mat_files/311.mat,12000,2,1750,fan,outer_3,0.014,DE_0
0.05365257601619604,0.9550731732215514,4.574823814557656,/home/lmres/storage/projects/cwru-fault-detection/data/mat_files/311.mat,12000,2,1750,fan,outer_3,0.014,DE_0
0.05659194879928219,0.953991040434912,4.776749097789526,/home/lmres/storage/projects/cwru-fault-detection/data/mat_files/311.mat,12000,2,1750,fan,outer_3,0.014,DE_0
0.05768545073616809,0.9606477413266183,4.847656133774539,/home/lmres/storage/projects/cwru-fault-detection/data/mat_files/311.mat,12000,2,1750,fan,outer_3,0.014,DE_0
0.056057463870450644,0.9567922547480069,5.130385025966822,/home/lmres/storage/projects/cwru-fault-detection/data/mat_files/311.mat,12000,2,1750,fan,outer_3,0.014,DE_0
0.05972916580971382,0.9576789013712141,4.732301388838787,/home/lmres/storage/projects/cwru-fault-detection/data/mat_files/311.mat,12000,2,1750,fan,outer_3,0.014,DE_0
0.05885200731989983,0.9609337316425663,5.000339687918565,/home/lmres/storage/projects/cwru-fault-detection/data/mat_files/311.mat,12000,2,1750,fan,outer_3,0.014,DE_0
0.1648082666951718,0.9438172116574514,8.27509416542077,/home/lmres/storage/projects/cwru-fault-detection/data/mat_files/311.mat,12000,2,1750,fan,outer_3,0.014,FE_0
0.16194280626815685,0.9386230322005312,8.86068783202402,/home/lmres/storage/projects/cwru-fault-detection/data/mat_files/311.mat,12000,2,1750,fan,outer_3,0.014,FE_0
0.15221892232371245,0.9387647829736638,8.699519770441752,/home/lmres/storage/projects/cwru-fault-detection/data/mat_files/311.mat,12000,2,1750,fan,outer_3,0.014,FE_0
0.17302922161959639,0.948818956143594,8.150692038826582,/home/lmres/storage/projects/cwru-fault-detection/data/mat_files/311.mat,12000,2,1750,fan,outer_3,0.014,FE_0
0.16916038788771157,0.9414521788188267,8.721527875800742,/home/lmres/storage/projects/cwru-fault-detection/data/mat_files/311.mat,12000,2,1750,fan,outer_3,0.014,FE_0
0.19161117920394505,0.9488020811021276,8.125954965210052,/home/lmres/storage/projects/cwru-fault-detection/data/mat_files/311.mat,12000,2,1750,fan,outer_3,0.014,FE_0
0.20700569946923528,0.9556719874467474,8.44641222708831,/home/lmres/storage/projects/cwru-fault-detection/data/mat_files/311.mat,12000,2,1750,fan,outer_3,0.014,FE_0
0.2009811943230094,0.9545358969181362,9.10318333574096,/home/lmres/storage/projects/cwru-fault-detection/data/mat_files/311.mat,12000,2,1750,fan,outer_3,0.014,FE_0
0.19590534956011868,0.9470535058216676,8.255080783907918,/home/lmres/storage/projects/cwru-fault-detection/data/mat_files/311.mat,12000,2,1750,fan,outer_3,0.014,FE_0
0.20536795923654907,0.9512992242575098,9.298032719233317,/home/lmres/storage/projects/cwru-fault-detection/data/mat_files/311.mat,12000,2,1750,fan,outer_3,0.014,FE_0
0.05455688165718507,0.9788796687635175,1.6983516678106247,/home/lmres/storage/projects/cwru-fault-detection/data/mat_files/312.mat,12000,3,1730,fan,outer_3,0.014,BA_0
0.0545370716841737,0.9775651178683434,1.7188985728657329,/home/lmres/storage/projects/cwru-fault-detection/data/mat_files/312.mat,12000,3,1730,fan,outer_3,0.014,BA_0
0.05441146427709818,0.9784827984722582,1.7039137060207061,/home/lmres/storage/projects/cwru-fault-detection/data/mat_files/312.mat,12000,3,1730,fan,outer_3,0.014,BA_0
0.05479645845886712,0.9773419545363452,1.7128008575560916,/home/lmres/storage/projects/cwru-fault-detection/data/mat_files/312.mat,12000,3,1730,fan,outer_3,0.014,BA_0
0.054526956423745374,0.9777281009863853,1.7168781808146907,/home/lmres/storage/projects/cwru-fault-detection/data/mat_files/312.mat,12000,3,1730,fan,outer_3,0.014,BA_0
0.05466165520847435,0.9774902228769757,1.702755810639634,/home/lmres/storage/projects/cwru-fault-detection/data/mat_files/312.mat,12000,3,1730,fan,outer_3,0.014,BA_0
0.05481474763726617,0.9777252013682204,1.7164102848998926,/home/lmres/storage/projects/cwru-fault-detection/data/mat_files/312.mat,12000,3,1730,fan,outer_3,0.014,BA_0
0.05477229038492626,0.9772625288771041,1.7101703890691264,/home/lmres/storage/projects/cwru-fault-detection/data/mat_files/312.mat,12000,3,1730,fan,outer_3,0.014,BA_0
0.055034248475194565,0.977374104479169,1.7112927009307668,/home/lmres/storage/projects/cwru-fault-detection/data/mat_files/312.mat,12000,3,1730,fan,outer_3,0.014,BA_0
0.05505687496082686,0.9773732665087196,1.7100142479818488,/home/lmres/storage/projects/cwru-fault-detection/data/mat_files/312.mat,12000,3,1730,fan,outer_3,0.014,BA_0
0.0848105690807064,0.9464781869161568,4.82072707297754,/home/lmres/storage/projects/cwru-fault-detection/data/mat_files/312.mat,12000,3,1730,fan,outer_3,0.014,DE_0
0.07897513301213405,0.9430271851130958,4.798131401269277,/home/lmres/storage/projects/cwru-fault-detection/data/mat_files/312.mat,12000,3,1730,fan,outer_3,0.014,DE_0
0.08014392480906243,0.9478145123781319,4.7933520982711615,/home/lmres/storage/projects/cwru-fault-detection/data/mat_files/312.mat,12000,3,1730,fan,outer_3,0.014,DE_0
0.08640719586857759,0.9482098622089157,4.668296922214443,/home/lmres/storage/projects/cwru-fault-detection/data/mat_files/312.mat,12000,3,1730,fan,outer_3,0.014,DE_0
0.08401133299402971,0.9465087442173631,4.548944479015124,/home/lmres/storage/projects/cwru-fault-detection/data/mat_files/312.mat,12000,3,1730,fan,outer_3,0.014,DE_0
0.0868251253120981,0.9492362703021956,4.940587676058605,/home/lmres/storage/projects/cwru-fault-detection/data/mat_files/312.mat,12000,3,1730,fan,outer_3,0.014,DE_0
0.08530883068946331,0.9477587613056861,4.867269108096021,/home/lmres/storage/projects/cwru-fault-detection/data/mat_files/312.mat,12000,3,1730,fan,outer_3,0.014,DE_0
0.07835129143308137,0.9442096644810589,4.861376202817697,/home/lmres/storage/projects/cwru-fault-detection/data/mat_files/312.mat,12000,3,1730,fan,outer_3,0.014,DE_0
0.08093762069576507,0.9443132251863474,4.456092032632387,/home/lmres/storage/projects/cwru-fault-detection/data/mat_files/312.mat,12000,3,1730,fan,outer_3,0.014,DE_0
0.08400817608523158,0.9474089686456625,4.64053922135155,/home/lmres/storage/projects/cwru-fault-detection/data/mat_files/312.mat,12000,3,1730,fan,outer_3,0.014,DE_0
0.5403393822055219,0.9630675151661295,8.650384181380174,/home/lmres/storage/projects/cwru-fault-detection/data/mat_files/312.mat,12000,3,1730,fan,outer_3,0.014,FE_0
0.49031524852866915,0.962699224364518,8.778648764327706,/home/lmres/storage/projects/cwru-fault-detection/data/mat_files/312.mat,12000,3,1730,fan,outer_3,0.014,FE_0
0.48891441494398213,0.965574443191783,8.97540605102658,/home/lmres/storage/projects/cwru-fault-detection/data/mat_files/312.mat,12000,3,1730,fan,outer_3,0.014,FE_0
0.534029316784561,0.9649283539451975,8.52694104498238,/home/lmres/storage/projects/cwru-fault-detection/data/mat_files/312.mat,12000,3,1730,fan,outer_3,0.014,FE_0
0.5307070168365988,0.9619326280087429,8.331130690197632,/home/lmres/storage/projects/cwru-fault-detection/data/mat_files/312.mat,12000,3,1730,fan,outer_3,0.014,FE_0
0.5533640886928494,0.967167329458743,8.334277730513842,/home/lmres/storage/projects/cwru-fault-detection/data/mat_files/312.mat,12000,3,1730,fan,outer_3,0.014,FE_0
0.5511746445353514,0.9677488617216666,8.355597066011612,/home/lmres/storage/projects/cwru-fault-detection/data/mat_files/312.mat,12000,3,1730,fan,outer_3,0.014,FE_0
0.5321319819727481,0.9658318981092764,8.416448107227177,/home/lmres/storage/projects/cwru-fault-detection/data/mat_files/312.mat,12000,3,1730,fan,outer_3,0.014,FE_0
0.541431272666496,0.9636686312352402,8.500899149267699,/home/lmres/storage/projects/cwru-fault-detection/data/mat_files/312.mat,12000,3,1730,fan,outer_3,0.014,FE_0
0.5400384968764609,0.9637913609816687,8.078346377304895,/home/lmres/storage/projects/cwru-fault-detection/data/mat_files/312.mat,12000,3,1730,fan,outer_3,0.014,FE_0
0.01273619702974994,0.9482806709832983,1.828899508637568,/home/lmres/storage/projects/cwru-fault-detection/data/mat_files/316.mat,12000,1,1772,fan,outer_3,0.021,BA_0
0.012948053050502012,0.946441951687863,1.831176641136582,/home/lmres/storage/projects/cwru-fault-detection/data/mat_files/316.mat,12000,1,1772,fan,outer_3,0.021,BA_0
0.013116959859877833,0.9477136193858918,1.8426871945215577,/home/lmres/storage/projects/cwru-fault-detection/data/mat_files/316.mat,12000,1,1772,fan,outer_3,0.021,BA_0
0.01268711827027056,0.9488052172088169,1.8638694908698215,/home/lmres/storage/projects/cwru-fault-detection/data/mat_files/316.mat,12000,1,1772,fan,outer_3,0.021,BA_0
0.012857174932273296,0.944741590258902,1.8440285515478296,/home/lmres/storage/projects/cwru-fault-detection/data/mat_files/316.mat,12000,1,1772,fan,outer_3,0.021,BA_0
0.013148074631226057,0.9483212662676429,1.8399353611864977,/home/lmres/storage/projects/cwru-fault-detection/data/mat_files/316.mat,12000,1,1772,fan,outer_3,0.021,BA_0
0.012739806824352192,0.950861287885605,1.8437482262651919,/home/lmres/storage/projects/cwru-fault-detection/data/mat_files/316.mat,12000,1,1772,fan,outer_3,0.021,BA_0
0.012819161125306417,0.9489271649769896,1.8415446506167221,/home/lmres/storage/projects/cwru-fault-detection/data/mat_files/316.mat,12000,1,1772,fan,outer_3,0.021,BA_0
0.013134803628338906,0.9507123765785594,1.8230189443622404,/home/lmres/storage/projects/cwru-fault-detection/data/mat_files/316.mat,12000,1,1772,fan,outer_3,0.021,BA_0
0.012843131247489998,0.9509760458462189,1.8310364629609526,/home/lmres/storage/projects/cwru-fault-detection/data/mat_files/316.mat,12000,1,1772,fan,outer_3,0.021,BA_0
0.011456046102927568,0.7995529676208465,3.345181674670232,/home/lmres/storage/projects/cwru-fault-detection/data/mat_files/316.mat,12000,1,1772,fan,outer_3,0.021,DE_0
0.011228502644230047,0.8010460954861571,3.501437162968634,/home/lmres/storage/projects/cwru-fault-detection/data/mat_files/316.mat,12000,1,1772,fan,outer_3,0.021,DE_0
0.010390941139670427,0.7799102719071767,3.419897322717482,/home/lmres/storage/projects/cwru-fault-detection/data/mat_files/316.mat,12000,1,1772,fan,outer_3,0.021,DE_0
0.01039470545655153,0.7828242384097249,3.5637102927629645,/home/lmres/storage/projects/cwru-fault-detection/data/mat_files/316.mat,12000,1,1772,fan,outer_3,0.021,DE_0
0.010630871694794698,0.7907540161272807,3.3314598830956763,/home/lmres/storage/projects/cwru-fault-detection/data/mat_files/316.mat,12000,1,1772,fan,outer_3,0.021,DE_0
0.010138932515644059,0.7850005088667181,3.3811220451705917,/home/lmres/storage/projects/cwru-fault-detection/data/mat_files/316.mat,12000,1,1772,fan,outer_3,0.021,DE_0
0.009964642475902421,0.7967532907796172,3.288946828347033,/home/lmres/storage/projects/cwru-fault-detection/data/mat_files/316.mat,12000,1,1772,fan,outer_3,0.021,DE_0
0.009992750843579479,0.7847497917580127,3.2689433420659375,/home/lmres/storage/projects/cwru-fault-detection/data/mat_files/316.mat,12000,1,1772,fan,outer_3,0.021,DE_0
0.009501469402775901,0.7803219090207084,3.481808912560822,/home/lmres/storage/projects/cwru-fault-detection/data/mat_files/316.mat,12000,1,1772,fan,outer_3,0.021,DE_0
0.009690969463143788,0.7978143728043753,3.483902127624229,/home/lmres/storage/projects/cwru-fault-detection/data/mat_files/316.mat,12000,1,1772,fan,outer_3,0.021,DE_0
0.029689280921597734,0.7370567800804608,3.9311190792450286,/home/lmres/storage/projects/cwru-fault-detection/data/mat_files/316.mat,12000,1,1772,fan,outer_3,0.021,FE_0
0.0294934653792676,0.747358231517522,3.9664562153684333,/home/lmres/storage/projects/cwru-fault-detection/data/mat_files/316.mat,12000,1,1772,fan,outer_3,0.021,FE_0
0.027671122776215272,0.7302053175167743,3.925447940567446,/home/lmres/storage/projects/cwru-fault-detection/data/mat_files/316.mat,12000,1,1772,fan,outer_3,0.021,FE_0
0.028312478950299286,0.7359030439796107,3.9512172268900163,/home/lmres/storage/projects/cwru-fault-detection/data/mat_files/316.mat,12000,1,1772,fan,outer_3,0.021,FE_0
0.027127704785436198,0.7318121770548158,3.9627442955627408,/home/lmres/storage/projects/cwru-fault-detection/data/mat_files/316.mat,12000,1,1772,fan,outer_3,0.021,FE_0
0.026908246476373052,0.7306370713733816,3.946221651617797,/home/lmres/storage/projects/cwru-fault-detection/data/mat_files/316.mat,12000,1,1772,fan,outer_3,0.021,FE_0
0.025784200250394167,0.7213415637607856,4.132067061732573,/home/lmres/storage/projects/cwru-fault-detection/data/mat_files/316.mat,12000,1,1772,fan,outer_3,0.021,FE_0
0.02579125347806928,0.7276552441643894,3.9338944054377207,/home/lmres/storage/projects/cwru-fault-detection/data/mat_files/316.mat,12000,1,1772,fan,outer_3,0.021,FE_0
0.02537343277471653,0.7124595147557505,3.9158979656478365,/home/lmres/storage/projects/cwru-fault-detection/data/mat_files/316.mat,12000,1,1772,fan,outer_3,0.021,FE_0
0.02553586181475823,0.7327584228335208,4.02134054431109,/home/lmres/storage/projects/cwru-fault-detection/data/mat_files/316.mat,12000,1,1772,fan,outer_3,0.021,FE_0
0.019686907901807327,0.9697919302550718,1.7230773287491388,/home/lmres/storage/projects/cwru-fault-detection/data/mat_files/317.mat,12000,2,1750,fan,outer_3,0.021,BA_0
0.01935374910897032,0.9689132876710236,1.7256230586467955,/home/lmres/storage/projects/cwru-fault-detection/data/mat_files/317.mat,12000,2,1750,fan,outer_3,0.021,BA_0
0.01966161555200675,0.9705635383084679,1.7142481433869732,/home/lmres/storage/projects/cwru-fault-detection/data/mat_files/317.mat,12000,2,1750,fan,outer_3,0.021,BA_0
0.01965085848376394,0.9707228324569549,1.7208372821861766,/home/lmres/storage/projects/cwru-fault-detection/data/mat_files/317.mat,12000,2,1750,fan,outer_3,0.021,BA_0
0.019401092576224698,0.9706614285117813,1.72258815383527,/home/lmres/storage/projects/cwru-fault-detection/data/mat_files/317.mat,12000,2,1750,fan,outer_3,0.021,BA_0
0.01969577137680979,0.9709528215457033,1.7147437117120043,/home/lmres/storage/projects/cwru-fault-detection/data/mat_files/317.mat,12000,2,1750,fan,outer_3,0.021,BA_0
0.019624950521931892,0.9704558594577644,1.7182470509637287,/home/lmres/storage/projects/cwru-fault-detection/data/mat_files/317.mat,12000,2,1750,fan,outer_3,0.021,BA_0
0.01949748887404845,0.9716048658192563,1.7177595507577919,/home/lmres/storage/projects/cwru-fault-detection/data/mat_files/317.mat,12000,2,1750,fan,outer_3,0.021,BA_0
0.019793152063444265,0.9701858589125049,1.720849935083305,/home/lmres/storage/projects/cwru-fault-detection/data/mat_files/317.mat,12000,2,1750,fan,outer_3,0.021,BA_0
0.019600521741819633,0.9691160438569073,1.7184363658681736,/home/lmres/storage/projects/cwru-fault-detection/data/mat_files/317.mat,12000,2,1750,fan,outer_3,0.021,BA_0
0.007653272975816139,0.7741797105223318,3.4929110572733837,/home/lmres/storage/projects/cwru-fault-detection/data/mat_files/317.mat,12000,2,1750,fan,outer_3,0.021,DE_0
0.007461204751621886,0.7841734062816761,3.2758613706830997,/home/lmres/storage/projects/cwru-fault-detection/data/mat_files/317.mat,12000,2,1750,fan,outer_3,0.021,DE_0
0.007401421430410636,0.7861754239027462,3.399264259479282,/home/lmres/storage/projects/cwru-fault-detection/data/mat_files/317.mat,12000,2,1750,fan,outer_3,0.021,DE_0
0.007432329163077605,0.7730366208911664,3.146485753644386,/home/lmres/storage/projects/cwru-fault-detection/data/mat_files/317.mat,12000,2,1750,fan,outer_3,0.021,DE_0
0.007201011218763873,0.7721727353502913,3.3986028489634132,/home/lmres/storage/projects/cwru-fault-detection/data/mat_files/317.mat,12000,2,1750,fan,outer_3,0.021,DE_0
0.0069950672214881635,0.7727169799532161,3.3458901670259853,/home/lmres/storage/projects/cwru-fault-detection/data/mat_files/317.mat,12000,2,1750,fan,outer_3,0.021,DE_0
0.007130882899604151,0.781650253782467,3.0959582377097594,/home/lmres/storage/projects/cwru-fault-detection/data/mat_files/317.mat,12000,2,1750,fan,outer_3,0.021,DE_0
0.007712449873990811,0.7837376743863708,3.2635586135434753,/home/lmres/storage/projects/cwru-fault-detection/data/mat_files/317.mat,12000,2,1750,fan,outer_3,0.021,DE_0
0.007551868051597966,0.7821737445533888,3.4013039725325878,/home/lmres/storage/projects/cwru-fault-detection/data/mat_files/317.mat,12000,2,1750,fan,outer_3,0.021,DE_0
0.00783252284070599,0.8011777418605035,3.417262758434925,/home/lmres/storage/projects/cwru-fault-detection/data/mat_files/317.mat,12000,2,1750,fan,outer_3,0.021,DE_0
0.017669222038397166,0.7365926876021303,3.6438792795094583,/home/lmres/storage/projects/cwru-fault-detection/data/mat_files/317.mat,12000,2,1750,fan,outer_3,0.021,FE_0
0.01729505042744167,0.7231775695632651,3.6935020643668692,/home/lmres/storage/projects/cwru-fault-detection/data/mat_files/317.mat,12000,2,1750,fan,outer_3,0.021,FE_0
0.017462620361979597,0.7395316672702283,3.74275205692467,/home/lmres/storage/projects/cwru-fault-detection/data/mat_files/317.mat,12000,2,1750,fan,outer_3,0.021,FE_0
0.01718837632852321,0.7259679327496807,3.7000292043295553,/home/lmres/storage/projects/cwru-fault-detection/data/mat_files/317.mat,12000,2,1750,fan,outer_3,0.021,FE_0
0.016311605523031413,0.7087221329124777,3.6659212420474145,/home/lmres/storage/projects/cwru-fault-detection/data/mat_files/317.mat,12000,2,1750,fan,outer_3,0.021,FE_0
0.016377740571898697,0.7180956007794143,3.900620508016053,/home/lmres/storage/projects/cwru-fault-detection/data/mat_files/317.mat,12000,2,1750,fan,outer_3,0.021,FE_0
0.016207435690098727,0.71365622566153,3.829854316550842,/home/lmres/storage/projects/cwru-fault-detection/data/mat_files/317.mat,12000,2,1750,fan,outer_3,0.021,FE_0
0.016948031665373196,0.7264212663522225,3.928829250468647,/home/lmres/storage/projects/cwru-fault-detection/data/mat_files/317.mat,12000,2,1750,fan,outer_3,0.021,FE_0
0.016531427230053426,0.7190388401083506,3.724033008355515,/home/lmres/storage/projects/cwru-fault-detection/data/mat_files/317.mat,12000,2,1750,fan,outer_3,0.021,FE_0
0.01677256721454535,0.7328133929577189,3.6317480587142823,/home/lmres/storage/projects/cwru-fault-detection/data/mat_files/317.mat,12000,2,1750,fan,outer_3,0.021,FE_0
0.027546027058896867,0.9695072397487217,1.7029388268191181,/home/lmres/storage/projects/cwru-fault-detection/data/mat_files/318.mat,12000,3,1730,fan,outer_3,0.021,BA_0
0.027592477522854864,0.969252937661897,1.703440706317314,/home/lmres/storage/projects/cwru-fault-detection/data/mat_files/318.mat,12000,3,1730,fan,outer_3,0.021,BA_0
0.027646481655395454,0.9700292788431888,1.6993991336078837,/home/lmres/storage/projects/cwru-fault-detection/data/mat_files/318.mat,12000,3,1730,fan,outer_3,0.021,BA_0
0.027678301253281773,0.9694290234358555,1.6910127880905297,/home/lmres/storage/projects/cwru-fault-detection/data/mat_files/318.mat,12000,3,1730,fan,outer_3,0.021,BA_0
0.027573528016357537,0.9703173058686223,1.7042047428149538,/home/lmres/storage/projects/cwru-fault-detection/data/mat_files/318.mat,12000,3,1730,fan,outer_3,0.021,BA_0
0.027656031546747444,0.969744887262198,1.7043100448801083,/home/lmres/storage/projects/cwru-fault-detection/data/mat_files/318.mat,12000,3,1730,fan,outer_3,0.021,BA_0
0.027611647453623003,0.9702750600521403,1.6979889161533535,/home/lmres/storage/projects/cwru-fault-detection/data/mat_files/318.mat,12000,3,1730,fan,outer_3,0.021,BA_0
0.027662681692407754,0.9701600083819446,1.6974869520397178,/home/lmres/storage/projects/cwru-fault-detection/data/mat_files/318.mat,12000,3,1730,fan,outer_3,0.021,BA_0
0.027609914046104155,0.9703431921262424,1.7088894328843325,/home/lmres/storage/projects/cwru-fault-detection/data/mat_files/318.mat,12000,3,1730,fan,outer_3,0.021,BA_0
0.027580699293860693,0.9696208005194186,1.707368923544759,/home/lmres/storage/projects/cwru-fault-detection/data/mat_files/318.mat,12000,3,1730,fan,outer_3,0.021,BA_0
0.010897287787736241,0.7304438544222235,3.7674513686188913,/home/lmres/storage/projects/cwru-fault-detection/data/mat_files/318.mat,12000,3,1730,fan,outer_3,0.021,DE_0
0.011249692198272288,0.729000696265793,3.6447437502194724,/home/lmres/storage/projects/cwru-fault-detection/data/mat_files/318.mat,12000,3,1730,fan,outer_3,0.021,DE_0
0.01102841303935034,0.7229007637334142,3.4646655513815587,/home/lmres/storage/projects/cwru-fault-detection/data/mat_files/318.mat,12000,3,1730,fan,outer_3,0.021,DE_0
0.011176740334311852,0.738110551478484,3.542000725777621,/home/lmres/storage/projects/cwru-fault-detection/data/mat_files/318.mat,12000,3,1730,fan,outer_3,0.021,DE_0
0.010812452947930228,0.7262755220673144,3.795591110153688,/home/lmres/storage/projects/cwru-fault-detection/data/mat_files/318.mat,12000,3,1730,fan,outer_3,0.021,DE_0
0.01203448604477546,0.7470209883142472,4.270674776515171,/home/lmres/storage/projects/cwru-fault-detection/data/mat_files/318.mat,12000,3,1730,fan,outer_3,0.021,DE_0
0.011515926945381286,0.7436301288449534,3.6740601892338036,/home/lmres/storage/projects/cwru-fault-detection/data/mat_files/318.mat,12000,3,1730,fan,outer_3,0.021,DE_0
0.012730156805342927,0.7594430730838146,3.622809796848071,/home/lmres/storage/projects/cwru-fault-detection/data/mat_files/318.mat,12000,3,1730,fan,outer_3,0.021,DE_0
0.013844758028202274,0.7837922936010936,4.083307148151624,/home/lmres/storage/projects/cwru-fault-detection/data/mat_files/318.mat,12000,3,1730,fan,outer_3,0.021,DE_0
0.011052824260746007,0.7306071288526019,3.576680655225763,/home/lmres/storage/projects/cwru-fault-detection/data/mat_files/318.mat,12000,3,1730,fan,outer_3,0.021,DE_0
0.021448115043145827,0.5768110896823228,3.4328787161767256,/home/lmres/storage/projects/cwru-fault-detection/data/mat_files/318.mat,12000,3,1730,fan,outer_3,0.021,FE_0
0.021535118876452874,0.5797225706176192,3.554828786159803,/home/lmres/storage/projects/cwru-fault-detection/data/mat_files/318.mat,12000,3,1730,fan,outer_3,0.021,FE_0
0.021002479646887597,0.5657105967501269,3.602386948421189,/home/lmres/storage/projects/cwru-fault-detection/data/mat_files/318.mat,12000,3,1730,fan,outer_3,0.021,FE_0
0.021436855067259012,0.5775871660328348,3.6943574545749835,/home/lmres/storage/projects/cwru-fault-detection/data/mat_files/318.mat,12000,3,1730,fan,outer_3,0.021,FE_0
0.021215371014071283,0.5726685231549049,3.6532328372097984,/home/lmres/storage/projects/cwru-fault-detection/data/mat_files/318.mat,12000,3,1730,fan,outer_3,0.021,FE_0
0.021509751031888964,0.5708477607180461,3.6140800493485576,/home/lmres/storage/projects/cwru-fault-detection/data/mat_files/318.mat,12000,3,1730,fan,outer_3,0.021,FE_0
0.02124926704108294,0.5730887064116739,3.6934092835888603,/home/lmres/storage/projects/cwru-fault-detection/data/mat_files/318.mat,12000,3,1730,fan,outer_3,0.021,FE_0
0.022260207530557467,0.5761767893599405,3.5550680043095584,/home/lmres/storage/projects/cwru-fault-detection/data/mat_files/318.mat,12000,3,1730,fan,outer_3,0.021,FE_0
0.025676694402542007,0.6353715279124755,3.9363445925458094,/home/lmres/storage/projects/cwru-fault-detection/data/mat_files/318.mat,12000,3,1730,fan,outer_3,0.021,FE_0
0.021806643500430368,0.579776084073402,3.6051858861330577,/home/lmres/storage/projects/cwru-fault-detection/data/mat_files/318.mat,12000,3,1730,fan,outer_3,0.021,FE_0
0.007313683945956704,0.9000030231018782,2.685544425956392,/home/lmres/storage/projects/cwru-fault-detection/data/mat_files/302.mat,12000,0,1797,fan,outer_12,0.007,BA_0
0.007317371268916002,0.8958945703895778,2.678182854768357,/home/lmres/storage/projects/cwru-fault-detection/data/mat_files/302.mat,12000,0,1797,fan,outer_12,0.007,BA_0
0.007282786183903461,0.9074174165902485,2.678859350385209,/home/lmres/storage/projects/cwru-fault-detection/data/mat_files/302.mat,12000,0,1797,fan,outer_12,0.007,BA_0
0.007368348297174932,0.9076001713547738,2.6906400383005225,/home/lmres/storage/projects/cwru-fault-detection/data/mat_files/302.mat,12000,0,1797,fan,outer_12,0.007,BA_0
0.0073758494302312155,0.8953407704159445,2.69204091599089,/home/lmres/storage/projects/cwru-fault-detection/data/mat_files/302.mat,12000,0,1797,fan,outer_12,0.007,BA_0
0.007355665287393536,0.8994960216490654,2.6808792497667806,/home/lmres/storage/projects/cwru-fault-detection/data/mat_files/302.mat,12000,0,1797,fan,outer_12,0.007,BA_0
0.007312376786004812,0.9012897656594387,2.661921515877183,/home/lmres/storage/projects/cwru-fault-detection/data/mat_files/302.mat,12000,0,1797,fan,outer_12,0.007,BA_0
0.007336295911836535,0.9033936326552454,2.702732043683417,/home/lmres/storage/projects/cwru-fault-detection/data/mat_files/302.mat,12000,0,1797,fan,outer_12,0.007,BA_0
0.0073623427250668946,0.9002986706357127,2.6545991545116907,/home/lmres/storage/projects/cwru-fault-detection/data/mat_files/302.mat,12000,0,1797,fan,outer_12,0.007,BA_0
0.007367999276957119,0.9045939563430145,2.629981509686129,/home/lmres/storage/projects/cwru-fault-detection/data/mat_files/302.mat,12000,0,1797,fan,outer_12,0.007,BA_0
0.010020844282114924,0.5803660197479601,3.3421331025581673,/home/lmres/storage/projects/cwru-fault-detection/data/mat_files/302.mat,12000,0,1797,fan,outer_12,0.007,DE_0
0.009699674875211296,0.6190877388296343,3.3626060259054613,/home/lmres/storage/projects/cwru-fault-detection/data/mat_files/302.mat,12000,0,1797,fan,outer_12,0.007,DE_0
0.00994513699077018,0.6057820090587019,3.3944404404461563,/home/lmres/storage/projects/cwru-fault-detection/data/mat_files/302.mat,12000,0,1797,fan,outer_12,0.007,DE_0
0.010431681072811491,0.6020363995815246,3.3643122119381883,/home/lmres/storage/projects/cwru-fault-detection/data/mat_files/302.mat,12000,0,1797,fan,outer_12,0.007,DE_0
0.010778286485948346,0.575459780247807,3.3161522930723546,/home/lmres/storage/projects/cwru-fault-detection/data/mat_files/302.mat,12000,0,1797,fan,outer_12,0.007,DE_0
0.008883790956575969,0.6539403637534191,3.3194352101417097,/home/lmres/storage/projects/cwru-fault-detection/data/mat_files/302.mat,12000,0,1797,fan,outer_12,0.007,DE_0
0.009652819435138146,0.5961601006882833,3.3124447356863076,/home/lmres/storage/projects/cwru-fault-detection/data/mat_files/302.mat,12000,0,1797,fan,outer_12,0.007,DE_0
0.009877040649536362,0.6145087471691454,3.261615658202851,/home/lmres/storage/projects/cwru-fault-detection/data/mat_files/302.mat,12000,0,1797,fan,outer_12,0.007,DE_0
0.010751683415732948,0.596966391178608,3.341680697321678,/home/lmres/storage/projects/cwru-fault-detection/data/mat_files/302.mat,12000,0,1797,fan,outer_12,0.007,DE_0
0.008999408070132785,0.6421967788342255,3.337269322736447,/home/lmres/storage/projects/cwru-fault-detection/data/mat_files/302.mat,12000,0,1797,fan,outer_12,0.007,DE_0
0.019815251033613368,0.5147492019990023,2.960494030146514,/home/lmres/storage/projects/cwru-fault-detection/data/mat_files/302.mat,12000,0,1797,fan,outer_12,0.007,FE_0
0.016627942035826144,0.5249095185721865,3.068925147216905,/home/lmres/storage/projects/cwru-fault-detection/data/mat_files/302.mat,12000,0,1797,fan,outer_12,0.007,FE_0
0.013230862449976778,0.7208070078776316,3.0302888029636126,/home/lmres/storage/projects/cwru-fault-detection/data/mat_files/302.mat,12000,0,1797,fan,outer_12,0.007,FE_0
0.014704975944627666,0.6503420591496916,3.0267369075179507,/home/lmres/storage/projects/cwru-fault-detection/data/mat_files/302.mat,12000,0,1797,fan,outer_12,0.007,FE_0
0.023184320744678383,0.4473770366748971,2.701083920171395,/home/lmres/storage/projects/cwru-fault-detection/data/mat_files/302.mat,12000,0,1797,fan,outer_12,0.007,FE_0
0.013256704640503566,0.6920579344338131,2.9544741354940025,/home/lmres/storage/projects/cwru-fault-detection/data/mat_files/302.mat,12000,0,1797,fan,outer_12,0.007,FE_0
0.013252064456382771,0.6580533994517225,3.0456187982980056,/home/lmres/storage/projects/cwru-fault-detection/data/mat_files/302.mat,12000,0,1797,fan,outer_12,0.007,FE_0
0.015062267585824698,0.6036098341889049,3.155221045576714,/home/lmres/storage/projects/cwru-fault-detection/data/mat_files/302.mat,12000,0,1797,fan,outer_12,0.007,FE_0
0.024070874025798338,0.47274637602096314,3.451266644749038,/home/lmres/storage/projects/cwru-fault-detection/data/mat_files/302.mat,12000,0,1797,fan,outer_12,0.007,FE_0
0.012036632878874725,0.7502208503716734,2.9461608858089696,/home/lmres/storage/projects/cwru-fault-detection/data/mat_files/302.mat,12000,0,1797,fan,outer_12,0.007,FE_0
0.013940220444238439,0.9554980666453065,1.8903748244734597,/home/lmres/storage/projects/cwru-fault-detection/data/mat_files/305.mat,12000,1,1772,fan,outer_12,0.007,BA_0
0.013715235162536919,0.9548090835445379,1.8842942903158195,/home/lmres/storage/projects/cwru-fault-detection/data/mat_files/305.mat,12000,1,1772,fan,outer_12,0.007,BA_0
0.013975670397145517,0.9529438498748711,1.8752709789510134,/home/lmres/storage/projects/cwru-fault-detection/data/mat_files/305.mat,12000,1,1772,fan,outer_12,0.007,BA_0
0.014071359688653617,0.9516690038964698,1.88040532341694,/home/lmres/storage/projects/cwru-fault-detection/data/mat_files/305.mat,12000,1,1772,fan,outer_12,0.007,BA_0
0.013776620473852565,0.95224651284915,1.8886594894578297,/home/lmres/storage/projects/cwru-fault-detection/data/mat_files/305.mat,12000,1,1772,fan,outer_12,0.007,BA_0
0.01401643828504932,0.9540667287644539,1.8825641261379495,/home/lmres/storage/projects/cwru-fault-detection/data/mat_files/305.mat,12000,1,1772,fan,outer_12,0.007,BA_0
0.014187723337377188,0.9538305211862035,1.873355190421698,/home/lmres/storage/projects/cwru-fault-detection/data/mat_files/305.mat,12000,1,1772,fan,outer_12,0.007,BA_0
0.013907478088066758,0.9514638820765069,1.880471450815159,/home/lmres/storage/projects/cwru-fault-detection/data/mat_files/305.mat,12000,1,1772,fan,outer_12,0.007,BA_0
0.014007488630309756,0.9523043463232636,1.891123291169903,/home/lmres/storage/projects/cwru-fault-detection/data/mat_files/305.mat,12000,1,1772,fan,outer_12,0.007,BA_0
0.014297612091398482,0.9527503107147411,1.8684566746463738,/home/lmres/storage/projects/cwru-fault-detection/data/mat_files/305.mat,12000,1,1772,fan,outer_12,0.007,BA_0
0.010433226043348351,0.5694020985365387,2.9647514605713106,/home/lmres/storage/projects/cwru-fault-detection/data/mat_files/305.mat,12000,1,1772,fan,outer_12,0.007,DE_0
0.01031885808883175,0.5496331119826743,3.535501917471679,/home/lmres/storage/projects/cwru-fault-detection/data/mat_files/305.mat,12000,1,1772,fan,outer_12,0.007,DE_0
0.010988750123049623,0.6428790660212332,7.0924765068247755,/home/lmres/storage/projects/cwru-fault-detection/data/mat_files/305.mat,12000,1,1772,fan,outer_12,0.007,DE_0
0.009911215847641219,0.5327401968758263,3.10985330425097,/home/lmres/storage/projects/cwru-fault-detection/data/mat_files/305.mat,12000,1,1772,fan,outer_12,0.007,DE_0
0.010015975241826945,0.5456491323824805,3.0094926875985353,/home/lmres/storage/projects/cwru-fault-detection/data/mat_files/305.mat,12000,1,1772,fan,outer_12,0.007,DE_0
0.009796389444175704,0.567835002651072,2.9940888378550947,/home/lmres/storage/projects/cwru-fault-detection/data/mat_files/305.mat,12000,1,1772,fan,outer_12,0.007,DE_0
0.01038988387650873,0.5716681305921102,3.0714110060720934,/home/lmres/storage/projects/cwru-fault-detection/data/mat_files/305.mat,12000,1,1772,fan,outer_12,0.007,DE_0
0.010270672442257085,0.5556543446214507,3.1250588721552672,/home/lmres/storage/projects/cwru-fault-detection/data/mat_files/305.mat,12000,1,1772,fan,outer_12,0.007,DE_0
0.010561883621809718,0.5708472900291056,3.0672782082266523,/home/lmres/storage/projects/cwru-fault-detection/data/mat_files/305.mat,12000,1,1772,fan,outer_12,0.007,DE_0
0.00987590908905347,0.5864331437295974,3.0553290244951135,/home/lmres/storage/projects/cwru-fault-detection/data/mat_files/305.mat,12000,1,1772,fan,outer_12,0.007,DE_0
0.026416743053483807,0.6278779684678979,3.7302342427033692,/home/lmres/storage/projects/cwru-fault-detection/data/mat_files/305.mat,12000,1,1772,fan,outer_12,0.007,FE_0
0.029752343091566047,0.6496343484277861,6.800382988091232,/home/lmres/storage/projects/cwru-fault-detection/data/mat_files/305.mat,12000,1,1772,fan,outer_12,0.007,FE_0
0.03682675384229474,0.763249440260418,18.678409658693155,/home/lmres/storage/projects/cwru-fault-detection/data/mat_files/305.mat,12000,1,1772,fan,outer_12,0.007,FE_0
0.026596717254166236,0.6358098144527748,3.487239653920584,/home/lmres/storage/projects/cwru-fault-detection/data/mat_files/305.mat,12000,1,1772,fan,outer_12,0.007,FE_0
0.028199851987367092,0.6366141324235202,3.6565604257409743,/home/lmres/storage/projects/cwru-fault-detection/data/mat_files/305.mat,12000,1,1772,fan,outer_12,0.007,FE_0
0.025887443604588573,0.6354835519333635,3.5891730628956053,/home/lmres/storage/projects/cwru-fault-detection/data/mat_files/305.mat,12000,1,1772,fan,outer_12,0.007,FE_0
0.026286786581783086,0.6392215443430287,3.5411299305181636,/home/lmres/storage/projects/cwru-fault-detection/data/mat_files/305.mat,12000,1,1772,fan,outer_12,0.007,FE_0
0.02875023493127435,0.6560712816099522,3.715826653789704,/home/lmres/storage/projects/cwru-fault-detection/data/mat_files/305.mat,12000,1,1772,fan,outer_12,0.007,FE_0
0.027824433384767058,0.6394940880836664,3.6435864997572582,/home/lmres/storage/projects/cwru-fault-detection/data/mat_files/305.mat,12000,1,1772,fan,outer_12,0.007,FE_0
0.025999914241779776,0.6630750476630638,3.3397229658981415,/home/lmres/storage/projects/cwru-fault-detection/data/mat_files/305.mat,12000,1,1772,fan,outer_12,0.007,FE_0
0.022581834996736886,0.9682821770468146,1.7341621101149414,/home/lmres/storage/projects/cwru-fault-detection/data/mat_files/306.mat,12000,2,1750,fan,outer_12,0.007,BA_0
0.022695948618384015,0.9692214336226074,1.7314741427516873,/home/lmres/storage/projects/cwru-fault-detection/data/mat_files/306.mat,12000,2,1750,fan,outer_12,0.007,BA_0
0.02240043356279031,0.9687101309861402,1.7355357667150768,/home/lmres/storage/projects/cwru-fault-detection/data/mat_files/306.mat,12000,2,1750,fan,outer_12,0.007,BA_0
0.0226696300209199,0.9688361942913685,1.734833613713271,/home/lmres/storage/projects/cwru-fault-detection/data/mat_files/306.mat,12000,2,1750,fan,outer_12,0.007,BA_0
0.02279879744147585,0.9683500471950227,1.737210284277006,/home/lmres/storage/projects/cwru-fault-detection/data/mat_files/306.mat,12000,2,1750,fan,outer_12,0.007,BA_0
0.02236334424190227,0.9685613136691719,1.7431100315399068,/home/lmres/storage/projects/cwru-fault-detection/data/mat_files/306.mat,12000,2,1750,fan,outer_12,0.007,BA_0
0.022734622049298436,0.969013204750916,1.7365780092194008,/home/lmres/storage/projects/cwru-fault-detection/data/mat_files/306.mat,12000,2,1750,fan,outer_12,0.007,BA_0
0.02276723226515841,0.9694315932423259,1.7383310267620447,/home/lmres/storage/projects/cwru-fault-detection/data/mat_files/306.mat,12000,2,1750,fan,outer_12,0.007,BA_0
0.02245709006406408,0.9695432524818279,1.7366242241773728,/home/lmres/storage/projects/cwru-fault-detection/data/mat_files/306.mat,12000,2,1750,fan,outer_12,0.007,BA_0
0.022732843079625583,0.9688167043012824,1.7410010866747911,/home/lmres/storage/projects/cwru-fault-detection/data/mat_files/306.mat,12000,2,1750,fan,outer_12,0.007,BA_0
0.010977165168264405,0.45454576571770333,2.9342608625294435,/home/lmres/storage/projects/cwru-fault-detection/data/mat_files/306.mat,12000,2,1750,fan,outer_12,0.007,DE_0
0.01101464724790854,0.46905540910192506,2.9363638865177384,/home/lmres/storage/projects/cwru-fault-detection/data/mat_files/306.mat,12000,2,1750,fan,outer_12,0.007,DE_0
0.011308330331036384,0.4642756596210082,2.9774101470662466,/home/lmres/storage/projects/cwru-fault-detection/data/mat_files/306.mat,12000,2,1750,fan,outer_12,0.007,DE_0
0.011454578335971488,0.46338206920476377,3.0045930150401357,/home/lmres/storage/projects/cwru-fault-detection/data/mat_files/306.mat,12000,2,1750,fan,outer_12,0.007,DE_0
0.011411932313294628,0.48326218393775316,3.0208749316363,/home/lmres/storage/projects/cwru-fault-detection/data/mat_files/306.mat,12000,2,1750,fan,outer_12,0.007,DE_0
0.011944394869311935,0.47753806879370353,2.962136343522999,/home/lmres/storage/projects/cwru-fault-detection/data/mat_files/306.mat,12000,2,1750,fan,outer_12,0.007,DE_0
0.012781242824290748,0.5222262665362967,3.4726349154847878,/home/lmres/storage/projects/cwru-fault-detection/data/mat_files/306.mat,12000,2,1750,fan,outer_12,0.007,DE_0
0.011569797581657295,0.4637951571225335,2.9088917699365413,/home/lmres/storage/projects/cwru-fault-detection/data/mat_files/306.mat,12000,2,1750,fan,outer_12,0.007,DE_0
0.011340536218532477,0.468382682318364,2.9662744080360595,/home/lmres/storage/projects/cwru-fault-detection/data/mat_files/306.mat,12000,2,1750,fan,outer_12,0.007,DE_0
0.011431215942178354,0.47187674290183684,2.9895499693201195,/home/lmres/storage/projects/cwru-fault-detection/data/mat_files/306.mat,12000,2,1750,fan,outer_12,0.007,DE_0
0.027888818058574,0.7203718863240541,3.2075801499853713,/home/lmres/storage/projects/cwru-fault-detection/data/mat_files/306.mat,12000,2,1750,fan,outer_12,0.007,FE_0
0.026585370310206153,0.7218394784368225,3.274604532879636,/home/lmres/storage/projects/cwru-fault-detection/data/mat_files/306.mat,12000,2,1750,fan,outer_12,0.007,FE_0
0.02799905102145579,0.7184838573650608,3.259199506201059,/home/lmres/storage/projects/cwru-fault-detection/data/mat_files/306.mat,12000,2,1750,fan,outer_12,0.007,FE_0
0.027933896167112057,0.7202713372087785,3.3513603394394664,/home/lmres/storage/projects/cwru-fault-detection/data/mat_files/306.mat,12000,2,1750,fan,outer_12,0.007,FE_0
0.02638728088078287,0.714944823470321,3.2067539328337693,/home/lmres/storage/projects/cwru-fault-detection/data/mat_files/306.mat,12000,2,1750,fan,outer_12,0.007,FE_0
0.027784950673740337,0.7078048035019348,3.2093285898198376,/home/lmres/storage/projects/cwru-fault-detection/data/mat_files/306.mat,12000,2,1750,fan,outer_12,0.007,FE_0
0.042783042872538556,0.8133505629372029,10.326710729220363,/home/lmres/storage/projects/cwru-fault-detection/data/mat_files/306.mat,12000,2,1750,fan,outer_12,0.007,FE_0
0.02876842763191977,0.7278668455997873,3.4817485263985013,/home/lmres/storage/projects/cwru-fault-detection/data/mat_files/306.mat,12000,2,1750,fan,outer_12,0.007,FE_0
0.026243493808042084,0.717806415273987,3.245737099868585,/home/lmres/storage/projects/cwru-fault-detection/data/mat_files/306.mat,12000,2,1750,fan,outer_12,0.007,FE_0
0.026395911807028286,0.7047343314552384,3.250939263976587,/home/lmres/storage/projects/cwru-fault-detection/data/mat_files/306.mat,12000,2,1750,fan,outer_12,0.007,FE_0
0.03239316805635687,0.9636870203319757,1.7083756477973617,/home/lmres/storage/projects/cwru-fault-detection/data/mat_files/307.mat,12000,3,1730,fan,outer_12,0.007,BA_0
0.03235744727000166,0.9641307258517823,1.766587488245318,/home/lmres/storage/projects/cwru-fault-detection/data/mat_files/307.mat,12000,3,1730,fan,outer_12,0.007,BA_0
0.03255067680459596,0.9655503536013692,1.739917887667705,/home/lmres/storage/projects/cwru-fault-detection/data/mat_files/307.mat,12000,3,1730,fan,outer_12,0.007,BA_0
0.03245907681341821,0.9654150074944752,1.7356019392946112,/home/lmres/storage/projects/cwru-fault-detection/data/mat_files/307.mat,12000,3,1730,fan,outer_12,0.007,BA_0
0.032431742309821245,0.9648604078125256,1.7467038658383127,/home/lmres/storage/projects/cwru-fault-detection/data/mat_files/307.mat,12000,3,1730,fan,outer_12,0.007,BA_0
0.03262845647072918,0.9645156470300609,1.6638356734744926,/home/lmres/storage/projects/cwru-fault-detection/data/mat_files/307.mat,12000,3,1730,fan,outer_12,0.007,BA_0
0.03245407714955518,0.9650367202954896,1.639232279697555,/home/lmres/storage/projects/cwru-fault-detection/data/mat_files/307.mat,12000,3,1730,fan,outer_12,0.007,BA_0
0.032648222277745116,0.9639214258124108,1.6570117860292677,/home/lmres/storage/projects/cwru-fault-detection/data/mat_files/307.mat,12000,3,1730,fan,outer_12,0.007,BA_0
0.032436770537189255,0.9648313588369049,1.668722967644295,/home/lmres/storage/projects/cwru-fault-detection/data/mat_files/307.mat,12000,3,1730,fan,outer_12,0.007,BA_0
0.032626075763721826,0.9637136683298604,1.679782828913912,/home/lmres/storage/projects/cwru-fault-detection/data/mat_files/307.mat,12000,3,1730,fan,outer_12,0.007,BA_0
0.012300376000359386,0.5122370792653965,3.0634016760479192,/home/lmres/storage/projects/cwru-fault-detection/data/mat_files/307.mat,12000,3,1730,fan,outer_12,0.007,DE_0
0.011957347451082503,0.4856916420280297,3.0873713707354744,/home/lmres/storage/projects/cwru-fault-detection/data/mat_files/307.mat,12000,3,1730,fan,outer_12,0.007,DE_0
0.012255261220538998,0.4876581230726975,3.0260091361517247,/home/lmres/storage/projects/cwru-fault-detection/data/mat_files/307.mat,12000,3,1730,fan,outer_12,0.007,DE_0
0.011740398503905316,0.5068234567718466,3.078126978393317,/home/lmres/storage/projects/cwru-fault-detection/data/mat_files/307.mat,12000,3,1730,fan,outer_12,0.007,DE_0
0.01227246540768158,0.4767996239860518,3.034178798429593,/home/lmres/storage/projects/cwru-fault-detection/data/mat_files/307.mat,12000,3,1730,fan,outer_12,0.007,DE_0
0.011691214605154418,0.48995078711833373,3.054590632727781,/home/lmres/storage/projects/cwru-fault-detection/data/mat_files/307.mat,12000,3,1730,fan,outer_12,0.007,DE_0
0.01225413821927251,0.5074311661381657,2.9952124722117284,/home/lmres/storage/projects/cwru-fault-detection/data/mat_files/307.mat,12000,3,1730,fan,outer_12,0.007,DE_0
0.013109757746114198,0.5109306923989397,3.0470134085765226,/home/lmres/storage/projects/cwru-fault-detection/data/mat_files/307.mat,12000,3,1730,fan,outer_12,0.007,DE_0
0.012235002587013787,0.5346754652104827,3.1724186191539783,/home/lmres/storage/projects/cwru-fault-detection/data/mat_files/307.mat,12000,3,1730,fan,outer_12,0.007,DE_0
0.012929499129948676,0.5064475068579974,2.9780929820970017,/home/lmres/storage/projects/cwru-fault-detection/data/mat_files/307.mat,12000,3,1730,fan,outer_12,0.007,DE_0
0.02860593160315773,0.7998423659290523,3.1616765113436287,/home/lmres/storage/projects/cwru-fault-detection/data/mat_files/307.mat,12000,3,1730,fan,outer_12,0.007,FE_0
0.027899803735030558,0.7824537452268938,3.2723009997142354,/home/lmres/storage/projects/cwru-fault-detection/data/mat_files/307.mat,12000,3,1730,fan,outer_12,0.007,FE_0
0.02934909746387461,0.795983936981311,3.228051691938914,/home/lmres/storage/projects/cwru-fault-detection/data/mat_files/307.mat,12000,3,1730,fan,outer_12,0.007,FE_0
0.02885195050333496,0.8029775478089693,3.2014834776198375,/home/lmres/storage/projects/cwru-fault-detection/data/mat_files/307.mat,12000,3,1730,fan,outer_12,0.007,FE_0
0.03008794098100132,0.7980286134521681,3.2526978769036607,/home/lmres/storage/projects/cwru-fault-detection/data/mat_files/307.mat,12000,3,1730,fan,outer_12,0.007,FE_0
0.028286408087417735,0.7892835099843286,3.3514313994062874,/home/lmres/storage/projects/cwru-fault-detection/data/mat_files/307.mat,12000,3,1730,fan,outer_12,0.007,FE_0
0.029386320645248577,0.8020033304804611,3.4005924891170776,/home/lmres/storage/projects/cwru-fault-detection/data/mat_files/307.mat,12000,3,1730,fan,outer_12,0.007,FE_0
0.02960573179953578,0.7928137150619655,3.294463302133144,/home/lmres/storage/projects/cwru-fault-detection/data/mat_files/307.mat,12000,3,1730,fan,outer_12,0.007,FE_0
0.031098339337888803,0.8157797678067155,3.2717215139088704,/home/lmres/storage/projects/cwru-fault-detection/data/mat_files/307.mat,12000,3,1730,fan,outer_12,0.007,FE_0
0.030094707783055678,0.8002464297440414,3.2056706107015676,/home/lmres/storage/projects/cwru-fault-detection/data/mat_files/307.mat,12000,3,1730,fan,outer_12,0.007,FE_0
0.00821291213425729,0.13002228897800583,3.1785637105178743,/home/lmres/storage/projects/cwru-fault-detection/data/mat_files/105.mat,12000,0,1797,drive,inner,0.007,BA_0
0.00824524996912961,0.12903196826384092,3.0728509470066063,/home/lmres/storage/projects/cwru-fault-detection/data/mat_files/105.mat,12000,0,1797,drive,inner,0.007,BA_0
0.008198662223439799,0.13064801558620287,3.0093076731495945,/home/lmres/storage/projects/cwru-fault-detection/data/mat_files/105.mat,12000,0,1797,drive,inner,0.007,BA_0
0.008268232901145613,0.12566821641583992,3.0449042551809278,/home/lmres/storage/projects/cwru-fault-detection/data/mat_files/105.mat,12000,0,1797,drive,inner,0.007,BA_0
0.008359939116137754,0.12657374130966742,3.0947694541301702,/home/lmres/storage/projects/cwru-fault-detection/data/mat_files/105.mat,12000,0,1797,drive,inner,0.007,BA_0
0.008252191538743861,0.1331630173307198,3.0414408960425363,/home/lmres/storage/projects/cwru-fault-detection/data/mat_files/105.mat,12000,0,1797,drive,inner,0.007,BA_0
0.008031102786972022,0.1311473846694874,3.016448847539621,/home/lmres/storage/projects/cwru-fault-detection/data/mat_files/105.mat,12000,0,1797,drive,inner,0.007,BA_0
0.008144026036901194,0.12888159361661297,3.062443218529581,/home/lmres/storage/projects/cwru-fault-detection/data/mat_files/105.mat,12000,0,1797,drive,inner,0.007,BA_0
0.008104221546992828,0.13085112961555148,3.1593743275681803,/home/lmres/storage/projects/cwru-fault-detection/data/mat_files/105.mat,12000,0,1797,drive,inner,0.007,BA_0
0.00824466417657918,0.1317321217801721,3.1362433889171024,/home/lmres/storage/projects/cwru-fault-detection/data/mat_files/105.mat,12000,0,1797,drive,inner,0.007,BA_0
0.08369576993937844,0.7830352442887005,5.632106309795958,/home/lmres/storage/projects/cwru-fault-detection/data/mat_files/105.mat,12000,0,1797,drive,inner,0.007,DE_0
0.08380586082683265,0.7828269048705346,5.129411829842863,/home/lmres/storage/projects/cwru-fault-detection/data/mat_files/105.mat,12000,0,1797,drive,inner,0.007,DE_0
0.08642224303058138,0.7878534667704534,5.170902739099672,/home/lmres/storage/projects/cwru-fault-detection/data/mat_files/105.mat,12000,0,1797,drive,inner,0.007,DE_0
0.08508048598237222,0.7856675480936134,5.587381198263341,/home/lmres/storage/projects/cwru-fault-detection/data/mat_files/105.mat,12000,0,1797,drive,inner,0.007,DE_0
0.084646483297111,0.7844693038429913,5.463266247620681,/home/lmres/storage/projects/cwru-fault-detection/data/mat_files/105.mat,12000,0,1797,drive,inner,0.007,DE_0
0.08453441873067633,0.7858464252566674,5.26557227680813,/home/lmres/storage/projects/cwru-fault-detection/data/mat_files/105.mat,12000,0,1797,drive,inner,0.007,DE_0
0.08633451262600034,0.7896954986087095,5.051581731509621,/home/lmres/storage/projects/cwru-fault-detection/data/mat_files/105.mat,12000,0,1797,drive,inner,0.007,DE_0
0.0850461100904318,0.7870009255157372,5.5711165335135675,/home/lmres/storage/projects/cwru-fault-detection/data/mat_files/105.mat,12000,0,1797,drive,inner,0.007,DE_0
0.08382910506782836,0.7834193217666124,5.555378288835924,/home/lmres/storage/projects/cwru-fault-detection/data/mat_files/105.mat,12000,0,1797,drive,inner,0.007,DE_0
0.08568658565768233,0.7888556686481983,5.542989245383581,/home/lmres/storage/projects/cwru-fault-detection/data/mat_files/105.mat,12000,0,1797,drive,inner,0.007,DE_0
0.060822779154719,0.24607597288011734,3.242574736003633,/home/lmres/storage/projects/cwru-fault-detection/data/mat_files/105.mat,12000,0,1797,drive,inner,0.007,FE_0
0.06101747224500578,0.2434986011276825,3.3269739396881466,/home/lmres/storage/projects/cwru-fault-detection/data/mat_files/105.mat,12000,0,1797,drive,inner,0.007,FE_0
0.060054526321405226,0.2574804757285186,3.35619917907567,/home/lmres/storage/projects/cwru-fault-detection/data/mat_files/105.mat,12000,0,1797,drive,inner,0.007,FE_0
0.05976629150500605,0.2561058307270943,3.2994676882188863,/home/lmres/storage/projects/cwru-fault-detection/data/mat_files/105.mat,12000,0,1797,drive,inner,0.007,FE_0
0.060720673105530844,0.25400238390513935,3.255176964281813,/home/lmres/storage/projects/cwru-fault-detection/data/mat_files/105.mat,12000,0,1797,drive,inner,0.007,FE_0
0.06017499161065234,0.2630153724183456,3.372146139493911,/home/lmres/storage/projects/cwru-fault-detection/data/mat_files/105.mat,12000,0,1797,drive,inner,0.007,FE_0
0.05992532716279283,0.2517798590831724,3.38879470967483,/home/lmres/storage/projects/cwru-fault-detection/data/mat_files/105.mat,12000,0,1797,drive,inner,0.007,FE_0
0.05991276977642974,0.2501637013606909,3.3739070009244534,/home/lmres/storage/projects/cwru-fault-detection/data/mat_files/105.mat,12000,0,1797,drive,inner,0.007,FE_0
0.060317998905560055,0.2639854810422298,3.3612872887631555,/home/lmres/storage/projects/cwru-fault-detection/data/mat_files/105.mat,12000,0,1797,drive,inner,0.007,FE_0
0.06053563753708374,0.26077442873019957,3.27172999663022,/home/lmres/storage/projects/cwru-fault-detection/data/mat_files/105.mat,12000,0,1797,drive,inner,0.007,FE_0
0.009211253515036691,0.08805387454892599,3.1222860543575455,/home/lmres/storage/projects/cwru-fault-detection/data/mat_files/106.mat,12000,1,1772,drive,inner,0.007,BA_0
0.009288215748667283,0.08852102305456057,3.0764247153128457,/home/lmres/storage/projects/cwru-fault-detection/data/mat_files/106.mat,12000,1,1772,drive,inner,0.007,BA_0
0.009159274769976767,0.0891276701440068,3.084494360459528,/home/lmres/storage/projects/cwru-fault-detection/data/mat_files/106.mat,12000,1,1772,drive,inner,0.007,BA_0
0.00914498404769525,0.09033420578685063,3.104408884396214,/home/lmres/storage/projects/cwru-fault-detection/data/mat_files/106.mat,12000,1,1772,drive,inner,0.007,BA_0
0.00922704273090107,0.08955427230223899,3.082242969140192,/home/lmres/storage/projects/cwru-fault-detection/data/mat_files/106.mat,12000,1,1772,drive,inner,0.007,BA_0
0.009280620994192124,0.08881761127375598,3.1225172975589515,/home/lmres/storage/projects/cwru-fault-detection/data/mat_files/106.mat,12000,1,1772,drive,inner,0.007,BA_0
0.009179440153856072,0.0904409992063697,3.1564675332588084,/home/lmres/storage/projects/cwru-fault-detection/data/mat_files/106.mat,12000,1,1772,drive,inner,0.007,BA_0
0.009202286595584627,0.09227167630415761,3.0829544602433114,/home/lmres/storage/projects/cwru-fault-detection/data/mat_files/106.mat,12000,1,1772,drive,inner,0.007,BA_0
0.009221526990940705,0.09125671991112849,3.0990712175915345,/home/lmres/storage/projects/cwru-fault-detection/data/mat_files/106.mat,12000,1,1772,drive,inner,0.007,BA_0
0.009211590487652577,0.09030314889835453,3.1416268823107294,/home/lmres/storage/projects/cwru-fault-detection/data/mat_files/106.mat,12000,1,1772,drive,inner,0.007,BA_0
0.08592908711519387,0.7943180386069311,5.385723617891519,/home/lmres/storage/projects/cwru-fault-detection/data/mat_files/106.mat,12000,1,1772,drive,inner,0.007,DE_0
0.08334382620788798,0.7880403190285123,5.513064334505767,/home/lmres/storage/projects/cwru-fault-detection/data/mat_files/106.mat,12000,1,1772,drive,inner,0.007,DE_0
0.08631141490625877,0.7929105362253936,5.515130970006624,/home/lmres/storage/projects/cwru-fault-detection/data/mat_files/106.mat,12000,1,1772,drive,inner,0.007,DE_0
0.0844005988362678,0.7918889239980483,5.80470590768056,/home/lmres/storage/projects/cwru-fault-detection/data/mat_files/106.mat,12000,1,1772,drive,inner,0.007,DE_0
0.08620200534989238,0.7919808809907886,5.680329109946834,/home/lmres/storage/projects/cwru-fault-detection/data/mat_files/106.mat,12000,1,1772,drive,inner,0.007,DE_0
0.08736531139704536,0.7953792898013972,5.599804865150135,/home/lmres/storage/projects/cwru-fault-detection/data/mat_files/106.mat,12000,1,1772,drive,inner,0.007,DE_0
0.08566022535653128,0.7945549972358522,5.446961334561388,/home/lmres/storage/projects/cwru-fault-detection/data/mat_files/106.mat,12000,1,1772,drive,inner,0.007,DE_0
0.08482716187945297,0.7913133654149176,5.302496394808537,/home/lmres/storage/projects/cwru-fault-detection/data/mat_files/106.mat,12000,1,1772,drive,inner,0.007,DE_0
0.08673267062719121,0.7939698402870308,5.558193036029161,/home/lmres/storage/projects/cwru-fault-detection/data/mat_files/106.mat,12000,1,1772,drive,inner,0.007,DE_0
0.08691527882527744,0.7946060586492966,5.582902591956453,/home/lmres/storage/projects/cwru-fault-detection/data/mat_files/106.mat,12000,1,1772,drive,inner,0.007,DE_0
0.05643363917403912,0.26933327820554104,3.3420801416194723,/home/lmres/storage/projects/cwru-fault-detection/data/mat_files/106.mat,12000,1,1772,drive,inner,0.007,FE_0
0.057599006071149574,0.2703802692598774,3.3086956775308707,/home/lmres/storage/projects/cwru-fault-detection/data/mat_files/106.mat,12000,1,1772,drive,inner,0.007,FE_0
0.057300316300066656,0.268163120381071,3.3495197015288896,/home/lmres/storage/projects/cwru-fault-detection/data/mat_files/106.mat,12000,1,1772,drive,inner,0.007,FE_0
0.05723601817644821,0.26973324548554745,3.2722115419355693,/home/lmres/storage/projects/cwru-fault-detection/data/mat_files/106.mat,12000,1,1772,drive,inner,0.007,FE_0
0.058960100875191455,0.27631797271981473,3.2489084384806954,/home/lmres/storage/projects/cwru-fault-detection/data/mat_files/106.mat,12000,1,1772,drive,inner,0.007,FE_0
0.05791505263488595,0.2800748926692152,3.3830917190355336,/home/lmres/storage/projects/cwru-fault-detection/data/mat_files/106.mat,12000,1,1772,drive,inner,0.007,FE_0
0.058001479143541035,0.27505911207502737,3.405035434397378,/home/lmres/storage/projects/cwru-fault-detection/data/mat_files/106.mat,12000,1,1772,drive,inner,0.007,FE_0
0.05797443770107878,0.2720286327175441,3.4229639805955068,/home/lmres/storage/projects/cwru-fault-detection/data/mat_files/106.mat,12000,1,1772,drive,inner,0.007,FE_0
0.05694422312365013,0.276399337090098,3.4641871567339906,/home/lmres/storage/projects/cwru-fault-detection/data/mat_files/106.mat,12000,1,1772,drive,inner,0.007,FE_0
0.05775476505227823,0.27598128326752425,3.359277415735412,/home/lmres/storage/projects/cwru-fault-detection/data/mat_files/106.mat,12000,1,1772,drive,inner,0.007,FE_0
0.009141701800693992,0.07268019195924678,3.2612759681845556,/home/lmres/storage/projects/cwru-fault-detection/data/mat_files/107.mat,12000,2,1750,drive,inner,0.007,BA_0
0.009276466931558956,0.07105459786636063,3.3554098605240155,/home/lmres/storage/projects/cwru-fault-detection/data/mat_files/107.mat,12000,2,1750,drive,inner,0.007,BA_0
0.009309053140318243,0.07132019069736854,3.352684901312641,/home/lmres/storage/projects/cwru-fault-detection/data/mat_files/107.mat,12000,2,1750,drive,inner,0.007,BA_0
0.00921046457749937,0.07210588702422958,3.274435220390419,/home/lmres/storage/projects/cwru-fault-detection/data/mat_files/107.mat,12000,2,1750,drive,inner,0.007,BA_0
0.009242991289233074,0.07556193143434874,3.3330965062184807,/home/lmres/storage/projects/cwru-fault-detection/data/mat_files/107.mat,12000,2,1750,drive,inner,0.007,BA_0
0.009483520425014874,0.07308385313286546,3.356715170781558,/home/lmres/storage/projects/cwru-fault-detection/data/mat_files/107.mat,12000,2,1750,drive,inner,0.007,BA_0
0.0092971245918079,0.07702717037925942,3.2858032648637385,/home/lmres/storage/projects/cwru-fault-detection/data/mat_files/107.mat,12000,2,1750,drive,inner,0.007,BA_0
0.009239066544163453,0.07606279896549491,3.2940022809293197,/home/lmres/storage/projects/cwru-fault-detection/data/mat_files/107.mat,12000,2,1750,drive,inner,0.007,BA_0
0.00944127968222396,0.07432190708387423,3.31807964826236,/home/lmres/storage/projects/cwru-fault-detection/data/mat_files/107.mat,12000,2,1750,drive,inner,0.007,BA_0
0.009327721944193849,0.07347481073574046,3.3048112824699967,/home/lmres/storage/projects/cwru-fault-detection/data/mat_files/107.mat,12000,2,1750,drive,inner,0.007,BA_0
0.08869079193215348,0.7856840764901762,5.5366528566288675,/home/lmres/storage/projects/cwru-fault-detection/data/mat_files/107.mat,12000,2,1750,drive,inner,0.007,DE_0
0.08756387086702015,0.7790000837274662,5.590412252248053,/home/lmres/storage/projects/cwru-fault-detection/data/mat_files/107.mat,12000,2,1750,drive,inner,0.007,DE_0
0.0905689336415331,0.7842341789012847,5.513641987344607,/home/lmres/storage/projects/cwru-fault-detection/data/mat_files/107.mat,12000,2,1750,drive,inner,0.007,DE_0
0.08748233327544067,0.7804681775412444,5.644203693707962,/home/lmres/storage/projects/cwru-fault-detection/data/mat_files/107.mat,12000,2,1750,drive,inner,0.007,DE_0
0.0923917453013358,0.7924804846502177,5.632070068505411,/home/lmres/storage/projects/cwru-fault-detection/data/mat_files/107.mat,12000,2,1750,drive,inner,0.007,DE_0
0.08950724027543769,0.7806731865801766,5.467032606647392,/home/lmres/storage/projects/cwru-fault-detection/data/mat_files/107.mat,12000,2,1750,drive,inner,0.007,DE_0
0.08978001143259462,0.7861423316805115,5.543356132831176,/home/lmres/storage/projects/cwru-fault-detection/data/mat_files/107.mat,12000,2,1750,drive,inner,0.007,DE_0
0.08956120437128884,0.7866910159592883,5.535959249552256,/home/lmres/storage/projects/cwru-fault-detection/data/mat_files/107.mat,12000,2,1750,drive,inner,0.007,DE_0
0.0910952270982216,0.78432278723736,5.6980130437927725,/home/lmres/storage/projects/cwru-fault-detection/data/mat_files/107.mat,12000,2,1750,drive,inner,0.007,DE_0
0.09098258429635875,0.7875881132102673,5.481097078713083,/home/lmres/storage/projects/cwru-fault-detection/data/mat_files/107.mat,12000,2,1750,drive,inner,0.007,DE_0
0.054387800715777965,0.319166271490684,3.164732087758758,/home/lmres/storage/projects/cwru-fault-detection/data/mat_files/107.mat,12000,2,1750,drive,inner,0.007,FE_0
0.054344921305724235,0.3113251633013509,3.085910202620287,/home/lmres/storage/projects/cwru-fault-detection/data/mat_files/107.mat,12000,2,1750,drive,inner,0.007,FE_0
0.05520096423970551,0.3053209241716405,3.0907276908402994,/home/lmres/storage/projects/cwru-fault-detection/data/mat_files/107.mat,12000,2,1750,drive,inner,0.007,FE_0
0.05488210331098126,0.3198257136229729,3.154019795458189,/home/lmres/storage/projects/cwru-fault-detection/data/mat_files/107.mat,12000,2,1750,drive,inner,0.007,FE_0
0.055209917327825625,0.3187099766837134,3.1597167527397447,/home/lmres/storage/projects/cwru-fault-detection/data/mat_files/107.mat,12000,2,1750,drive,inner,0.007,FE_0
0.05639039372987162,0.3226454936883689,3.108633183957863,/home/lmres/storage/projects/cwru-fault-detection/data/mat_files/107.mat,12000,2,1750,drive,inner,0.007,FE_0
0.055380780846995034,0.31882371066095944,3.093217343200522,/home/lmres/storage/projects/cwru-fault-detection/data/mat_files/107.mat,12000,2,1750,drive,inner,0.007,FE_0
0.05519013836843636,0.32484326044150436,3.127350788618266,/home/lmres/storage/projects/cwru-fault-detection/data/mat_files/107.mat,12000,2,1750,drive,inner,0.007,FE_0
0.056450110543830305,0.31265730490229354,3.114865630441207,/home/lmres/storage/projects/cwru-fault-detection/data/mat_files/107.mat,12000,2,1750,drive,inner,0.007,FE_0
0.055520619248971614,0.3171084007870691,3.117207815899514,/home/lmres/storage/projects/cwru-fault-detection/data/mat_files/107.mat,12000,2,1750,drive,inner,0.007,FE_0
0.009446234479718625,0.06531223381446026,3.242901842832948,/home/lmres/storage/projects/cwru-fault-detection/data/mat_files/108.mat,12000,3,1730,drive,inner,0.007,BA_0
0.009518843868387436,0.06475692732852768,3.3127585945615876,/home/lmres/storage/projects/cwru-fault-detection/data/mat_files/108.mat,12000,3,1730,drive,inner,0.007,BA_0
0.00948298321360227,0.0643522022050018,3.2961701201982487,/home/lmres/storage/projects/cwru-fault-detection/data/mat_files/108.mat,12000,3,1730,drive,inner,0.007,BA_0
0.00949176238048648,0.06563605619041193,3.266672571067937,/home/lmres/storage/projects/cwru-fault-detection/data/mat_files/108.mat,12000,3,1730,drive,inner,0.007,BA_0
0.009325762238500034,0.066839365481491,3.2430340566598876,/home/lmres/storage/projects/cwru-fault-detection/data/mat_files/108.mat,12000,3,1730,drive,inner,0.007,BA_0
0.009369992641791185,0.06696169580233838,3.231638367146321,/home/lmres/storage/projects/cwru-fault-detection/data/mat_files/108.mat,12000,3,1730,drive,inner,0.007,BA_0
0.009371801911262492,0.06682861463770176,3.3055342782719066,/home/lmres/storage/projects/cwru-fault-detection/data/mat_files/108.mat,12000,3,1730,drive,inner,0.007,BA_0
0.009415493917458622,0.06739287785196177,3.2459423911599736,/home/lmres/storage/projects/cwru-fault-detection/data/mat_files/108.mat,12000,3,1730,drive,inner,0.007,BA_0
0.009339081889445636,0.06738704669926791,3.240725205754446,/home/lmres/storage/projects/cwru-fault-detection/data/mat_files/108.mat,12000,3,1730,drive,inner,0.007,BA_0
0.009261264789721061,0.06821724762533828,3.3010058943400455,/home/lmres/storage/projects/cwru-fault-detection/data/mat_files/108.mat,12000,3,1730,drive,inner,0.007,BA_0
0.0975600160386667,0.7941019358844192,5.219967622167993,/home/lmres/storage/projects/cwru-fault-detection/data/mat_files/108.mat,12000,3,1730,drive,inner,0.007,DE_0
0.0943377259446235,0.7845741022951297,5.214775103480263,/home/lmres/storage/projects/cwru-fault-detection/data/mat_files/108.mat,12000,3,1730,drive,inner,0.007,DE_0
0.09862328067030135,0.797113798777067,5.257145245105645,/home/lmres/storage/projects/cwru-fault-detection/data/mat_files/108.mat,12000,3,1730,drive,inner,0.007,DE_0
0.09822721021109923,0.7921880489772226,5.226916514467317,/home/lmres/storage/projects/cwru-fault-detection/data/mat_files/108.mat,12000,3,1730,drive,inner,0.007,DE_0
0.09728811520958008,0.7911140516042966,5.24409316872702,/home/lmres/storage/projects/cwru-fault-detection/data/mat_files/108.mat,12000,3,1730,drive,inner,0.007,DE_0
0.09830629995798228,0.7933428580242549,5.2877515001252995,/home/lmres/storage/projects/cwru-fault-detection/data/mat_files/108.mat,12000,3,1730,drive,inner,0.007,DE_0
0.09790373191286281,0.7945448972039199,5.354483214450495,/home/lmres/storage/projects/cwru-fault-detection/data/mat_files/108.mat,12000,3,1730,drive,inner,0.007,DE_0
0.1040109884500848,0.8057786063402178,5.375022249302067,/home/lmres/storage/projects/cwru-fault-detection/data/mat_files/108.mat,12000,3,1730,drive,inner,0.007,DE_0
0.09822173451187537,0.7954519610986116,5.39368594985889,/home/lmres/storage/projects/cwru-fault-detection/data/mat_files/108.mat,12000,3,1730,drive,inner,0.007,DE_0
0.10033365465975605,0.7981962315782292,5.302606802895284,/home/lmres/storage/projects/cwru-fault-detection/data/mat_files/108.mat,12000,3,1730,drive,inner,0.007,DE_0
0.051394947655912945,0.2647451037890683,3.1927673729513466,/home/lmres/storage/projects/cwru-fault-detection/data/mat_files/108.mat,12000,3,1730,drive,inner,0.007,FE_0
0.0505931070093179,0.255724499171056,3.181732129542298,/home/lmres/storage/projects/cwru-fault-detection/data/mat_files/108.mat,12000,3,1730,drive,inner,0.007,FE_0
0.05164607985283444,0.2622564563357111,3.253533288220757,/home/lmres/storage/projects/cwru-fault-detection/data/mat_files/108.mat,12000,3,1730,drive,inner,0.007,FE_0
0.052100568913577956,0.26377598684028336,3.2882115758186132,/home/lmres/storage/projects/cwru-fault-detection/data/mat_files/108.mat,12000,3,1730,drive,inner,0.007,FE_0
0.05141063737295207,0.26440351579614907,3.250538705068606,/home/lmres/storage/projects/cwru-fault-detection/data/mat_files/108.mat,12000,3,1730,drive,inner,0.007,FE_0
0.05156897553378732,0.2614142557146962,3.2208197461764265,/home/lmres/storage/projects/cwru-fault-detection/data/mat_files/108.mat,12000,3,1730,drive,inner,0.007,FE_0
0.0523502559516628,0.26722270191570063,3.178871622814631,/home/lmres/storage/projects/cwru-fault-detection/data/mat_files/108.mat,12000,3,1730,drive,inner,0.007,FE_0
0.05223887971048595,0.26744882287196553,3.2703306120749582,/home/lmres/storage/projects/cwru-fault-detection/data/mat_files/108.mat,12000,3,1730,drive,inner,0.007,FE_0
0.051449977223241045,0.26398448329017216,3.16334744876583,/home/lmres/storage/projects/cwru-fault-detection/data/mat_files/108.mat,12000,3,1730,drive,inner,0.007,FE_0
0.051636991121350964,0.2646140885249473,3.177678009914057,/home/lmres/storage/projects/cwru-fault-detection/data/mat_files/108.mat,12000,3,1730,drive,inner,0.007,FE_0
0.003449568167640494,0.41669152058018344,3.3085695198578944,/home/lmres/storage/projects/cwru-fault-detection/data/mat_files/169.mat,12000,0,1797,drive,inner,0.014,BA_0
0.0035696172311410197,0.40500927192360986,3.3497531221189676,/home/lmres/storage/projects/cwru-fault-detection/data/mat_files/169.mat,12000,0,1797,drive,inner,0.014,BA_0
0.0033901230247032274,0.4163331491022818,3.5006880832095453,/home/lmres/storage/projects/cwru-fault-detection/data/mat_files/169.mat,12000,0,1797,drive,inner,0.014,BA_0
0.003341018680631257,0.43047014088251945,3.5521578364260935,/home/lmres/storage/projects/cwru-fault-detection/data/mat_files/169.mat,12000,0,1797,drive,inner,0.014,BA_0
0.0032451661475845104,0.4390749323419336,3.231909604761454,/home/lmres/storage/projects/cwru-fault-detection/data/mat_files/169.mat,12000,0,1797,drive,inner,0.014,BA_0
0.0032070587048971715,0.449327651418378,3.3355363885355254,/home/lmres/storage/projects/cwru-fault-detection/data/mat_files/169.mat,12000,0,1797,drive,inner,0.014,BA_0
0.003078046127206136,0.44652811301021855,3.3789949095018397,/home/lmres/storage/projects/cwru-fault-detection/data/mat_files/169.mat,12000,0,1797,drive,inner,0.014,BA_0
0.0031417898588012826,0.454754604397756,3.4372804663491427,/home/lmres/storage/projects/cwru-fault-detection/data/mat_files/169.mat,12000,0,1797,drive,inner,0.014,BA_0
0.0031432002223694675,0.45202281937177585,3.503369837732155,/home/lmres/storage/projects/cwru-fault-detection/data/mat_files/169.mat,12000,0,1797,drive,inner,0.014,BA_0
0.0033288195613632283,0.42611645975127505,3.553546157135024,/home/lmres/storage/projects/cwru-fault-detection/data/mat_files/169.mat,12000,0,1797,drive,inner,0.014,BA_0
0.04286921070123985,0.8458017413327663,21.05003052006031,/home/lmres/storage/projects/cwru-fault-detection/data/mat_files/169.mat,12000,0,1797,drive,inner,0.014,DE_0
0.037324236829552916,0.8477179695642616,23.564606328857796,/home/lmres/storage/projects/cwru-fault-detection/data/mat_files/169.mat,12000,0,1797,drive,inner,0.014,DE_0
0.03727064899064308,0.8527384422267381,21.94698639122514,/home/lmres/storage/projects/cwru-fault-detection/data/mat_files/169.mat,12000,0,1797,drive,inner,0.014,DE_0
0.04257969113219185,0.8751861416458566,21.818242119559656,/home/lmres/storage/projects/cwru-fault-detection/data/mat_files/169.mat,12000,0,1797,drive,inner,0.014,DE_0
0.039822086350987315,0.8750514328548531,20.710657956778494,/home/lmres/storage/projects/cwru-fault-detection/data/mat_files/169.mat,12000,0,1797,drive,inner,0.014,DE_0
0.03823392159980023,0.8903259864795361,22.627119065000993,/home/lmres/storage/projects/cwru-fault-detection/data/mat_files/169.mat,12000,0,1797,drive,inner,0.014,DE_0
0.0355390280099262,0.8867491806595081,22.665540689236263,/home/lmres/storage/projects/cwru-fault-detection/data/mat_files/169.mat,12000,0,1797,drive,inner,0.014,DE_0
0.039749411536273524,0.9045737827649456,21.90313711834203,/home/lmres/storage/projects/cwru-fault-detection/data/mat_files/169.mat,12000,0,1797,drive,inner,0.014,DE_0
0.038363293719485096,0.9095202274035665,23.39769658742767,/home/lmres/storage/projects/cwru-fault-detection/data/mat_files/169.mat,12000,0,1797,drive,inner,0.014,DE_0
0.03975155071184389,0.908496779904334,20.446865471664623,/home/lmres/storage/projects/cwru-fault-detection/data/mat_files/169.mat,12000,0,1797,drive,inner,0.014,DE_0
0.015757974896471898,0.4492068705772689,3.7872733341197633,/home/lmres/storage/projects/cwru-fault-detection/data/mat_files/169.mat,12000,0,1797,drive,inner,0.014,FE_0
0.014433837208625067,0.448010737125295,3.8345311967439946,/home/lmres/storage/projects/cwru-fault-detection/data/mat_files/169.mat,12000,0,1797,drive,inner,0.014,FE_0
0.01492687241198457,0.44553714886938517,3.520701456317287,/home/lmres/storage/projects/cwru-fault-detection/data/mat_files/169.mat,12000,0,1797,drive,inner,0.014,FE_0
0.015475558667138567,0.4436986498862147,3.8074528238900216,/home/lmres/storage/projects/cwru-fault-detection/data/mat_files/169.mat,12000,0,1797,drive,inner,0.014,FE_0
0.01430750562972011,0.4777551330816743,3.7898564120926204,/home/lmres/storage/projects/cwru-fault-detection/data/mat_files/169.mat,12000,0,1797,drive,inner,0.014,FE_0
0.013978519390534709,0.4612709060837189,3.9050237033785575,/home/lmres/storage/projects/cwru-fault-detection/data/mat_files/169.mat,12000,0,1797,drive,inner,0.014,FE_0
0.014470846445556471,0.43526927413638883,3.598797222193005,/home/lmres/storage/projects/cwru-fault-detection/data/mat_files/169.mat,12000,0,1797,drive,inner,0.014,FE_0
0.014520548406180438,0.44544214191178744,3.9759237315132916,/home/lmres/storage/projects/cwru-fault-detection/data/mat_files/169.mat,12000,0,1797,drive,inner,0.014,FE_0
0.013926603295863637,0.47739673160457635,3.921739889282843,/home/lmres/storage/projects/cwru-fault-detection/data/mat_files/169.mat,12000,0,1797,drive,inner,0.014,FE_0
0.014615764229098346,0.4765267450497414,3.838031458177848,/home/lmres/storage/projects/cwru-fault-detection/data/mat_files/169.mat,12000,0,1797,drive,inner,0.014,FE_0
0.0019845711183452,0.45547470431305137,3.062490811223176,/home/lmres/storage/projects/cwru-fault-detection/data/mat_files/170.mat,12000,1,1772,drive,inner,0.014,BA_0
0.002004509345414703,0.46082107281758117,2.9828039766614567,/home/lmres/storage/projects/cwru-fault-detection/data/mat_files/170.mat,12000,1,1772,drive,inner,0.014,BA_0
0.0020267504057377176,0.46766927065045044,3.0179601251731474,/home/lmres/storage/projects/cwru-fault-detection/data/mat_files/170.mat,12000,1,1772,drive,inner,0.014,BA_0
0.001963474887824227,0.4658359997436682,3.2700797157915966,/home/lmres/storage/projects/cwru-fault-detection/data/mat_files/170.mat,12000,1,1772,drive,inner,0.014,BA_0
0.0020193528102262627,0.46332332718012414,3.1524478991775973,/home/lmres/storage/projects/cwru-fault-detection/data/mat_files/170.mat,12000,1,1772,drive,inner,0.014,BA_0
0.002047488889779877,0.4639201408933001,3.1811503439713,/home/lmres/storage/projects/cwru-fault-detection/data/mat_files/170.mat,12000,1,1772,drive,inner,0.014,BA_0
0.001980388437834043,0.47211378632275375,3.116833704428037,/home/lmres/storage/projects/cwru-fault-detection/data/mat_files/170.mat,12000,1,1772,drive,inner,0.014,BA_0
0.0020319021449738857,0.454210496667463,3.1011428606543716,/home/lmres/storage/projects/cwru-fault-detection/data/mat_files/170.mat,12000,1,1772,drive,inner,0.014,BA_0
0.0020248223168025294,0.46331943202506076,2.9955226515760316,/home/lmres/storage/projects/cwru-fault-detection/data/mat_files/170.mat,12000,1,1772,drive,inner,0.014,BA_0
0.0019874607760220486,0.45840536344569965,3.212489469025669,/home/lmres/storage/projects/cwru-fault-detection/data/mat_files/170.mat,12000,1,1772,drive,inner,0.014,BA_0
0.02641573649503591,0.9442065826192749,25.29981107836587,/home/lmres/storage/projects/cwru-fault-detection/data/mat_files/170.mat,12000,1,1772,drive,inner,0.014,DE_0
0.027132821374388872,0.9455295628104918,24.40875433188513,/home/lmres/storage/projects/cwru-fault-detection/data/mat_files/170.mat,12000,1,1772,drive,inner,0.014,DE_0
0.027081385963001716,0.9449321396700432,19.29999128535284,/home/lmres/storage/projects/cwru-fault-detection/data/mat_files/170.mat,12000,1,1772,drive,inner,0.014,DE_0
0.02731708442403851,0.9474945486425661,20.357255117488776,/home/lmres/storage/projects/cwru-fault-detection/data/mat_files/170.mat,12000,1,1772,drive,inner,0.014,DE_0
0.028965206223001465,0.9461829918448856,21.023200551071707,/home/lmres/storage/projects/cwru-fault-detection/data/mat_files/170.mat,12000,1,1772,drive,inner,0.014,DE_0
0.025884358545463206,0.9419014098234887,23.932595091268446,/home/lmres/storage/projects/cwru-fault-detection/data/mat_files/170.mat,12000,1,1772,drive,inner,0.014,DE_0
0.02917344227208017,0.9502300810622295,20.05261843565867,/home/lmres/storage/projects/cwru-fault-detection/data/mat_files/170.mat,12000,1,1772,drive,inner,0.014,DE_0
0.02686024861613054,0.9425580251399336,20.22867573034654,/home/lmres/storage/projects/cwru-fault-detection/data/mat_files/170.mat,12000,1,1772,drive,inner,0.014,DE_0
0.030281623856315325,0.9514670615419669,21.177087175144173,/home/lmres/storage/projects/cwru-fault-detection/data/mat_files/170.mat,12000,1,1772,drive,inner,0.014,DE_0
0.02420182071831662,0.9404214260769321,24.23161376392305,/home/lmres/storage/projects/cwru-fault-detection/data/mat_files/170.mat,12000,1,1772,drive,inner,0.014,DE_0
0.010409152984272727,0.4392665005556773,3.7759579948625475,/home/lmres/storage/projects/cwru-fault-detection/data/mat_files/170.mat,12000,1,1772,drive,inner,0.014,FE_0
0.010216543787750687,0.46028963334532225,3.760356616040568,/home/lmres/storage/projects/cwru-fault-detection/data/mat_files/170.mat,12000,1,1772,drive,inner,0.014,FE_0
0.010649529739930025,0.454081031649086,3.9072741842985015,/home/lmres/storage/projects/cwru-fault-detection/data/mat_files/170.mat,12000,1,1772,drive,inner,0.014,FE_0
0.010718985396318456,0.4433420242851705,3.7425655113932708,/home/lmres/storage/projects/cwru-fault-detection/data/mat_files/170.mat,12000,1,1772,drive,inner,0.014,FE_0
0.010448043597925344,0.4550614488949787,4.043329341086601,/home/lmres/storage/projects/cwru-fault-detection/data/mat_files/170.mat,12000,1,1772,drive,inner,0.014,FE_0
0.010199570483695316,0.42178939415376826,3.763225439676225,/home/lmres/storage/projects/cwru-fault-detection/data/mat_files/170.mat,12000,1,1772,drive,inner,0.014,FE_0
0.010727710851510744,0.4500837230789357,3.6796573944327196,/home/lmres/storage/projects/cwru-fault-detection/data/mat_files/170.mat,12000,1,1772,drive,inner,0.014,FE_0
0.010746447881605784,0.4465795091655374,3.62281580283035,/home/lmres/storage/projects/cwru-fault-detection/data/mat_files/170.mat,12000,1,1772,drive,inner,0.014,FE_0
0.01074455500574931,0.44833308296721686,4.045124896408795,/home/lmres/storage/projects/cwru-fault-detection/data/mat_files/170.mat,12000,1,1772,drive,inner,0.014,FE_0
0.010207068187225894,0.428240593283689,3.7832945471203403,/home/lmres/storage/projects/cwru-fault-detection/data/mat_files/170.mat,12000,1,1772,drive,inner,0.014,FE_0
0.002076033653068933,0.38237735233453257,3.3434363285721305,/home/lmres/storage/projects/cwru-fault-detection/data/mat_files/171.mat,12000,2,1750,drive,inner,0.014,BA_0
0.0020645430663386176,0.37921379265387073,3.062565598951154,/home/lmres/storage/projects/cwru-fault-detection/data/mat_files/171.mat,12000,2,1750,drive,inner,0.014,BA_0
0.0020520326862774356,0.3795940872572556,3.2368243216093453,/home/lmres/storage/projects/cwru-fault-detection/data/mat_files/171.mat,12000,2,1750,drive,inner,0.014,BA_0
0.002025218004579,0.3832863402018907,3.2279226349599606,/home/lmres/storage/projects/cwru-fault-detection/data/mat_files/171.mat,12000,2,1750,drive,inner,0.014,BA_0
0.0020777254803460562,0.3708376044386417,3.0701752413369374,/home/lmres/storage/projects/cwru-fault-detection/data/mat_files/171.mat,12000,2,1750,drive,inner,0.014,BA_0
0.0020292373926864378,0.37887427930532835,3.188050307483864,/home/lmres/storage/projects/cwru-fault-detection/data/mat_files/171.mat,12000,2,1750,drive,inner,0.014,BA_0
0.0020337829473346075,0.3864149961582743,3.4460909174795544,/home/lmres/storage/projects/cwru-fault-detection/data/mat_files/171.mat,12000,2,1750,drive,inner,0.014,BA_0
0.001991616782051842,0.38322551603176624,2.9694827998651254,/home/lmres/storage/projects/cwru-fault-detection/data/mat_files/171.mat,12000,2,1750,drive,inner,0.014,BA_0
0.0020065380091728066,0.3862920519275298,3.0075096479840635,/home/lmres/storage/projects/cwru-fault-detection/data/mat_files/171.mat,12000,2,1750,drive,inner,0.014,BA_0
0.0020442893017621182,0.3800323563016197,3.444605722604154,/home/lmres/storage/projects/cwru-fault-detection/data/mat_files/171.mat,12000,2,1750,drive,inner,0.014,BA_0
0.02795844003569876,0.9271824560470023,21.825152164828403,/home/lmres/storage/projects/cwru-fault-detection/data/mat_files/171.mat,12000,2,1750,drive,inner,0.014,DE_0
0.027368137771547875,0.9258826045300289,18.559414686658517,/home/lmres/storage/projects/cwru-fault-detection/data/mat_files/171.mat,12000,2,1750,drive,inner,0.014,DE_0
0.027847580363506236,0.9287552091755604,22.505830565618254,/home/lmres/storage/projects/cwru-fault-detection/data/mat_files/171.mat,12000,2,1750,drive,inner,0.014,DE_0
0.024357853000028892,0.9193164713549394,22.441608107531763,/home/lmres/storage/projects/cwru-fault-detection/data/mat_files/171.mat,12000,2,1750,drive,inner,0.014,DE_0
0.027176317751561353,0.9251926488205943,22.13363475736782,/home/lmres/storage/projects/cwru-fault-detection/data/mat_files/171.mat,12000,2,1750,drive,inner,0.014,DE_0
0.025688166025448194,0.9227145578130623,20.82373291742085,/home/lmres/storage/projects/cwru-fault-detection/data/mat_files/171.mat,12000,2,1750,drive,inner,0.014,DE_0
0.027900557596780146,0.928606025027193,23.1289500214941,/home/lmres/storage/projects/cwru-fault-detection/data/mat_files/171.mat,12000,2,1750,drive,inner,0.014,DE_0
0.024786239583973108,0.9182916290928569,22.13007641520793,/home/lmres/storage/projects/cwru-fault-detection/data/mat_files/171.mat,12000,2,1750,drive,inner,0.014,DE_0
0.024750298409331028,0.9213664546126077,20.889937351199997,/home/lmres/storage/projects/cwru-fault-detection/data/mat_files/171.mat,12000,2,1750,drive,inner,0.014,DE_0
0.028148046502515577,0.9275355223528301,22.370632646700077,/home/lmres/storage/projects/cwru-fault-detection/data/mat_files/171.mat,12000,2,1750,drive,inner,0.014,DE_0
0.009892372840476582,0.37602462144493404,4.384272287477446,/home/lmres/storage/projects/cwru-fault-detection/data/mat_files/171.mat,12000,2,1750,drive,inner,0.014,FE_0
0.00976586997757245,0.38620833333726956,4.624523852043177,/home/lmres/storage/projects/cwru-fault-detection/data/mat_files/171.mat,12000,2,1750,drive,inner,0.014,FE_0
0.009609273740500825,0.3934697669059857,4.3995592723389665,/home/lmres/storage/projects/cwru-fault-detection/data/mat_files/171.mat,12000,2,1750,drive,inner,0.014,FE_0
0.009318000507134157,0.3713885430346355,4.134941438962748,/home/lmres/storage/projects/cwru-fault-detection/data/mat_files/171.mat,12000,2,1750,drive,inner,0.014,FE_0
0.009761452719662809,0.38412156603466907,4.568690008589266,/home/lmres/storage/projects/cwru-fault-detection/data/mat_files/171.mat,12000,2,1750,drive,inner,0.014,FE_0
0.009449135572781266,0.3761695427890465,4.300849361558407,/home/lmres/storage/projects/cwru-fault-detection/data/mat_files/171.mat,12000,2,1750,drive,inner,0.014,FE_0
0.009636278205627548,0.3913066274425215,4.2946335444437285,/home/lmres/storage/projects/cwru-fault-detection/data/mat_files/171.mat,12000,2,1750,drive,inner,0.014,FE_0
0.00948268741476942,0.37924022242744954,4.231697137990525,/home/lmres/storage/projects/cwru-fault-detection/data/mat_files/171.mat,12000,2,1750,drive,inner,0.014,FE_0
0.009572884672441873,0.3735804238744477,4.166797897565089,/home/lmres/storage/projects/cwru-fault-detection/data/mat_files/171.mat,12000,2,1750,drive,inner,0.014,FE_0
0.009926944394402478,0.3776125077208519,4.299079923125109,/home/lmres/storage/projects/cwru-fault-detection/data/mat_files/171.mat,12000,2,1750,drive,inner,0.014,FE_0
0.003638460965445948,0.19428440923290702,2.96340775284354,/home/lmres/storage/projects/cwru-fault-detection/data/mat_files/172.mat,12000,3,1730,drive,inner,0.014,BA_0
0.0037568960905342975,0.18963290763693919,3.0324814658162547,/home/lmres/storage/projects/cwru-fault-detection/data/mat_files/172.mat,12000,3,1730,drive,inner,0.014,BA_0
0.0036562470167542703,0.19108994795493142,3.015228221084109,/home/lmres/storage/projects/cwru-fault-detection/data/mat_files/172.mat,12000,3,1730,drive,inner,0.014,BA_0
0.003602552190276879,0.19228238786106056,3.0505614842207214,/home/lmres/storage/projects/cwru-fault-detection/data/mat_files/172.mat,12000,3,1730,drive,inner,0.014,BA_0
0.0036767121607929987,0.18593642152984177,3.0019474611261865,/home/lmres/storage/projects/cwru-fault-detection/data/mat_files/172.mat,12000,3,1730,drive,inner,0.014,BA_0
0.0036388755058157037,0.19058236609952714,3.0453991465344683,/home/lmres/storage/projects/cwru-fault-detection/data/mat_files/172.mat,12000,3,1730,drive,inner,0.014,BA_0
0.003655004331724271,0.19199944388332607,2.98186476649991,/home/lmres/storage/projects/cwru-fault-detection/data/mat_files/172.mat,12000,3,1730,drive,inner,0.014,BA_0
0.0036987678225082346,0.1865302866855844,3.0159630736831304,/home/lmres/storage/projects/cwru-fault-detection/data/mat_files/172.mat,12000,3,1730,drive,inner,0.014,BA_0
0.003590708004527638,0.19252730981567065,2.9443247678116573,/home/lmres/storage/projects/cwru-fault-detection/data/mat_files/172.mat,12000,3,1730,drive,inner,0.014,BA_0
0.0036588910741073544,0.1885173833860361,3.1225727602714053,/home/lmres/storage/projects/cwru-fault-detection/data/mat_files/172.mat,12000,3,1730,drive,inner,0.014,BA_0
0.031282739577814044,0.8414655332134576,16.526369902833515,/home/lmres/storage/projects/cwru-fault-detection/data/mat_files/172.mat,12000,3,1730,drive,inner,0.014,DE_0
0.0341894665952183,0.8501466588166525,18.22501933615865,/home/lmres/storage/projects/cwru-fault-detection/data/mat_files/172.mat,12000,3,1730,drive,inner,0.014,DE_0
0.033118797218095464,0.8461217000180576,16.33582926547069,/home/lmres/storage/projects/cwru-fault-detection/data/mat_files/172.mat,12000,3,1730,drive,inner,0.014,DE_0
0.03336789687697787,0.8520528795928067,20.280731929347443,/home/lmres/storage/projects/cwru-fault-detection/data/mat_files/172.mat,12000,3,1730,drive,inner,0.014,DE_0
0.030947518011565398,0.8378625756592603,17.96528122495528,/home/lmres/storage/projects/cwru-fault-detection/data/mat_files/172.mat,12000,3,1730,drive,inner,0.014,DE_0
0.033624686771101475,0.8471081776412653,18.903553186319762,/home/lmres/storage/projects/cwru-fault-detection/data/mat_files/172.mat,12000,3,1730,drive,inner,0.014,DE_0
0.03257214929913808,0.8491457375101022,18.19062400202855,/home/lmres/storage/projects/cwru-fault-detection/data/mat_files/172.mat,12000,3,1730,drive,inner,0.014,DE_0
0.033632162925857204,0.8471599321387496,18.03513606350382,/home/lmres/storage/projects/cwru-fault-detection/data/mat_files/172.mat,12000,3,1730,drive,inner,0.014,DE_0
0.03147104410792718,0.8424043586130264,18.939301498824204,/home/lmres/storage/projects/cwru-fault-detection/data/mat_files/172.mat,12000,3,1730,drive,inner,0.014,DE_0
0.03232875139443528,0.8494333311446772,17.611629090486264,/home/lmres/storage/projects/cwru-fault-detection/data/mat_files/172.mat,12000,3,1730,drive,inner,0.014,DE_0
0.010806898508536913,0.35046783955147937,4.756600192703668,/home/lmres/storage/projects/cwru-fault-detection/data/mat_files/172.mat,12000,3,1730,drive,inner,0.014,FE_0
0.010524893286227823,0.3713082924543981,4.614090854943903,/home/lmres/storage/projects/cwru-fault-detection/data/mat_files/172.mat,12000,3,1730,drive,inner,0.014,FE_0
0.010546802684673279,0.3762662548922635,4.306390001756936,/home/lmres/storage/projects/cwru-fault-detection/data/mat_files/172.mat,12000,3,1730,drive,inner,0.014,FE_0
0.010522853619635812,0.3777429696455184,4.5836523589156695,/home/lmres/storage/projects/cwru-fault-detection/data/mat_files/172.mat,12000,3,1730,drive,inner,0.014,FE_0
0.010199923017141873,0.3686634655206034,4.661035239443777,/home/lmres/storage/projects/cwru-fault-detection/data/mat_files/172.mat,12000,3,1730,drive,inner,0.014,FE_0
0.010556457286879338,0.3935706065888509,4.280430801350044,/home/lmres/storage/projects/cwru-fault-detection/data/mat_files/172.mat,12000,3,1730,drive,inner,0.014,FE_0
0.010308466334310467,0.3782414330413234,4.511095402641759,/home/lmres/storage/projects/cwru-fault-detection/data/mat_files/172.mat,12000,3,1730,drive,inner,0.014,FE_0
0.010261940857665013,0.37119286499226883,4.233986292685223,/home/lmres/storage/projects/cwru-fault-detection/data/mat_files/172.mat,12000,3,1730,drive,inner,0.014,FE_0
0.010307963239228099,0.3736888994380507,4.689938799605486,/home/lmres/storage/projects/cwru-fault-detection/data/mat_files/172.mat,12000,3,1730,drive,inner,0.014,FE_0
0.010388831957968869,0.3581140755619739,4.778969475544427,/home/lmres/storage/projects/cwru-fault-detection/data/mat_files/172.mat,12000,3,1730,drive,inner,0.014,FE_0
0.00846584186977831,0.16603919605066472,3.8275792427937194,/home/lmres/storage/projects/cwru-fault-detection/data/mat_files/209.mat,12000,0,1797,drive,inner,0.021,BA_0
0.00835519949207318,0.16438768671695791,3.7517253471485494,/home/lmres/storage/projects/cwru-fault-detection/data/mat_files/209.mat,12000,0,1797,drive,inner,0.021,BA_0
0.008700754118983238,0.16643773784157143,3.903431157575386,/home/lmres/storage/projects/cwru-fault-detection/data/mat_files/209.mat,12000,0,1797,drive,inner,0.021,BA_0
0.00896063211240353,0.16714381084583094,3.811516852308074,/home/lmres/storage/projects/cwru-fault-detection/data/mat_files/209.mat,12000,0,1797,drive,inner,0.021,BA_0
0.008614257977102175,0.17302256731433202,3.804882647607668,/home/lmres/storage/projects/cwru-fault-detection/data/mat_files/209.mat,12000,0,1797,drive,inner,0.021,BA_0
0.00836326402355523,0.17232982677347816,3.775971966705897,/home/lmres/storage/projects/cwru-fault-detection/data/mat_files/209.mat,12000,0,1797,drive,inner,0.021,BA_0
0.008775387675045538,0.16797905433194282,3.744316071029085,/home/lmres/storage/projects/cwru-fault-detection/data/mat_files/209.mat,12000,0,1797,drive,inner,0.021,BA_0
0.008998728279234895,0.16387918313853556,3.895638393153371,/home/lmres/storage/projects/cwru-fault-detection/data/mat_files/209.mat,12000,0,1797,drive,inner,0.021,BA_0
0.008547873232367914,0.1676129505520131,3.876865673900755,/home/lmres/storage/projects/cwru-fault-detection/data/mat_files/209.mat,12000,0,1797,drive,inner,0.021,BA_0
0.008234996248033071,0.16972427732695772,3.789758327016017,/home/lmres/storage/projects/cwru-fault-detection/data/mat_files/209.mat,12000,0,1797,drive,inner,0.021,BA_0
0.26823247842689407,0.9234159072049152,7.180201032654323,/home/lmres/storage/projects/cwru-fault-detection/data/mat_files/209.mat,12000,0,1797,drive,inner,0.021,DE_0
0.25522929260486277,0.9229921501067917,7.364212784170084,/home/lmres/storage/projects/cwru-fault-detection/data/mat_files/209.mat,12000,0,1797,drive,inner,0.021,DE_0
0.26943925728486395,0.9247890660653831,7.565456374489035,/home/lmres/storage/projects/cwru-fault-detection/data/mat_files/209.mat,12000,0,1797,drive,inner,0.021,DE_0
0.2947200131343995,0.9291547211011785,8.57311825958488,/home/lmres/storage/projects/cwru-fault-detection/data/mat_files/209.mat,12000,0,1797,drive,inner,0.021,DE_0
0.29312325049092997,0.9317848279015342,7.898931898478559,/home/lmres/storage/projects/cwru-fault-detection/data/mat_files/209.mat,12000,0,1797,drive,inner,0.021,DE_0
0.26698182493173606,0.9275251923914558,7.030296984534248,/home/lmres/storage/projects/cwru-fault-detection/data/mat_files/209.mat,12000,0,1797,drive,inner,0.021,DE_0
0.28007892427754794,0.9276477028405745,7.363452449983598,/home/lmres/storage/projects/cwru-fault-detection/data/mat_files/209.mat,12000,0,1797,drive,inner,0.021,DE_0
0.28961738129690917,0.9273098506134181,7.511261578868263,/home/lmres/storage/projects/cwru-fault-detection/data/mat_files/209.mat,12000,0,1797,drive,inner,0.021,DE_0
0.27892556645913014,0.9274550166876714,7.030257173670505,/home/lmres/storage/projects/cwru-fault-detection/data/mat_files/209.mat,12000,0,1797,drive,inner,0.021,DE_0
0.26455273381191335,0.9287004098426506,6.667281573689074,/home/lmres/storage/projects/cwru-fault-detection/data/mat_files/209.mat,12000,0,1797,drive,inner,0.021,DE_0
0.05120425573705262,0.5593823393277247,3.5380440571553833,/home/lmres/storage/projects/cwru-fault-detection/data/mat_files/209.mat,12000,0,1797,drive,inner,0.021,FE_0
0.048763697022590625,0.5606684875332189,3.484887882000473,/home/lmres/storage/projects/cwru-fault-detection/data/mat_files/209.mat,12000,0,1797,drive,inner,0.021,FE_0
0.05330391126342755,0.5520621434293422,3.4712325263483694,/home/lmres/storage/projects/cwru-fault-detection/data/mat_files/209.mat,12000,0,1797,drive,inner,0.021,FE_0
0.05680706176538815,0.551171446359995,3.517322655092186,/home/lmres/storage/projects/cwru-fault-detection/data/mat_files/209.mat,12000,0,1797,drive,inner,0.021,FE_0
0.05296547778989256,0.5909647146203952,3.5259872472767215,/home/lmres/storage/projects/cwru-fault-detection/data/mat_files/209.mat,12000,0,1797,drive,inner,0.021,FE_0
0.05069945374541735,0.5787571471620976,3.582362317951223,/home/lmres/storage/projects/cwru-fault-detection/data/mat_files/209.mat,12000,0,1797,drive,inner,0.021,FE_0
0.05437329898358375,0.5652737808012409,3.501862051120559,/home/lmres/storage/projects/cwru-fault-detection/data/mat_files/209.mat,12000,0,1797,drive,inner,0.021,FE_0
0.05719889437027988,0.5572635167146498,3.5431651603019603,/home/lmres/storage/projects/cwru-fault-detection/data/mat_files/209.mat,12000,0,1797,drive,inner,0.021,FE_0
0.05306699282433277,0.5760081847087138,3.619451822172557,/home/lmres/storage/projects/cwru-fault-detection/data/mat_files/209.mat,12000,0,1797,drive,inner,0.021,FE_0
0.05030034603971074,0.5681921405897021,3.522758330540332,/home/lmres/storage/projects/cwru-fault-detection/data/mat_files/209.mat,12000,0,1797,drive,inner,0.021,FE_0
0.005322803960288855,0.19698025673149916,3.986925554511235,/home/lmres/storage/projects/cwru-fault-detection/data/mat_files/210.mat,12000,1,1772,drive,inner,0.021,BA_0
0.005384141742847521,0.1915316965261058,4.087839613372108,/home/lmres/storage/projects/cwru-fault-detection/data/mat_files/210.mat,12000,1,1772,drive,inner,0.021,BA_0
0.005210101980582794,0.19470677566507544,4.020414844548148,/home/lmres/storage/projects/cwru-fault-detection/data/mat_files/210.mat,12000,1,1772,drive,inner,0.021,BA_0
0.005333700372929928,0.18426411980587618,4.061951122444877,/home/lmres/storage/projects/cwru-fault-detection/data/mat_files/210.mat,12000,1,1772,drive,inner,0.021,BA_0
0.005200354463576674,0.19667355089231878,3.8516872555807002,/home/lmres/storage/projects/cwru-fault-detection/data/mat_files/210.mat,12000,1,1772,drive,inner,0.021,BA_0
0.0053121909681104855,0.19414926373160238,4.145993965832754,/home/lmres/storage/projects/cwru-fault-detection/data/mat_files/210.mat,12000,1,1772,drive,inner,0.021,BA_0
0.005272853656907692,0.19857943285450455,3.9237668196930318,/home/lmres/storage/projects/cwru-fault-detection/data/mat_files/210.mat,12000,1,1772,drive,inner,0.021,BA_0
0.005202136384368274,0.19749892225636628,3.8883148813383563,/home/lmres/storage/projects/cwru-fault-detection/data/mat_files/210.mat,12000,1,1772,drive,inner,0.021,BA_0
0.005406021322628617,0.19484545883337226,3.9347142105435187,/home/lmres/storage/projects/cwru-fault-detection/data/mat_files/210.mat,12000,1,1772,drive,inner,0.021,BA_0
0.005168610019714313,0.20389778586931115,3.909299559721495,/home/lmres/storage/projects/cwru-fault-detection/data/mat_files/210.mat,12000,1,1772,drive,inner,0.021,BA_0
0.19851948514401246,0.9469913183150301,7.190358322742784,/home/lmres/storage/projects/cwru-fault-detection/data/mat_files/210.mat,12000,1,1772,drive,inner,0.021,DE_0
0.1906117945752751,0.9434327846769436,8.179717821462496,/home/lmres/storage/projects/cwru-fault-detection/data/mat_files/210.mat,12000,1,1772,drive,inner,0.021,DE_0
0.18902203145053365,0.9442213867717323,6.838383102292037,/home/lmres/storage/projects/cwru-fault-detection/data/mat_files/210.mat,12000,1,1772,drive,inner,0.021,DE_0
0.1887314414301358,0.9422248991292409,8.263023752649612,/home/lmres/storage/projects/cwru-fault-detection/data/mat_files/210.mat,12000,1,1772,drive,inner,0.021,DE_0
0.19152993778447847,0.9455770100283454,7.29526044635973,/home/lmres/storage/projects/cwru-fault-detection/data/mat_files/210.mat,12000,1,1772,drive,inner,0.021,DE_0
0.19480196482420684,0.9457205812852094,7.930141896852301,/home/lmres/storage/projects/cwru-fault-detection/data/mat_files/210.mat,12000,1,1772,drive,inner,0.021,DE_0
0.1961018898372232,0.946625819977615,7.1031307623650966,/home/lmres/storage/projects/cwru-fault-detection/data/mat_files/210.mat,12000,1,1772,drive,inner,0.021,DE_0
0.19562105646474193,0.9463918848288847,7.735958801382665,/home/lmres/storage/projects/cwru-fault-detection/data/mat_files/210.mat,12000,1,1772,drive,inner,0.021,DE_0
0.20619492013179366,0.9473298623156037,8.267657044865377,/home/lmres/storage/projects/cwru-fault-detection/data/mat_files/210.mat,12000,1,1772,drive,inner,0.021,DE_0
0.2016682606306105,0.9497254294312916,7.736403056022128,/home/lmres/storage/projects/cwru-fault-detection/data/mat_files/210.mat,12000,1,1772,drive,inner,0.021,DE_0
0.030760876372174655,0.5835257075741968,3.8559899091957073,/home/lmres/storage/projects/cwru-fault-detection/data/mat_files/210.mat,12000,1,1772,drive,inner,0.021,FE_0
0.03126440225527686,0.5837836754255746,3.7843434657296364,/home/lmres/storage/projects/cwru-fault-detection/data/mat_files/210.mat,12000,1,1772,drive,inner,0.021,FE_0
0.03122552547646639,0.5708059611345846,3.6662552718879624,/home/lmres/storage/projects/cwru-fault-detection/data/mat_files/210.mat,12000,1,1772,drive,inner,0.021,FE_0
0.030162583241476307,0.5603926100713907,3.726396542270083,/home/lmres/storage/projects/cwru-fault-detection/data/mat_files/210.mat,12000,1,1772,drive,inner,0.021,FE_0
0.030596573734051512,0.5633791226847364,3.7760682676439523,/home/lmres/storage/projects/cwru-fault-detection/data/mat_files/210.mat,12000,1,1772,drive,inner,0.021,FE_0
0.030235106050358677,0.5784784147708104,3.800549787900996,/home/lmres/storage/projects/cwru-fault-detection/data/mat_files/210.mat,12000,1,1772,drive,inner,0.021,FE_0
0.030395675061022868,0.581577438661484,3.857548381532341,/home/lmres/storage/projects/cwru-fault-detection/data/mat_files/210.mat,12000,1,1772,drive,inner,0.021,FE_0
0.030263756847630576,0.5862066946066575,3.7994609285698235,/home/lmres/storage/projects/cwru-fault-detection/data/mat_files/210.mat,12000,1,1772,drive,inner,0.021,FE_0
0.03112186360729256,0.5736006191109734,3.75204027756924,/home/lmres/storage/projects/cwru-fault-detection/data/mat_files/210.mat,12000,1,1772,drive,inner,0.021,FE_0
0.03071829941153939,0.5743245980081022,3.8099008366389944,/home/lmres/storage/projects/cwru-fault-detection/data/mat_files/210.mat,12000,1,1772,drive,inner,0.021,FE_0
0.005058573789089249,0.1897653304090718,4.1710786964686735,/home/lmres/storage/projects/cwru-fault-detection/data/mat_files/211.mat,12000,2,1750,drive,inner,0.021,BA_0
0.00501262301754774,0.18470590075374205,4.036277368969763,/home/lmres/storage/projects/cwru-fault-detection/data/mat_files/211.mat,12000,2,1750,drive,inner,0.021,BA_0
0.005083218491171204,0.1821651532845859,4.024419260533334,/home/lmres/storage/projects/cwru-fault-detection/data/mat_files/211.mat,12000,2,1750,drive,inner,0.021,BA_0
0.0049861124779606554,0.17917682488807898,3.874139629236465,/home/lmres/storage/projects/cwru-fault-detection/data/mat_files/211.mat,12000,2,1750,drive,inner,0.021,BA_0
0.004996692173618664,0.18621299489963425,4.000865498264674,/home/lmres/storage/projects/cwru-fault-detection/data/mat_files/211.mat,12000,2,1750,drive,inner,0.021,BA_0
0.004968202168538221,0.19215766081868496,3.9434563757404493,/home/lmres/storage/projects/cwru-fault-detection/data/mat_files/211.mat,12000,2,1750,drive,inner,0.021,BA_0
0.005129676748009349,0.1917745122824592,3.9477748174918577,/home/lmres/storage/projects/cwru-fault-detection/data/mat_files/211.mat,12000,2,1750,drive,inner,0.021,BA_0
0.004923896730088176,0.18791441235598041,4.0806280010188765,/home/lmres/storage/projects/cwru-fault-detection/data/mat_files/211.mat,12000,2,1750,drive,inner,0.021,BA_0
0.005109495450512644,0.1782451045336979,4.007434387795087,/home/lmres/storage/projects/cwru-fault-detection/data/mat_files/211.mat,12000,2,1750,drive,inner,0.021,BA_0
0.005077503525533065,0.18682945127785633,3.986060381202402,/home/lmres/storage/projects/cwru-fault-detection/data/mat_files/211.mat,12000,2,1750,drive,inner,0.021,BA_0
0.24003974935895095,0.9547196366356153,8.408186517994046,/home/lmres/storage/projects/cwru-fault-detection/data/mat_files/211.mat,12000,2,1750,drive,inner,0.021,DE_0
0.22885623720554246,0.9515498975669662,7.741265115631443,/home/lmres/storage/projects/cwru-fault-detection/data/mat_files/211.mat,12000,2,1750,drive,inner,0.021,DE_0
0.22543572573121606,0.9514703821806474,7.904423346620021,/home/lmres/storage/projects/cwru-fault-detection/data/mat_files/211.mat,12000,2,1750,drive,inner,0.021,DE_0
0.2091070353354046,0.948092222868139,7.834179514998285,/home/lmres/storage/projects/cwru-fault-detection/data/mat_files/211.mat,12000,2,1750,drive,inner,0.021,DE_0
0.23981021887147563,0.9562402129404426,7.359603840447838,/home/lmres/storage/projects/cwru-fault-detection/data/mat_files/211.mat,12000,2,1750,drive,inner,0.021,DE_0
0.24949862038737133,0.9568956207752587,8.231415984124922,/home/lmres/storage/projects/cwru-fault-detection/data/mat_files/211.mat,12000,2,1750,drive,inner,0.021,DE_0
0.2668627392398664,0.9593624361988436,8.309574428158154,/home/lmres/storage/projects/cwru-fault-detection/data/mat_files/211.mat,12000,2,1750,drive,inner,0.021,DE_0
0.24266904622568086,0.9554895118558033,7.65097021777081,/home/lmres/storage/projects/cwru-fault-detection/data/mat_files/211.mat,12000,2,1750,drive,inner,0.021,DE_0
0.2409703119996086,0.9548522058209868,8.671142810481255,/home/lmres/storage/projects/cwru-fault-detection/data/mat_files/211.mat,12000,2,1750,drive,inner,0.021,DE_0
0.24197005158490417,0.9554985831035363,8.097762142217995,/home/lmres/storage/projects/cwru-fault-detection/data/mat_files/211.mat,12000,2,1750,drive,inner,0.021,DE_0
0.029961711963756747,0.5861559656922715,4.028307517033088,/home/lmres/storage/projects/cwru-fault-detection/data/mat_files/211.mat,12000,2,1750,drive,inner,0.021,FE_0
0.029442990639997245,0.5812954766415594,4.02962786797281,/home/lmres/storage/projects/cwru-fault-detection/data/mat_files/211.mat,12000,2,1750,drive,inner,0.021,FE_0
0.029302087264726717,0.5793296176614924,3.989420240130329,/home/lmres/storage/projects/cwru-fault-detection/data/mat_files/211.mat,12000,2,1750,drive,inner,0.021,FE_0
0.029577558885216803,0.5502869804305909,3.9763773550110098,/home/lmres/storage/projects/cwru-fault-detection/data/mat_files/211.mat,12000,2,1750,drive,inner,0.021,FE_0
0.030014554240078782,0.5811056466015112,4.021629200389344,/home/lmres/storage/projects/cwru-fault-detection/data/mat_files/211.mat,12000,2,1750,drive,inner,0.021,FE_0
0.030286484285201653,0.5771445936067032,4.012325363395494,/home/lmres/storage/projects/cwru-fault-detection/data/mat_files/211.mat,12000,2,1750,drive,inner,0.021,FE_0
0.0318135973603573,0.5765584535637981,4.105397441206338,/home/lmres/storage/projects/cwru-fault-detection/data/mat_files/211.mat,12000,2,1750,drive,inner,0.021,FE_0
0.029610703927267213,0.5777806789328304,3.9096589193649973,/home/lmres/storage/projects/cwru-fault-detection/data/mat_files/211.mat,12000,2,1750,drive,inner,0.021,FE_0
0.02955286416686143,0.5725985881770954,3.8939121558415826,/home/lmres/storage/projects/cwru-fault-detection/data/mat_files/211.mat,12000,2,1750,drive,inner,0.021,FE_0
0.029739483534530025,0.5838933645486989,3.8824112986618733,/home/lmres/storage/projects/cwru-fault-detection/data/mat_files/211.mat,12000,2,1750,drive,inner,0.021,FE_0
0.005371763323653622,0.15491862090301203,3.9623647417427876,/home/lmres/storage/projects/cwru-fault-detection/data/mat_files/212.mat,12000,3,1730,drive,inner,0.021,BA_0
0.005304601875444265,0.1604159850025198,3.9207298539453315,/home/lmres/storage/projects/cwru-fault-detection/data/mat_files/212.mat,12000,3,1730,drive,inner,0.021,BA_0
0.005261364921558137,0.16299055319373298,3.8278620337210745,/home/lmres/storage/projects/cwru-fault-detection/data/mat_files/212.mat,12000,3,1730,drive,inner,0.021,BA_0
0.005336318788888843,0.16484497249353455,3.8740435319555164,/home/lmres/storage/projects/cwru-fault-detection/data/mat_files/212.mat,12000,3,1730,drive,inner,0.021,BA_0
0.005482560233096712,0.16321208357014722,3.8104145776240768,/home/lmres/storage/projects/cwru-fault-detection/data/mat_files/212.mat,12000,3,1730,drive,inner,0.021,BA_0
0.005541203668124965,0.1593059845071453,3.931419394780591,/home/lmres/storage/projects/cwru-fault-detection/data/mat_files/212.mat,12000,3,1730,drive,inner,0.021,BA_0
0.005442039389841918,0.16092132147435462,3.9893205138619665,/home/lmres/storage/projects/cwru-fault-detection/data/mat_files/212.mat,12000,3,1730,drive,inner,0.021,BA_0
0.005478487189351976,0.15203205330845299,3.9097563840078866,/home/lmres/storage/projects/cwru-fault-detection/data/mat_files/212.mat,12000,3,1730,drive,inner,0.021,BA_0
0.005422505142770249,0.1610372725849923,3.8442978170229893,/home/lmres/storage/projects/cwru-fault-detection/data/mat_files/212.mat,12000,3,1730,drive,inner,0.021,BA_0
0.0053854040712405645,0.167924109678009,3.845667701940825,/home/lmres/storage/projects/cwru-fault-detection/data/mat_files/212.mat,12000,3,1730,drive,inner,0.021,BA_0
0.20309182332724954,0.9472141622773328,8.090589770844234,/home/lmres/storage/projects/cwru-fault-detection/data/mat_files/212.mat,12000,3,1730,drive,inner,0.021,DE_0
0.19244219782880614,0.9453096280882762,8.857475783100872,/home/lmres/storage/projects/cwru-fault-detection/data/mat_files/212.mat,12000,3,1730,drive,inner,0.021,DE_0
0.1956878280299677,0.9456499864189072,8.832763059108402,/home/lmres/storage/projects/cwru-fault-detection/data/mat_files/212.mat,12000,3,1730,drive,inner,0.021,DE_0
0.20638634890641241,0.9479846272419594,8.034668845292115,/home/lmres/storage/projects/cwru-fault-detection/data/mat_files/212.mat,12000,3,1730,drive,inner,0.021,DE_0
0.20731532941248929,0.9467842131186175,7.627695358877041,/home/lmres/storage/projects/cwru-fault-detection/data/mat_files/212.mat,12000,3,1730,drive,inner,0.021,DE_0
0.2090337944971994,0.946689202883099,8.080417136296212,/home/lmres/storage/projects/cwru-fault-detection/data/mat_files/212.mat,12000,3,1730,drive,inner,0.021,DE_0
0.19599154416465975,0.9438762580403063,7.823820652840951,/home/lmres/storage/projects/cwru-fault-detection/data/mat_files/212.mat,12000,3,1730,drive,inner,0.021,DE_0
0.18597814787654518,0.939360888021135,8.513926545899873,/home/lmres/storage/projects/cwru-fault-detection/data/mat_files/212.mat,12000,3,1730,drive,inner,0.021,DE_0
0.19701828277508965,0.9450579133508158,8.145479157118908,/home/lmres/storage/projects/cwru-fault-detection/data/mat_files/212.mat,12000,3,1730,drive,inner,0.021,DE_0
0.21405327475887914,0.950767967868564,9.325785193209258,/home/lmres/storage/projects/cwru-fault-detection/data/mat_files/212.mat,12000,3,1730,drive,inner,0.021,DE_0
0.02865554241873526,0.5372917499774388,4.010413948345066,/home/lmres/storage/projects/cwru-fault-detection/data/mat_files/212.mat,12000,3,1730,drive,inner,0.021,FE_0
0.028004593826054264,0.5272100587441103,4.043783137069052,/home/lmres/storage/projects/cwru-fault-detection/data/mat_files/212.mat,12000,3,1730,drive,inner,0.021,FE_0
0.027566851400269144,0.5238090861770613,3.817562748551925,/home/lmres/storage/projects/cwru-fault-detection/data/mat_files/212.mat,12000,3,1730,drive,inner,0.021,FE_0
0.028735215881688154,0.5302125336075546,4.04553885095318,/home/lmres/storage/projects/cwru-fault-detection/data/mat_files/212.mat,12000,3,1730,drive,inner,0.021,FE_0
0.029371622940181814,0.522966171435459,3.9350024962295573,/home/lmres/storage/projects/cwru-fault-detection/data/mat_files/212.mat,12000,3,1730,drive,inner,0.021,FE_0
0.029438116026759227,0.5369532366610545,3.909897135234255,/home/lmres/storage/projects/cwru-fault-detection/data/mat_files/212.mat,12000,3,1730,drive,inner,0.021,FE_0
0.0290222818526719,0.523813231323994,4.034458532464615,/home/lmres/storage/projects/cwru-fault-detection/data/mat_files/212.mat,12000,3,1730,drive,inner,0.021,FE_0
0.028106936274106337,0.5203730846657368,4.078865547302987,/home/lmres/storage/projects/cwru-fault-detection/data/mat_files/212.mat,12000,3,1730,drive,inner,0.021,FE_0
0.028388886294234434,0.5323788215337918,3.869503734009568,/home/lmres/storage/projects/cwru-fault-detection/data/mat_files/212.mat,12000,3,1730,drive,inner,0.021,FE_0
0.02935076534502038,0.5363320317938738,3.940031351594051,/home/lmres/storage/projects/cwru-fault-detection/data/mat_files/212.mat,12000,3,1730,drive,inner,0.021,FE_0
0.7209554340980076,0.6190061082642556,3.3964399963613268,/home/lmres/storage/projects/cwru-fault-detection/data/mat_files/3001.mat,12000,0,1797,drive,inner,0.028,DE_0
0.7035224695343554,0.6152172257390784,3.4217388278982894,/home/lmres/storage/projects/cwru-fault-detection/data/mat_files/3001.mat,12000,0,1797,drive,inner,0.028,DE_0
0.723370601359113,0.6270668386367784,3.3268816913260624,/home/lmres/storage/projects/cwru-fault-detection/data/mat_files/3001.mat,12000,0,1797,drive,inner,0.028,DE_0
0.6752184644959066,0.6162370245934732,3.3675727241350946,/home/lmres/storage/projects/cwru-fault-detection/data/mat_files/3001.mat,12000,0,1797,drive,inner,0.028,DE_0
0.6958058704072367,0.6219919451316493,3.317233363825549,/home/lmres/storage/projects/cwru-fault-detection/data/mat_files/3001.mat,12000,0,1797,drive,inner,0.028,DE_0
0.6926202354319697,0.6159355054844172,3.3601921114912074,/home/lmres/storage/projects/cwru-fault-detection/data/mat_files/3001.mat,12000,0,1797,drive,inner,0.028,DE_0
0.6600338013953245,0.6119155594719313,3.2748331530352677,/home/lmres/storage/projects/cwru-fault-detection/data/mat_files/3001.mat,12000,0,1797,drive,inner,0.028,DE_0
0.7381564205173559,0.626588237653457,3.3938003724165635,/home/lmres/storage/projects/cwru-fault-detection/data/mat_files/3001.mat,12000,0,1797,drive,inner,0.028,DE_0
0.6956636118192916,0.6074044888735141,3.4701948027651923,/home/lmres/storage/projects/cwru-fault-detection/data/mat_files/3001.mat,12000,0,1797,drive,inner,0.028,DE_0
0.7235956841229603,0.6296910907930461,3.5717591957576698,/home/lmres/storage/projects/cwru-fault-detection/data/mat_files/3001.mat,12000,0,1797,drive,inner,0.028,DE_0
0.6824552848795653,0.5848951000846919,3.2585344726504566,/home/lmres/storage/projects/cwru-fault-detection/data/mat_files/3002.mat,12000,1,1772,drive,inner,0.028,DE_0
0.6886675114807582,0.5792538910970941,3.1795173128971825,/home/lmres/storage/projects/cwru-fault-detection/data/mat_files/3002.mat,12000,1,1772,drive,inner,0.028,DE_0
0.6938993031402887,0.5794307949692038,3.0732927317038667,/home/lmres/storage/projects/cwru-fault-detection/data/mat_files/3002.mat,12000,1,1772,drive,inner,0.028,DE_0
0.7140883830599528,0.593978652267999,3.1983387060764112,/home/lmres/storage/projects/cwru-fault-detection/data/mat_files/3002.mat,12000,1,1772,drive,inner,0.028,DE_0
0.688005019290539,0.5835282973911127,3.254649396748751,/home/lmres/storage/projects/cwru-fault-detection/data/mat_files/3002.mat,12000,1,1772,drive,inner,0.028,DE_0
0.7370982948373367,0.5836808451229873,3.11409930378357,/home/lmres/storage/projects/cwru-fault-detection/data/mat_files/3002.mat,12000,1,1772,drive,inner,0.028,DE_0
0.6976315277082057,0.5799956239914167,3.236572334658733,/home/lmres/storage/projects/cwru-fault-detection/data/mat_files/3002.mat,12000,1,1772,drive,inner,0.028,DE_0
0.7056878766346538,0.590714544942789,3.3671927228395857,/home/lmres/storage/projects/cwru-fault-detection/data/mat_files/3002.mat,12000,1,1772,drive,inner,0.028,DE_0
0.6988861080635868,0.5931206470223831,3.151158566580955,/home/lmres/storage/projects/cwru-fault-detection/data/mat_files/3002.mat,12000,1,1772,drive,inner,0.028,DE_0
0.7061545857607235,0.5900210755972769,3.1317802697550587,/home/lmres/storage/projects/cwru-fault-detection/data/mat_files/3002.mat,12000,1,1772,drive,inner,0.028,DE_0
0.7375589890852974,0.506326724521577,3.2836541076233057,/home/lmres/storage/projects/cwru-fault-detection/data/mat_files/3003.mat,12000,2,1750,drive,inner,0.028,DE_0
0.7013886170542252,0.4661117592329151,3.232556272916504,/home/lmres/storage/projects/cwru-fault-detection/data/mat_files/3003.mat,12000,2,1750,drive,inner,0.028,DE_0
0.7003901116634857,0.49269367657385615,3.189700011207528,/home/lmres/storage/projects/cwru-fault-detection/data/mat_files/3003.mat,12000,2,1750,drive,inner,0.028,DE_0
0.6710546072383146,0.46686408979052574,3.2929943823890833,/home/lmres/storage/projects/cwru-fault-detection/data/mat_files/3003.mat,12000,2,1750,drive,inner,0.028,DE_0
0.7182383604950552,0.496324144407807,3.390801216350119,/home/lmres/storage/projects/cwru-fault-detection/data/mat_files/3003.mat,12000,2,1750,drive,inner,0.028,DE_0
0.6837975726205461,0.46699063674253966,3.3201094116564254,/home/lmres/storage/projects/cwru-fault-detection/data/mat_files/3003.mat,12000,2,1750,drive,inner,0.028,DE_0
0.6987037148383828,0.48602163540440285,3.356210757800746,/home/lmres/storage/projects/cwru-fault-detection/data/mat_files/3003.mat,12000,2,1750,drive,inner,0.028,DE_0
0.7285897738003417,0.4849419203346377,3.2962810180096493,/home/lmres/storage/projects/cwru-fault-detection/data/mat_files/3003.mat,12000,2,1750,drive,inner,0.028,DE_0
0.7077680071854079,0.4813406110632938,3.2091510319041134,/home/lmres/storage/projects/cwru-fault-detection/data/mat_files/3003.mat,12000,2,1750,drive,inner,0.028,DE_0
0.7231404681070928,0.4818282005370991,3.2889985671683526,/home/lmres/storage/projects/cwru-fault-detection/data/mat_files/3003.mat,12000,2,1750,drive,inner,0.028,DE_0
0.6704523990703292,0.39857076015989595,3.265615118103399,/home/lmres/storage/projects/cwru-fault-detection/data/mat_files/3004.mat,12000,3,1730,drive,inner,0.028,DE_0
0.674704015729345,0.39482092737203545,3.3101894313576876,/home/lmres/storage/projects/cwru-fault-detection/data/mat_files/3004.mat,12000,3,1730,drive,inner,0.028,DE_0
0.6863194150375851,0.40643955751431793,3.3682352664231408,/home/lmres/storage/projects/cwru-fault-detection/data/mat_files/3004.mat,12000,3,1730,drive,inner,0.028,DE_0
0.6777066237969754,0.39283045995857563,3.254296700874227,/home/lmres/storage/projects/cwru-fault-detection/data/mat_files/3004.mat,12000,3,1730,drive,inner,0.028,DE_0
0.6831792611812445,0.4009455506615002,3.2328098259664957,/home/lmres/storage/projects/cwru-fault-detection/data/mat_files/3004.mat,12000,3,1730,drive,inner,0.028,DE_0
0.6780047714919266,0.4000679055450317,3.3574753230481993,/home/lmres/storage/projects/cwru-fault-detection/data/mat_files/3004.mat,12000,3,1730,drive,inner,0.028,DE_0
0.6783583444482311,0.39651440135766763,3.36201150712447,/home/lmres/storage/projects/cwru-fault-detection/data/mat_files/3004.mat,12000,3,1730,drive,inner,0.028,DE_0
0.677547735418917,0.397504935457194,3.327466100775208,/home/lmres/storage/projects/cwru-fault-detection/data/mat_files/3004.mat,12000,3,1730,drive,inner,0.028,DE_0
0.6664325499674145,0.3870468827892327,3.26594670967152,/home/lmres/storage/projects/cwru-fault-detection/data/mat_files/3004.mat,12000,3,1730,drive,inner,0.028,DE_0
0.6839514944670072,0.3999806679738546,3.418766384396645,/home/lmres/storage/projects/cwru-fault-detection/data/mat_files/3004.mat,12000,3,1730,drive,inner,0.028,DE_0
0.0013360207491957385,0.28848930877568596,3.0754886195954874,/home/lmres/storage/projects/cwru-fault-detection/data/mat_files/118.mat,12000,0,1797,drive,ball,0.007,BA_0
0.0013118077918865187,0.28757939372893293,3.0586922591186902,/home/lmres/storage/projects/cwru-fault-detection/data/mat_files/118.mat,12000,0,1797,drive,ball,0.007,BA_0
0.0012956457527036147,0.31087387799402916,3.160682264293598,/home/lmres/storage/projects/cwru-fault-detection/data/mat_files/118.mat,12000,0,1797,drive,ball,0.007,BA_0
0.001282516923095387,0.3028027766602195,3.195682721285675,/home/lmres/storage/projects/cwru-fault-detection/data/mat_files/118.mat,12000,0,1797,drive,ball,0.007,BA_0
0.0012543509964020078,0.2907703757171316,3.0509733654820694,/home/lmres/storage/projects/cwru-fault-detection/data/mat_files/118.mat,12000,0,1797,drive,ball,0.007,BA_0
0.0012915962822897694,0.3051784202149112,3.1406636449331726,/home/lmres/storage/projects/cwru-fault-detection/data/mat_files/118.mat,12000,0,1797,drive,ball,0.007,BA_0
0.0012274390347771418,0.3109129290989759,3.2171236804678967,/home/lmres/storage/projects/cwru-fault-detection/data/mat_files/118.mat,12000,0,1797,drive,ball,0.007,BA_0
0.0012695353890274565,0.29037195125955867,3.0738770484265077,/home/lmres/storage/projects/cwru-fault-detection/data/mat_files/118.mat,12000,0,1797,drive,ball,0.007,BA_0
0.0012961135717424546,0.3073781207901878,3.102940885816439,/home/lmres/storage/projects/cwru-fault-detection/data/mat_files/118.mat,12000,0,1797,drive,ball,0.007,BA_0
0.0012504424072672193,0.31242726743523536,3.145430631834318,/home/lmres/storage/projects/cwru-fault-detection/data/mat_files/118.mat,12000,0,1797,drive,ball,0.007,BA_0
0.019117394826074777,0.8809750763730824,2.964506058704737,/home/lmres/storage/projects/cwru-fault-detection/data/mat_files/118.mat,12000,0,1797,drive,ball,0.007,DE_0
0.018790993580752324,0.8767937827870277,2.9399156724063995,/home/lmres/storage/projects/cwru-fault-detection/data/mat_files/118.mat,12000,0,1797,drive,ball,0.007,DE_0
0.019687083294703644,0.8869988864111992,2.97322481599387,/home/lmres/storage/projects/cwru-fault-detection/data/mat_files/118.mat,12000,0,1797,drive,ball,0.007,DE_0
0.019244143432989715,0.890063362387011,2.8786965777600924,/home/lmres/storage/projects/cwru-fault-detection/data/mat_files/118.mat,12000,0,1797,drive,ball,0.007,DE_0
0.01911731235702288,0.89308209391497,3.0241994981311744,/home/lmres/storage/projects/cwru-fault-detection/data/mat_files/118.mat,12000,0,1797,drive,ball,0.007,DE_0
0.01844133651354268,0.8897778696423376,2.922679809159068,/home/lmres/storage/projects/cwru-fault-detection/data/mat_files/118.mat,12000,0,1797,drive,ball,0.007,DE_0
0.018947596487969606,0.8972086960062293,2.979702697435995,/home/lmres/storage/projects/cwru-fault-detection/data/mat_files/118.mat,12000,0,1797,drive,ball,0.007,DE_0
0.019705362805108036,0.9077794979004823,2.9051325214881363,/home/lmres/storage/projects/cwru-fault-detection/data/mat_files/118.mat,12000,0,1797,drive,ball,0.007,DE_0
0.020525455760698027,0.9060083321515968,3.063574945360809,/home/lmres/storage/projects/cwru-fault-detection/data/mat_files/118.mat,12000,0,1797,drive,ball,0.007,DE_0
0.019941404240391227,0.9036646694186764,3.0383887066202377,/home/lmres/storage/projects/cwru-fault-detection/data/mat_files/118.mat,12000,0,1797,drive,ball,0.007,DE_0
0.012147464260621485,0.5711577598255568,2.748632757701408,/home/lmres/storage/projects/cwru-fault-detection/data/mat_files/118.mat,12000,0,1797,drive,ball,0.007,FE_0
0.011883388902278786,0.6017361705435172,2.7507364659440303,/home/lmres/storage/projects/cwru-fault-detection/data/mat_files/118.mat,12000,0,1797,drive,ball,0.007,FE_0
0.012365478244463084,0.5915883075381908,2.7116089272486525,/home/lmres/storage/projects/cwru-fault-detection/data/mat_files/118.mat,12000,0,1797,drive,ball,0.007,FE_0
0.012290966359555646,0.5705830809806649,2.804987331357199,/home/lmres/storage/projects/cwru-fault-detection/data/mat_files/118.mat,12000,0,1797,drive,ball,0.007,FE_0
0.012013784878507162,0.5853612087261357,2.7729416565010525,/home/lmres/storage/projects/cwru-fault-detection/data/mat_files/118.mat,12000,0,1797,drive,ball,0.007,FE_0
0.01220136033120661,0.5859053308380756,2.7940022584656146,/home/lmres/storage/projects/cwru-fault-detection/data/mat_files/118.mat,12000,0,1797,drive,ball,0.007,FE_0
0.012099959415746554,0.5794052169471481,2.742792743849735,/home/lmres/storage/projects/cwru-fault-detection/data/mat_files/118.mat,12000,0,1797,drive,ball,0.007,FE_0
0.01224603634307796,0.5818670655916509,2.758418542413839,/home/lmres/storage/projects/cwru-fault-detection/data/mat_files/118.mat,12000,0,1797,drive,ball,0.007,FE_0
0.012450411652490634,0.5863820493646433,2.764758571033358,/home/lmres/storage/projects/cwru-fault-detection/data/mat_files/118.mat,12000,0,1797,drive,ball,0.007,FE_0
0.01269946258331763,0.5734313901146609,2.794572775750589,/home/lmres/storage/projects/cwru-fault-detection/data/mat_files/118.mat,12000,0,1797,drive,ball,0.007,FE_0
0.0012008078296073192,0.22100393245555822,2.99076467425228,/home/lmres/storage/projects/cwru-fault-detection/data/mat_files/119.mat,12000,1,1772,drive,ball,0.007,BA_0
0.0012450938033292222,0.20991089627553178,2.953696564242776,/home/lmres/storage/projects/cwru-fault-detection/data/mat_files/119.mat,12000,1,1772,drive,ball,0.007,BA_0
0.0011790281720380953,0.21439138901511148,2.9563501835264665,/home/lmres/storage/projects/cwru-fault-detection/data/mat_files/119.mat,12000,1,1772,drive,ball,0.007,BA_0
0.0012647363154293587,0.2076796092741041,2.941827177215006,/home/lmres/storage/projects/cwru-fault-detection/data/mat_files/119.mat,12000,1,1772,drive,ball,0.007,BA_0
0.0012393293461089067,0.20555666371381714,3.008139290490316,/home/lmres/storage/projects/cwru-fault-detection/data/mat_files/119.mat,12000,1,1772,drive,ball,0.007,BA_0
0.0012424439446592787,0.20969984106390407,3.124512577893701,/home/lmres/storage/projects/cwru-fault-detection/data/mat_files/119.mat,12000,1,1772,drive,ball,0.007,BA_0
0.0012553769024465271,0.20829518313152434,3.0082132659956504,/home/lmres/storage/projects/cwru-fault-detection/data/mat_files/119.mat,12000,1,1772,drive,ball,0.007,BA_0
0.0012649187451088733,0.2033239190150851,2.986009162131725,/home/lmres/storage/projects/cwru-fault-detection/data/mat_files/119.mat,12000,1,1772,drive,ball,0.007,BA_0
0.001236609077628797,0.21413238356152678,3.0796377592112933,/home/lmres/storage/projects/cwru-fault-detection/data/mat_files/119.mat,12000,1,1772,drive,ball,0.007,BA_0
0.0012928257521147885,0.20406318315207914,2.961645180844087,/home/lmres/storage/projects/cwru-fault-detection/data/mat_files/119.mat,12000,1,1772,drive,ball,0.007,BA_0
0.019174302352700005,0.9324008605512593,2.9836384027184124,/home/lmres/storage/projects/cwru-fault-detection/data/mat_files/119.mat,12000,1,1772,drive,ball,0.007,DE_0
0.019255567921957692,0.9316858526788909,3.1154510151527934,/home/lmres/storage/projects/cwru-fault-detection/data/mat_files/119.mat,12000,1,1772,drive,ball,0.007,DE_0
0.018274576449908847,0.9293512978761311,2.9455403423178974,/home/lmres/storage/projects/cwru-fault-detection/data/mat_files/119.mat,12000,1,1772,drive,ball,0.007,DE_0
0.01937381586429763,0.9311501244421817,2.98175814459632,/home/lmres/storage/projects/cwru-fault-detection/data/mat_files/119.mat,12000,1,1772,drive,ball,0.007,DE_0
0.019684385001960514,0.9316867015819799,2.989830809426239,/home/lmres/storage/projects/cwru-fault-detection/data/mat_files/119.mat,12000,1,1772,drive,ball,0.007,DE_0
0.019484832042332926,0.931495129440168,2.9535531522519323,/home/lmres/storage/projects/cwru-fault-detection/data/mat_files/119.mat,12000,1,1772,drive,ball,0.007,DE_0
0.01948473914234328,0.930849853399382,2.91859603642852,/home/lmres/storage/projects/cwru-fault-detection/data/mat_files/119.mat,12000,1,1772,drive,ball,0.007,DE_0
0.01962548251451535,0.9295500609404248,2.996621618442966,/home/lmres/storage/projects/cwru-fault-detection/data/mat_files/119.mat,12000,1,1772,drive,ball,0.007,DE_0
0.019054124434018466,0.929249139832861,2.8619249655053873,/home/lmres/storage/projects/cwru-fault-detection/data/mat_files/119.mat,12000,1,1772,drive,ball,0.007,DE_0
0.019998282483873763,0.9310340804870048,2.8642457858268195,/home/lmres/storage/projects/cwru-fault-detection/data/mat_files/119.mat,12000,1,1772,drive,ball,0.007,DE_0
0.007409659442892836,0.4299131040871364,2.8879550978325583,/home/lmres/storage/projects/cwru-fault-detection/data/mat_files/119.mat,12000,1,1772,drive,ball,0.007,FE_0
0.007734313047814049,0.4358595346729394,2.9862946890480657,/home/lmres/storage/projects/cwru-fault-detection/data/mat_files/119.mat,12000,1,1772,drive,ball,0.007,FE_0
0.007952460768463083,0.424862176647385,2.9131459921145844,/home/lmres/storage/projects/cwru-fault-detection/data/mat_files/119.mat,12000,1,1772,drive,ball,0.007,FE_0
0.007909534447284296,0.4309959129880651,2.8720851357551727,/home/lmres/storage/projects/cwru-fault-detection/data/mat_files/119.mat,12000,1,1772,drive,ball,0.007,FE_0
0.00782610403849752,0.41656970171305113,2.9393963623262653,/home/lmres/storage/projects/cwru-fault-detection/data/mat_files/119.mat,12000,1,1772,drive,ball,0.007,FE_0
0.007877338676613773,0.42012121224905485,2.914140189032981,/home/lmres/storage/projects/cwru-fault-detection/data/mat_files/119.mat,12000,1,1772,drive,ball,0.007,FE_0
0.007830190959211293,0.42198757641207824,2.8963447309406853,/home/lmres/storage/projects/cwru-fault-detection/data/mat_files/119.mat,12000,1,1772,drive,ball,0.007,FE_0
0.007759254644055647,0.4092416155705017,2.923949340558499,/home/lmres/storage/projects/cwru-fault-detection/data/mat_files/119.mat,12000,1,1772,drive,ball,0.007,FE_0
0.007656159940092562,0.41566213476894687,2.851522756033424,/home/lmres/storage/projects/cwru-fault-detection/data/mat_files/119.mat,12000,1,1772,drive,ball,0.007,FE_0
0.00765381974822617,0.4350353970854065,2.8182706013004326,/home/lmres/storage/projects/cwru-fault-detection/data/mat_files/119.mat,12000,1,1772,drive,ball,0.007,FE_0
0.001358299993133845,0.18190593321409512,3.1208700694181304,/home/lmres/storage/projects/cwru-fault-detection/data/mat_files/120.mat,12000,2,1750,drive,ball,0.007,BA_0
0.0013467867230090537,0.17615023388737142,3.112172219707069,/home/lmres/storage/projects/cwru-fault-detection/data/mat_files/120.mat,12000,2,1750,drive,ball,0.007,BA_0
0.0014201374806566195,0.17543991316467583,3.09261156636686,/home/lmres/storage/projects/cwru-fault-detection/data/mat_files/120.mat,12000,2,1750,drive,ball,0.007,BA_0
0.001335285082367185,0.18983044252094056,3.104534432015365,/home/lmres/storage/projects/cwru-fault-detection/data/mat_files/120.mat,12000,2,1750,drive,ball,0.007,BA_0
0.001407583826425317,0.17672940599972758,3.1640612678011495,/home/lmres/storage/projects/cwru-fault-detection/data/mat_files/120.mat,12000,2,1750,drive,ball,0.007,BA_0
0.001422264535007705,0.1782893841295414,3.10806198988678,/home/lmres/storage/projects/cwru-fault-detection/data/mat_files/120.mat,12000,2,1750,drive,ball,0.007,BA_0
0.001389951962132769,0.17898932702821285,3.257994248155918,/home/lmres/storage/projects/cwru-fault-detection/data/mat_files/120.mat,12000,2,1750,drive,ball,0.007,BA_0
0.0014258494525411021,0.17478180375387983,3.1921335758649145,/home/lmres/storage/projects/cwru-fault-detection/data/mat_files/120.mat,12000,2,1750,drive,ball,0.007,BA_0
0.0014488478915237538,0.18043567958494544,3.1050492545116457,/home/lmres/storage/projects/cwru-fault-detection/data/mat_files/120.mat,12000,2,1750,drive,ball,0.007,BA_0
0.0014210100587249586,0.176599412206073,3.1230123176201223,/home/lmres/storage/projects/cwru-fault-detection/data/mat_files/120.mat,12000,2,1750,drive,ball,0.007,BA_0
0.020831329692295165,0.9298942376218078,2.724532252319681,/home/lmres/storage/projects/cwru-fault-detection/data/mat_files/120.mat,12000,2,1750,drive,ball,0.007,DE_0
0.02176908098058928,0.9297375580613048,2.8107535779982316,/home/lmres/storage/projects/cwru-fault-detection/data/mat_files/120.mat,12000,2,1750,drive,ball,0.007,DE_0
0.021486976293332797,0.9306386046984004,2.7772089545455936,/home/lmres/storage/projects/cwru-fault-detection/data/mat_files/120.mat,12000,2,1750,drive,ball,0.007,DE_0
0.022576912911949173,0.9362832627308831,2.793894450135989,/home/lmres/storage/projects/cwru-fault-detection/data/mat_files/120.mat,12000,2,1750,drive,ball,0.007,DE_0
0.022384469034374396,0.932542036197816,2.8800895754256604,/home/lmres/storage/projects/cwru-fault-detection/data/mat_files/120.mat,12000,2,1750,drive,ball,0.007,DE_0
0.021653490071180736,0.9302984744192407,2.8957259144746086,/home/lmres/storage/projects/cwru-fault-detection/data/mat_files/120.mat,12000,2,1750,drive,ball,0.007,DE_0
0.021789944828380405,0.9328420175183735,2.841748857698619,/home/lmres/storage/projects/cwru-fault-detection/data/mat_files/120.mat,12000,2,1750,drive,ball,0.007,DE_0
0.021916338251310896,0.9300911030175977,2.8431805921345377,/home/lmres/storage/projects/cwru-fault-detection/data/mat_files/120.mat,12000,2,1750,drive,ball,0.007,DE_0
0.021233451139805196,0.9281584736517002,2.907808506705039,/home/lmres/storage/projects/cwru-fault-detection/data/mat_files/120.mat,12000,2,1750,drive,ball,0.007,DE_0
0.021054400445580226,0.9279115998582655,2.843831830649158,/home/lmres/storage/projects/cwru-fault-detection/data/mat_files/120.mat,12000,2,1750,drive,ball,0.007,DE_0
0.008343211645585123,0.3500818703793712,2.9340972485874937,/home/lmres/storage/projects/cwru-fault-detection/data/mat_files/120.mat,12000,2,1750,drive,ball,0.007,FE_0
0.008427974856561432,0.3251727288168354,2.937403119638084,/home/lmres/storage/projects/cwru-fault-detection/data/mat_files/120.mat,12000,2,1750,drive,ball,0.007,FE_0
0.00852176472690716,0.3364903627836857,2.8897455972534765,/home/lmres/storage/projects/cwru-fault-detection/data/mat_files/120.mat,12000,2,1750,drive,ball,0.007,FE_0
0.008422084337462258,0.30743715840778574,2.977592796940618,/home/lmres/storage/projects/cwru-fault-detection/data/mat_files/120.mat,12000,2,1750,drive,ball,0.007,FE_0
0.0084239812797,0.31468659717138525,2.87892173447666,/home/lmres/storage/projects/cwru-fault-detection/data/mat_files/120.mat,12000,2,1750,drive,ball,0.007,FE_0
0.008303057681846556,0.3227192476903534,2.9062335671726496,/home/lmres/storage/projects/cwru-fault-detection/data/mat_files/120.mat,12000,2,1750,drive,ball,0.007,FE_0
0.008225648866119832,0.3220501261268507,2.9662226993980156,/home/lmres/storage/projects/cwru-fault-detection/data/mat_files/120.mat,12000,2,1750,drive,ball,0.007,FE_0
0.008470755934762259,0.3284433504559788,2.9321086820874838,/home/lmres/storage/projects/cwru-fault-detection/data/mat_files/120.mat,12000,2,1750,drive,ball,0.007,FE_0
0.008503773234048209,0.3320629686353248,2.909664394719736,/home/lmres/storage/projects/cwru-fault-detection/data/mat_files/120.mat,12000,2,1750,drive,ball,0.007,FE_0
0.008344378777914324,0.336754741389331,2.9147986957310117,/home/lmres/storage/projects/cwru-fault-detection/data/mat_files/120.mat,12000,2,1750,drive,ball,0.007,FE_0
0.002131069537089942,0.11211490801402799,3.0327148828946364,/home/lmres/storage/projects/cwru-fault-detection/data/mat_files/121.mat,12000,3,1730,drive,ball,0.007,BA_0
0.0020784635329759503,0.1159211911572597,2.9326591574515266,/home/lmres/storage/projects/cwru-fault-detection/data/mat_files/121.mat,12000,3,1730,drive,ball,0.007,BA_0
0.0020768608352054667,0.12062080574544119,3.0008481355711774,/home/lmres/storage/projects/cwru-fault-detection/data/mat_files/121.mat,12000,3,1730,drive,ball,0.007,BA_0
0.0020558520076119475,0.1177282702385531,2.9196155131768546,/home/lmres/storage/projects/cwru-fault-detection/data/mat_files/121.mat,12000,3,1730,drive,ball,0.007,BA_0
0.002067601055164695,0.11605569401032004,3.022902163876376,/home/lmres/storage/projects/cwru-fault-detection/data/mat_files/121.mat,12000,3,1730,drive,ball,0.007,BA_0
0.002055312139342476,0.11764469624962094,2.9937587283245697,/home/lmres/storage/projects/cwru-fault-detection/data/mat_files/121.mat,12000,3,1730,drive,ball,0.007,BA_0
0.002064630447004169,0.11467785428637588,2.9532668378463587,/home/lmres/storage/projects/cwru-fault-detection/data/mat_files/121.mat,12000,3,1730,drive,ball,0.007,BA_0
0.0020875094099991973,0.11938524744942103,2.982529300926668,/home/lmres/storage/projects/cwru-fault-detection/data/mat_files/121.mat,12000,3,1730,drive,ball,0.007,BA_0
0.0020693109326621706,0.11586100130702753,3.0324559781527753,/home/lmres/storage/projects/cwru-fault-detection/data/mat_files/121.mat,12000,3,1730,drive,ball,0.007,BA_0
0.002072430768696127,0.11673756700968094,2.9150201886595895,/home/lmres/storage/projects/cwru-fault-detection/data/mat_files/121.mat,12000,3,1730,drive,ball,0.007,BA_0
0.023964460239943634,0.8876930175637656,2.8329972948405544,/home/lmres/storage/projects/cwru-fault-detection/data/mat_files/121.mat,12000,3,1730,drive,ball,0.007,DE_0
0.023762284295249552,0.8859774140049539,2.8462643933215577,/home/lmres/storage/projects/cwru-fault-detection/data/mat_files/121.mat,12000,3,1730,drive,ball,0.007,DE_0
0.023964943616283207,0.888531111738349,2.750090248584858,/home/lmres/storage/projects/cwru-fault-detection/data/mat_files/121.mat,12000,3,1730,drive,ball,0.007,DE_0
0.023558337074423376,0.8858113589623278,2.9442673177049676,/home/lmres/storage/projects/cwru-fault-detection/data/mat_files/121.mat,12000,3,1730,drive,ball,0.007,DE_0
0.02526873886505366,0.8957830370707147,2.819764679407143,/home/lmres/storage/projects/cwru-fault-detection/data/mat_files/121.mat,12000,3,1730,drive,ball,0.007,DE_0
0.024530011460930753,0.892518292032454,2.8613025438656554,/home/lmres/storage/projects/cwru-fault-detection/data/mat_files/121.mat,12000,3,1730,drive,ball,0.007,DE_0
0.022958761084362643,0.8831043696089225,3.1252236716220496,/home/lmres/storage/projects/cwru-fault-detection/data/mat_files/121.mat,12000,3,1730,drive,ball,0.007,DE_0
0.02301879016805389,0.8826361974423645,3.027305902732011,/home/lmres/storage/projects/cwru-fault-detection/data/mat_files/121.mat,12000,3,1730,drive,ball,0.007,DE_0
0.022721245751418873,0.8815962378317658,2.8468829685581962,/home/lmres/storage/projects/cwru-fault-detection/data/mat_files/121.mat,12000,3,1730,drive,ball,0.007,DE_0
0.022319211218862108,0.881339819873674,2.8622269449372304,/home/lmres/storage/projects/cwru-fault-detection/data/mat_files/121.mat,12000,3,1730,drive,ball,0.007,DE_0
0.015545718630611844,0.200723415189649,2.7335962916484777,/home/lmres/storage/projects/cwru-fault-detection/data/mat_files/121.mat,12000,3,1730,drive,ball,0.007,FE_0
0.015672415758197517,0.20038598182940381,2.7279372084551134,/home/lmres/storage/projects/cwru-fault-detection/data/mat_files/121.mat,12000,3,1730,drive,ball,0.007,FE_0
0.015631239092534985,0.19322454349275942,2.6938967105844807,/home/lmres/storage/projects/cwru-fault-detection/data/mat_files/121.mat,12000,3,1730,drive,ball,0.007,FE_0
0.016116090615653444,0.205897701707417,2.733167756753629,/home/lmres/storage/projects/cwru-fault-detection/data/mat_files/121.mat,12000,3,1730,drive,ball,0.007,FE_0
0.015718685826701925,0.199845472788424,2.6959938980441023,/home/lmres/storage/projects/cwru-fault-detection/data/mat_files/121.mat,12000,3,1730,drive,ball,0.007,FE_0
0.015604627251293664,0.20992281703174054,2.7480864964225353,/home/lmres/storage/projects/cwru-fault-detection/data/mat_files/121.mat,12000,3,1730,drive,ball,0.007,FE_0
0.015685599033100822,0.2053356744813875,2.683328352655429,/home/lmres/storage/projects/cwru-fault-detection/data/mat_files/121.mat,12000,3,1730,drive,ball,0.007,FE_0
0.015595508394819558,0.2038162602770435,2.6775242564574118,/home/lmres/storage/projects/cwru-fault-detection/data/mat_files/121.mat,12000,3,1730,drive,ball,0.007,FE_0
0.015978320854994215,0.20577806276945546,2.737327464756708,/home/lmres/storage/projects/cwru-fault-detection/data/mat_files/121.mat,12000,3,1730,drive,ball,0.007,FE_0
0.016224726024397795,0.20584091482026293,2.7443099662631054,/home/lmres/storage/projects/cwru-fault-detection/data/mat_files/121.mat,12000,3,1730,drive,ball,0.007,FE_0
0.0024626008469685605,0.2556820597206247,3.50874116266178,/home/lmres/storage/projects/cwru-fault-detection/data/mat_files/185.mat,12000,0,1797,drive,ball,0.014,BA_0
0.0020105750040165155,0.3244296341790058,3.871558736638639,/home/lmres/storage/projects/cwru-fault-detection/data/mat_files/185.mat,12000,0,1797,drive,ball,0.014,BA_0
0.002148337828491582,0.2905987281938669,3.494300702073395,/home/lmres/storage/projects/cwru-fault-detection/data/mat_files/185.mat,12000,0,1797,drive,ball,0.014,BA_0
0.0023924782958913444,0.2522206127417346,3.755814149935164,/home/lmres/storage/projects/cwru-fault-detection/data/mat_files/185.mat,12000,0,1797,drive,ball,0.014,BA_0
0.0019742056600380144,0.3001799224546729,3.6804228545729885,/home/lmres/storage/projects/cwru-fault-detection/data/mat_files/185.mat,12000,0,1797,drive,ball,0.014,BA_0
0.0016071117970893822,0.3672258507478865,2.8202916334587425,/home/lmres/storage/projects/cwru-fault-detection/data/mat_files/185.mat,12000,0,1797,drive,ball,0.014,BA_0
0.0019162431271535123,0.29989201384738784,2.827788143496841,/home/lmres/storage/projects/cwru-fault-detection/data/mat_files/185.mat,12000,0,1797,drive,ball,0.014,BA_0
0.00291416258308773,0.21159526811690366,4.40563121021307,/home/lmres/storage/projects/cwru-fault-detection/data/mat_files/185.mat,12000,0,1797,drive,ball,0.014,BA_0
0.002190569062346972,0.2860912159628788,3.7361398392620297,/home/lmres/storage/projects/cwru-fault-detection/data/mat_files/185.mat,12000,0,1797,drive,ball,0.014,BA_0
0.002410078798964919,0.26087506801956967,3.7210610615778177,/home/lmres/storage/projects/cwru-fault-detection/data/mat_files/185.mat,12000,0,1797,drive,ball,0.014,BA_0
0.03131996976482337,0.8712890386913652,10.439920790752367,/home/lmres/storage/projects/cwru-fault-detection/data/mat_files/185.mat,12000,0,1797,drive,ball,0.014,DE_0
0.040044868144869315,0.9164174737532604,14.943748963198415,/home/lmres/storage/projects/cwru-fault-detection/data/mat_files/185.mat,12000,0,1797,drive,ball,0.014,DE_0
0.023759270504018482,0.8544241193726886,9.326525544274826,/home/lmres/storage/projects/cwru-fault-detection/data/mat_files/185.mat,12000,0,1797,drive,ball,0.014,DE_0
0.016788497791319173,0.7522813681595227,24.76925537046115,/home/lmres/storage/projects/cwru-fault-detection/data/mat_files/185.mat,12000,0,1797,drive,ball,0.014,DE_0
0.013163828978953724,0.7492237889607125,49.5199186424331,/home/lmres/storage/projects/cwru-fault-detection/data/mat_files/185.mat,12000,0,1797,drive,ball,0.014,DE_0
0.009542072108859068,0.7474521334177875,11.216062243982327,/home/lmres/storage/projects/cwru-fault-detection/data/mat_files/185.mat,12000,0,1797,drive,ball,0.014,DE_0
0.008627012177884657,0.6500996991540301,5.01370425234788,/home/lmres/storage/projects/cwru-fault-detection/data/mat_files/185.mat,12000,0,1797,drive,ball,0.014,DE_0
0.02716171529842849,0.7920240647165298,21.445335492073177,/home/lmres/storage/projects/cwru-fault-detection/data/mat_files/185.mat,12000,0,1797,drive,ball,0.014,DE_0
0.03360219788259308,0.8787251852282335,9.895322275195516,/home/lmres/storage/projects/cwru-fault-detection/data/mat_files/185.mat,12000,0,1797,drive,ball,0.014,DE_0
0.03120755197790076,0.8685676892676062,15.032307186400898,/home/lmres/storage/projects/cwru-fault-detection/data/mat_files/185.mat,12000,0,1797,drive,ball,0.014,DE_0
0.009650082198153718,0.47177202255025824,3.7624537121685777,/home/lmres/storage/projects/cwru-fault-detection/data/mat_files/185.mat,12000,0,1797,drive,ball,0.014,FE_0
0.00848985169285179,0.49688087006588955,3.6472404756623904,/home/lmres/storage/projects/cwru-fault-detection/data/mat_files/185.mat,12000,0,1797,drive,ball,0.014,FE_0
0.008985059687542974,0.4731348562309251,4.113253982024337,/home/lmres/storage/projects/cwru-fault-detection/data/mat_files/185.mat,12000,0,1797,drive,ball,0.014,FE_0
0.007936721410617355,0.4448054177074167,3.5366956430859005,/home/lmres/storage/projects/cwru-fault-detection/data/mat_files/185.mat,12000,0,1797,drive,ball,0.014,FE_0
0.007488547359076307,0.44746626166077486,3.070143166228546,/home/lmres/storage/projects/cwru-fault-detection/data/mat_files/185.mat,12000,0,1797,drive,ball,0.014,FE_0
0.006401546354695317,0.5171891541641195,2.7522984961010604,/home/lmres/storage/projects/cwru-fault-detection/data/mat_files/185.mat,12000,0,1797,drive,ball,0.014,FE_0
0.006729838027115702,0.4942723933248838,2.7324220831682657,/home/lmres/storage/projects/cwru-fault-detection/data/mat_files/185.mat,12000,0,1797,drive,ball,0.014,FE_0
0.008990640088788429,0.4184073918815049,3.6056424247875367,/home/lmres/storage/projects/cwru-fault-detection/data/mat_files/185.mat,12000,0,1797,drive,ball,0.014,FE_0
0.009152089013704958,0.47583346584126585,4.033168854742163,/home/lmres/storage/projects/cwru-fault-detection/data/mat_files/185.mat,12000,0,1797,drive,ball,0.014,FE_0
0.009050099679508539,0.4548712693550889,3.779658618655191,/home/lmres/storage/projects/cwru-fault-detection/data/mat_files/185.mat,12000,0,1797,drive,ball,0.014,FE_0
0.002147074220106607,0.19563497307228236,2.775345322492853,/home/lmres/storage/projects/cwru-fault-detection/data/mat_files/186.mat,12000,1,1772,drive,ball,0.014,BA_0
0.0021970425963747857,0.20092206499582616,2.774736388891141,/home/lmres/storage/projects/cwru-fault-detection/data/mat_files/186.mat,12000,1,1772,drive,ball,0.014,BA_0
0.0021408562260047024,0.18913346726113398,2.766781676304863,/home/lmres/storage/projects/cwru-fault-detection/data/mat_files/186.mat,12000,1,1772,drive,ball,0.014,BA_0
0.0021406877830062784,0.19235249084101444,2.711171936467388,/home/lmres/storage/projects/cwru-fault-detection/data/mat_files/186.mat,12000,1,1772,drive,ball,0.014,BA_0
0.0021662167207029846,0.1995820232615634,2.6795724611619707,/home/lmres/storage/projects/cwru-fault-detection/data/mat_files/186.mat,12000,1,1772,drive,ball,0.014,BA_0
0.0021482274557331742,0.18945329145148532,2.639362955681293,/home/lmres/storage/projects/cwru-fault-detection/data/mat_files/186.mat,12000,1,1772,drive,ball,0.014,BA_0
0.002187030619570665,0.18614755041063344,2.6979111898047137,/home/lmres/storage/projects/cwru-fault-detection/data/mat_files/186.mat,12000,1,1772,drive,ball,0.014,BA_0
0.0021851903767771703,0.1877896572773587,2.8056137992366845,/home/lmres/storage/projects/cwru-fault-detection/data/mat_files/186.mat,12000,1,1772,drive,ball,0.014,BA_0
0.0021412906852454104,0.18764899370888524,2.788003635765278,/home/lmres/storage/projects/cwru-fault-detection/data/mat_files/186.mat,12000,1,1772,drive,ball,0.014,BA_0
0.002140250082027811,0.18993166883245716,2.7495813018262787,/home/lmres/storage/projects/cwru-fault-detection/data/mat_files/186.mat,12000,1,1772,drive,ball,0.014,BA_0
0.021661114774451297,0.8685826130874696,7.84075902431144,/home/lmres/storage/projects/cwru-fault-detection/data/mat_files/186.mat,12000,1,1772,drive,ball,0.014,DE_0
0.026762745020941812,0.894442150879717,8.998860768011994,/home/lmres/storage/projects/cwru-fault-detection/data/mat_files/186.mat,12000,1,1772,drive,ball,0.014,DE_0
0.022284160913146295,0.8722338856869998,10.033441484531112,/home/lmres/storage/projects/cwru-fault-detection/data/mat_files/186.mat,12000,1,1772,drive,ball,0.014,DE_0
0.015025667867017683,0.8113910519913362,5.655258567522891,/home/lmres/storage/projects/cwru-fault-detection/data/mat_files/186.mat,12000,1,1772,drive,ball,0.014,DE_0
0.023634656239790025,0.8797815624069424,8.40518667540871,/home/lmres/storage/projects/cwru-fault-detection/data/mat_files/186.mat,12000,1,1772,drive,ball,0.014,DE_0
0.02001111844758438,0.8580597435649471,10.455468043351022,/home/lmres/storage/projects/cwru-fault-detection/data/mat_files/186.mat,12000,1,1772,drive,ball,0.014,DE_0
0.02052444016027162,0.8582468724206971,8.024722201061238,/home/lmres/storage/projects/cwru-fault-detection/data/mat_files/186.mat,12000,1,1772,drive,ball,0.014,DE_0
0.014340180615606367,0.800296441030321,8.334791913439762,/home/lmres/storage/projects/cwru-fault-detection/data/mat_files/186.mat,12000,1,1772,drive,ball,0.014,DE_0
0.017480260458908575,0.835758286943148,8.152383698259928,/home/lmres/storage/projects/cwru-fault-detection/data/mat_files/186.mat,12000,1,1772,drive,ball,0.014,DE_0
0.017516547167158676,0.8374513534456157,7.697996327406012,/home/lmres/storage/projects/cwru-fault-detection/data/mat_files/186.mat,12000,1,1772,drive,ball,0.014,DE_0
0.0056201851755330575,0.4103622405756364,3.1909509197357466,/home/lmres/storage/projects/cwru-fault-detection/data/mat_files/186.mat,12000,1,1772,drive,ball,0.014,FE_0
0.005785651850470247,0.4027977571981651,3.192028915881582,/home/lmres/storage/projects/cwru-fault-detection/data/mat_files/186.mat,12000,1,1772,drive,ball,0.014,FE_0
0.005761580998017354,0.3934484201125791,3.250393071219592,/home/lmres/storage/projects/cwru-fault-detection/data/mat_files/186.mat,12000,1,1772,drive,ball,0.014,FE_0
0.005476002094924243,0.3463446577926348,2.9690373301021427,/home/lmres/storage/projects/cwru-fault-detection/data/mat_files/186.mat,12000,1,1772,drive,ball,0.014,FE_0
0.005951312550890082,0.3950663945853952,3.217790879440979,/home/lmres/storage/projects/cwru-fault-detection/data/mat_files/186.mat,12000,1,1772,drive,ball,0.014,FE_0
0.005483195766102478,0.41096310740441294,3.219966764597542,/home/lmres/storage/projects/cwru-fault-detection/data/mat_files/186.mat,12000,1,1772,drive,ball,0.014,FE_0
0.005764094834213223,0.3996477954231925,3.2204488944656062,/home/lmres/storage/projects/cwru-fault-detection/data/mat_files/186.mat,12000,1,1772,drive,ball,0.014,FE_0
0.005413582811815152,0.36007917828286123,3.067749001663922,/home/lmres/storage/projects/cwru-fault-detection/data/mat_files/186.mat,12000,1,1772,drive,ball,0.014,FE_0
0.005627311705691185,0.3501383929798753,2.9682700273079696,/home/lmres/storage/projects/cwru-fault-detection/data/mat_files/186.mat,12000,1,1772,drive,ball,0.014,FE_0
0.005355977934174379,0.37960614534838866,2.9708593966924868,/home/lmres/storage/projects/cwru-fault-detection/data/mat_files/186.mat,12000,1,1772,drive,ball,0.014,FE_0
0.0021675621928493203,0.15891436021051578,3.0570642465934936,/home/lmres/storage/projects/cwru-fault-detection/data/mat_files/187.mat,12000,2,1750,drive,ball,0.014,BA_0
0.0018674720406581307,0.17592467186363459,2.842979788312115,/home/lmres/storage/projects/cwru-fault-detection/data/mat_files/187.mat,12000,2,1750,drive,ball,0.014,BA_0
0.0022355180273652747,0.15757001208756763,3.1724510131232777,/home/lmres/storage/projects/cwru-fault-detection/data/mat_files/187.mat,12000,2,1750,drive,ball,0.014,BA_0
0.002430899335522388,0.14484581519155643,3.774600624424328,/home/lmres/storage/projects/cwru-fault-detection/data/mat_files/187.mat,12000,2,1750,drive,ball,0.014,BA_0
0.002723385592636192,0.1366122978538809,3.566326275894962,/home/lmres/storage/projects/cwru-fault-detection/data/mat_files/187.mat,12000,2,1750,drive,ball,0.014,BA_0
0.001881439302623949,0.17341083094186477,2.7914316348051935,/home/lmres/storage/projects/cwru-fault-detection/data/mat_files/187.mat,12000,2,1750,drive,ball,0.014,BA_0
0.002085140943125501,0.1581708202968489,2.9530226244562554,/home/lmres/storage/projects/cwru-fault-detection/data/mat_files/187.mat,12000,2,1750,drive,ball,0.014,BA_0
0.002752586469103312,0.13156755725925856,4.240930945588626,/home/lmres/storage/projects/cwru-fault-detection/data/mat_files/187.mat,12000,2,1750,drive,ball,0.014,BA_0
0.002448598796395235,0.14677672653871468,3.6101634424471767,/home/lmres/storage/projects/cwru-fault-detection/data/mat_files/187.mat,12000,2,1750,drive,ball,0.014,BA_0
0.0023667886085049408,0.14349488323393558,4.058055001657097,/home/lmres/storage/projects/cwru-fault-detection/data/mat_files/187.mat,12000,2,1750,drive,ball,0.014,BA_0
0.018740299210095793,0.8105409006734983,6.2834483919650435,/home/lmres/storage/projects/cwru-fault-detection/data/mat_files/187.mat,12000,2,1750,drive,ball,0.014,DE_0
0.011201222845692116,0.7423910818668703,6.658637284271492,/home/lmres/storage/projects/cwru-fault-detection/data/mat_files/187.mat,12000,2,1750,drive,ball,0.014,DE_0
0.02269800684682406,0.8331561230386688,15.359360377046757,/home/lmres/storage/projects/cwru-fault-detection/data/mat_files/187.mat,12000,2,1750,drive,ball,0.014,DE_0
0.024007799222972585,0.8287324517067841,8.449865130912885,/home/lmres/storage/projects/cwru-fault-detection/data/mat_files/187.mat,12000,2,1750,drive,ball,0.014,DE_0
0.03023768307370139,0.8540922987336725,8.750831082891711,/home/lmres/storage/projects/cwru-fault-detection/data/mat_files/187.mat,12000,2,1750,drive,ball,0.014,DE_0
0.010639952913394821,0.7234262474113762,7.194172549511798,/home/lmres/storage/projects/cwru-fault-detection/data/mat_files/187.mat,12000,2,1750,drive,ball,0.014,DE_0
0.014536451004858399,0.7692448223649786,5.118127881885207,/home/lmres/storage/projects/cwru-fault-detection/data/mat_files/187.mat,12000,2,1750,drive,ball,0.014,DE_0
0.029245695014201316,0.8466725386502071,8.074651459285766,/home/lmres/storage/projects/cwru-fault-detection/data/mat_files/187.mat,12000,2,1750,drive,ball,0.014,DE_0
0.024256563596687285,0.8320470065699773,9.854535248538042,/home/lmres/storage/projects/cwru-fault-detection/data/mat_files/187.mat,12000,2,1750,drive,ball,0.014,DE_0
0.020389356218265504,0.8069825385039943,7.899777074147007,/home/lmres/storage/projects/cwru-fault-detection/data/mat_files/187.mat,12000,2,1750,drive,ball,0.014,DE_0
0.007036055169427824,0.2486452779386439,3.07239004597201,/home/lmres/storage/projects/cwru-fault-detection/data/mat_files/187.mat,12000,2,1750,drive,ball,0.014,FE_0
0.006217711318482368,0.2263444171748265,2.880670893362135,/home/lmres/storage/projects/cwru-fault-detection/data/mat_files/187.mat,12000,2,1750,drive,ball,0.014,FE_0
0.0073781917795975194,0.2472699664557814,3.7225218181615176,/home/lmres/storage/projects/cwru-fault-detection/data/mat_files/187.mat,12000,2,1750,drive,ball,0.014,FE_0
0.007857732833909366,0.275880063370738,3.428286906629469,/home/lmres/storage/projects/cwru-fault-detection/data/mat_files/187.mat,12000,2,1750,drive,ball,0.014,FE_0
0.008203319708784573,0.28909753147490097,3.4763861016948527,/home/lmres/storage/projects/cwru-fault-detection/data/mat_files/187.mat,12000,2,1750,drive,ball,0.014,FE_0
0.006362247038066666,0.25404421437055535,3.1052814135448923,/home/lmres/storage/projects/cwru-fault-detection/data/mat_files/187.mat,12000,2,1750,drive,ball,0.014,FE_0
0.006821139673135812,0.26345819539020227,3.041599513775538,/home/lmres/storage/projects/cwru-fault-detection/data/mat_files/187.mat,12000,2,1750,drive,ball,0.014,FE_0
0.007906500262026722,0.2794858456912005,3.5449639240965767,/home/lmres/storage/projects/cwru-fault-detection/data/mat_files/187.mat,12000,2,1750,drive,ball,0.014,FE_0
0.00791036963486033,0.28402678238132717,3.330443213431403,/home/lmres/storage/projects/cwru-fault-detection/data/mat_files/187.mat,12000,2,1750,drive,ball,0.014,FE_0
0.00725672333238347,0.25482013147259097,3.3512662884321456,/home/lmres/storage/projects/cwru-fault-detection/data/mat_files/187.mat,12000,2,1750,drive,ball,0.014,FE_0
0.002705385694167483,0.1121022757632692,3.226302588800801,/home/lmres/storage/projects/cwru-fault-detection/data/mat_files/188.mat,12000,3,1730,drive,ball,0.014,BA_0
0.002559430943056898,0.1192386246168513,3.241983727176485,/home/lmres/storage/projects/cwru-fault-detection/data/mat_files/188.mat,12000,3,1730,drive,ball,0.014,BA_0
0.0026448304437896577,0.11269550872151662,3.38549169249548,/home/lmres/storage/projects/cwru-fault-detection/data/mat_files/188.mat,12000,3,1730,drive,ball,0.014,BA_0
0.002530243867620094,0.11805506890029963,3.1144316160181993,/home/lmres/storage/projects/cwru-fault-detection/data/mat_files/188.mat,12000,3,1730,drive,ball,0.014,BA_0
0.002958714642670958,0.10674147298900248,3.693301822092053,/home/lmres/storage/projects/cwru-fault-detection/data/mat_files/188.mat,12000,3,1730,drive,ball,0.014,BA_0
0.0028079163513637074,0.1082726772096385,3.56804905323589,/home/lmres/storage/projects/cwru-fault-detection/data/mat_files/188.mat,12000,3,1730,drive,ball,0.014,BA_0
0.0027891542046803094,0.11415048703463687,3.3363396647405037,/home/lmres/storage/projects/cwru-fault-detection/data/mat_files/188.mat,12000,3,1730,drive,ball,0.014,BA_0
0.0025698942418856947,0.11848552816068195,3.340242038577343,/home/lmres/storage/projects/cwru-fault-detection/data/mat_files/188.mat,12000,3,1730,drive,ball,0.014,BA_0
0.0026368771191452953,0.11530995041883298,3.2946721723952814,/home/lmres/storage/projects/cwru-fault-detection/data/mat_files/188.mat,12000,3,1730,drive,ball,0.014,BA_0
0.0024600336838456064,0.11689492812447991,3.164486692636663,/home/lmres/storage/projects/cwru-fault-detection/data/mat_files/188.mat,12000,3,1730,drive,ball,0.014,BA_0
0.01569427681453805,0.6913679158993533,8.821624648474101,/home/lmres/storage/projects/cwru-fault-detection/data/mat_files/188.mat,12000,3,1730,drive,ball,0.014,DE_0
0.014957229589544293,0.701818386483028,8.742952157311247,/home/lmres/storage/projects/cwru-fault-detection/data/mat_files/188.mat,12000,3,1730,drive,ball,0.014,DE_0
0.01802035577666754,0.7415576709286135,25.90449139557356,/home/lmres/storage/projects/cwru-fault-detection/data/mat_files/188.mat,12000,3,1730,drive,ball,0.014,DE_0
0.015264021456856,0.7082277087479896,9.108147217375679,/home/lmres/storage/projects/cwru-fault-detection/data/mat_files/188.mat,12000,3,1730,drive,ball,0.014,DE_0
0.028543408033939406,0.8121184665052865,17.935946228625685,/home/lmres/storage/projects/cwru-fault-detection/data/mat_files/188.mat,12000,3,1730,drive,ball,0.014,DE_0
0.022568384553938045,0.770503670758391,16.574373638191652,/home/lmres/storage/projects/cwru-fault-detection/data/mat_files/188.mat,12000,3,1730,drive,ball,0.014,DE_0
0.02240290713724886,0.7730298682880793,10.735411023787462,/home/lmres/storage/projects/cwru-fault-detection/data/mat_files/188.mat,12000,3,1730,drive,ball,0.014,DE_0
0.015092432658400396,0.700250500532145,9.038748984411175,/home/lmres/storage/projects/cwru-fault-detection/data/mat_files/188.mat,12000,3,1730,drive,ball,0.014,DE_0
0.0166417003283828,0.7177885690149881,4.900129270628424,/home/lmres/storage/projects/cwru-fault-detection/data/mat_files/188.mat,12000,3,1730,drive,ball,0.014,DE_0
0.010361633561556902,0.5782150308692938,12.458442405712645,/home/lmres/storage/projects/cwru-fault-detection/data/mat_files/188.mat,12000,3,1730,drive,ball,0.014,DE_0
0.017783747444606885,0.1262119731036311,2.847875965719522,/home/lmres/storage/projects/cwru-fault-detection/data/mat_files/188.mat,12000,3,1730,drive,ball,0.014,FE_0
0.01714163099334435,0.11749702884135507,2.68804051084359,/home/lmres/storage/projects/cwru-fault-detection/data/mat_files/188.mat,12000,3,1730,drive,ball,0.014,FE_0
0.017412312152879337,0.12491965267187721,2.8665738518899424,/home/lmres/storage/projects/cwru-fault-detection/data/mat_files/188.mat,12000,3,1730,drive,ball,0.014,FE_0
0.01759660956407989,0.12837330335352318,2.6842025442998736,/home/lmres/storage/projects/cwru-fault-detection/data/mat_files/188.mat,12000,3,1730,drive,ball,0.014,FE_0
0.017350357295536637,0.11328280807136411,2.9185811370127257,/home/lmres/storage/projects/cwru-fault-detection/data/mat_files/188.mat,12000,3,1730,drive,ball,0.014,FE_0
0.017389309541599448,0.12079232143126446,2.8114473298361196,/home/lmres/storage/projects/cwru-fault-detection/data/mat_files/188.mat,12000,3,1730,drive,ball,0.014,FE_0
0.01771171288288705,0.11800181946367891,2.710754306369819,/home/lmres/storage/projects/cwru-fault-detection/data/mat_files/188.mat,12000,3,1730,drive,ball,0.014,FE_0
0.01670015563659118,0.11340505778692662,2.757265493926718,/home/lmres/storage/projects/cwru-fault-detection/data/mat_files/188.mat,12000,3,1730,drive,ball,0.014,FE_0
0.017148483999562533,0.11235031277847725,2.730570200905383,/home/lmres/storage/projects/cwru-fault-detection/data/mat_files/188.mat,12000,3,1730,drive,ball,0.014,FE_0
0.016437231018417903,0.0980563290352178,2.6258748948300688,/home/lmres/storage/projects/cwru-fault-detection/data/mat_files/188.mat,12000,3,1730,drive,ball,0.014,FE_0
0.0017578330576268353,0.3420362523647057,2.9344751127108673,/home/lmres/storage/projects/cwru-fault-detection/data/mat_files/222.mat,12000,0,1797,drive,ball,0.021,BA_0
0.001773810565336791,0.33713715287202783,2.930998636489567,/home/lmres/storage/projects/cwru-fault-detection/data/mat_files/222.mat,12000,0,1797,drive,ball,0.021,BA_0
0.001755366294469671,0.342501062091656,2.9558467898970444,/home/lmres/storage/projects/cwru-fault-detection/data/mat_files/222.mat,12000,0,1797,drive,ball,0.021,BA_0
0.0017525777512982206,0.3492982141190299,2.7900216504220303,/home/lmres/storage/projects/cwru-fault-detection/data/mat_files/222.mat,12000,0,1797,drive,ball,0.021,BA_0
0.0018212851954029817,0.35621073374460743,3.0389036193942656,/home/lmres/storage/projects/cwru-fault-detection/data/mat_files/222.mat,12000,0,1797,drive,ball,0.021,BA_0
0.0018325988626119421,0.33821132031441,3.018256162608261,/home/lmres/storage/projects/cwru-fault-detection/data/mat_files/222.mat,12000,0,1797,drive,ball,0.021,BA_0
0.001880418688166183,0.35590527827684454,3.023724330076323,/home/lmres/storage/projects/cwru-fault-detection/data/mat_files/222.mat,12000,0,1797,drive,ball,0.021,BA_0
0.001861028338389131,0.34093408386733925,2.8634596910116836,/home/lmres/storage/projects/cwru-fault-detection/data/mat_files/222.mat,12000,0,1797,drive,ball,0.021,BA_0
0.0017110000498592578,0.35263594546860627,2.8330608880251895,/home/lmres/storage/projects/cwru-fault-detection/data/mat_files/222.mat,12000,0,1797,drive,ball,0.021,BA_0
0.0017463797423132937,0.3435324635807417,3.015863659677403,/home/lmres/storage/projects/cwru-fault-detection/data/mat_files/222.mat,12000,0,1797,drive,ball,0.021,BA_0
0.013307167451463679,0.8425440845451806,3.591418841451071,/home/lmres/storage/projects/cwru-fault-detection/data/mat_files/222.mat,12000,0,1797,drive,ball,0.021,DE_0
0.01379834322130498,0.8759211574483114,3.7605888106727714,/home/lmres/storage/projects/cwru-fault-detection/data/mat_files/222.mat,12000,0,1797,drive,ball,0.021,DE_0
0.015668935783551007,0.8345472634594439,3.572860639715603,/home/lmres/storage/projects/cwru-fault-detection/data/mat_files/222.mat,12000,0,1797,drive,ball,0.021,DE_0
0.016701925748531764,0.7922669830927842,4.156812693366709,/home/lmres/storage/projects/cwru-fault-detection/data/mat_files/222.mat,12000,0,1797,drive,ball,0.021,DE_0
0.025857175161089933,0.8596737366555399,10.719998124650912,/home/lmres/storage/projects/cwru-fault-detection/data/mat_files/222.mat,12000,0,1797,drive,ball,0.021,DE_0
0.02064351183446926,0.841608639606714,11.154044444443958,/home/lmres/storage/projects/cwru-fault-detection/data/mat_files/222.mat,12000,0,1797,drive,ball,0.021,DE_0
0.03001112740655903,0.8950144717459687,11.994363465726401,/home/lmres/storage/projects/cwru-fault-detection/data/mat_files/222.mat,12000,0,1797,drive,ball,0.021,DE_0
0.020608261847975252,0.8611789169184697,4.667193740126374,/home/lmres/storage/projects/cwru-fault-detection/data/mat_files/222.mat,12000,0,1797,drive,ball,0.021,DE_0
0.014410675331348993,0.8323088736425693,3.5942213913635603,/home/lmres/storage/projects/cwru-fault-detection/data/mat_files/222.mat,12000,0,1797,drive,ball,0.021,DE_0
0.013701608006281943,0.8362957883394183,3.690824284282502,/home/lmres/storage/projects/cwru-fault-detection/data/mat_files/222.mat,12000,0,1797,drive,ball,0.021,DE_0
0.009263791954847382,0.5775222874885423,2.6847874799578544,/home/lmres/storage/projects/cwru-fault-detection/data/mat_files/222.mat,12000,0,1797,drive,ball,0.021,FE_0
0.00935193618244821,0.5591978890482201,2.696249950425069,/home/lmres/storage/projects/cwru-fault-detection/data/mat_files/222.mat,12000,0,1797,drive,ball,0.021,FE_0
0.009496873168736914,0.5441257695575962,2.753185675900462,/home/lmres/storage/projects/cwru-fault-detection/data/mat_files/222.mat,12000,0,1797,drive,ball,0.021,FE_0
0.009957382788357023,0.5522368512862774,2.7983923606022016,/home/lmres/storage/projects/cwru-fault-detection/data/mat_files/222.mat,12000,0,1797,drive,ball,0.021,FE_0
0.010345904328231403,0.5551224452933367,3.142509484297569,/home/lmres/storage/projects/cwru-fault-detection/data/mat_files/222.mat,12000,0,1797,drive,ball,0.021,FE_0
0.00990264309843471,0.551920030516081,2.999235146035478,/home/lmres/storage/projects/cwru-fault-detection/data/mat_files/222.mat,12000,0,1797,drive,ball,0.021,FE_0
0.011586583955195316,0.5524309934316539,3.5991596917121944,/home/lmres/storage/projects/cwru-fault-detection/data/mat_files/222.mat,12000,0,1797,drive,ball,0.021,FE_0
0.010815435126752064,0.5491608498101115,3.1255834044169553,/home/lmres/storage/projects/cwru-fault-detection/data/mat_files/222.mat,12000,0,1797,drive,ball,0.021,FE_0
0.009230048887410743,0.5916273925309711,2.6052044793957143,/home/lmres/storage/projects/cwru-fault-detection/data/mat_files/222.mat,12000,0,1797,drive,ball,0.021,FE_0
0.009114597256314048,0.5948430960326658,2.6502123239245443,/home/lmres/storage/projects/cwru-fault-detection/data/mat_files/222.mat,12000,0,1797,drive,ball,0.021,FE_0
0.0013393382162806508,0.3046065744339433,3.0327720665841897,/home/lmres/storage/projects/cwru-fault-detection/data/mat_files/223.mat,12000,1,1772,drive,ball,0.021,BA_0
0.0012370823805162748,0.290270143485064,2.9237216602680984,/home/lmres/storage/projects/cwru-fault-detection/data/mat_files/223.mat,12000,1,1772,drive,ball,0.021,BA_0
0.0012371980934328597,0.2947702670285501,3.054337606390066,/home/lmres/storage/projects/cwru-fault-detection/data/mat_files/223.mat,12000,1,1772,drive,ball,0.021,BA_0
0.0012395545653236715,0.3070066225119276,2.9841669308303618,/home/lmres/storage/projects/cwru-fault-detection/data/mat_files/223.mat,12000,1,1772,drive,ball,0.021,BA_0
0.0012435455178308802,0.3004527027620874,2.8404782472956747,/home/lmres/storage/projects/cwru-fault-detection/data/mat_files/223.mat,12000,1,1772,drive,ball,0.021,BA_0
0.0012636886022997968,0.2837906546582993,2.9603439418205673,/home/lmres/storage/projects/cwru-fault-detection/data/mat_files/223.mat,12000,1,1772,drive,ball,0.021,BA_0
0.0013144781769749705,0.30168338785568677,3.0007356250963086,/home/lmres/storage/projects/cwru-fault-detection/data/mat_files/223.mat,12000,1,1772,drive,ball,0.021,BA_0
0.001306916393321794,0.2937905453796089,2.9954042798078553,/home/lmres/storage/projects/cwru-fault-detection/data/mat_files/223.mat,12000,1,1772,drive,ball,0.021,BA_0
0.001335117677313098,0.29626012370979266,3.0777080319270316,/home/lmres/storage/projects/cwru-fault-detection/data/mat_files/223.mat,12000,1,1772,drive,ball,0.021,BA_0
0.0013519795771457248,0.2956248560681374,3.1196003462144635,/home/lmres/storage/projects/cwru-fault-detection/data/mat_files/223.mat,12000,1,1772,drive,ball,0.021,BA_0
0.02292629603951456,0.9278137872924713,9.965915471510698,/home/lmres/storage/projects/cwru-fault-detection/data/mat_files/223.mat,12000,1,1772,drive,ball,0.021,DE_0
0.012130004580729504,0.8803207923994633,3.680555719469536,/home/lmres/storage/projects/cwru-fault-detection/data/mat_files/223.mat,12000,1,1772,drive,ball,0.021,DE_0
0.011415421316853486,0.8757957511057196,3.3595153428942863,/home/lmres/storage/projects/cwru-fault-detection/data/mat_files/223.mat,12000,1,1772,drive,ball,0.021,DE_0
0.015802022088841062,0.9058192807023273,9.76852217653691,/home/lmres/storage/projects/cwru-fault-detection/data/mat_files/223.mat,12000,1,1772,drive,ball,0.021,DE_0
0.011709781414894848,0.8741915591915352,3.3747278159651932,/home/lmres/storage/projects/cwru-fault-detection/data/mat_files/223.mat,12000,1,1772,drive,ball,0.021,DE_0
0.011944327494776832,0.8708103250047928,3.3141978924421673,/home/lmres/storage/projects/cwru-fault-detection/data/mat_files/223.mat,12000,1,1772,drive,ball,0.021,DE_0
0.020337991857747335,0.924883759071328,11.506198442949643,/home/lmres/storage/projects/cwru-fault-detection/data/mat_files/223.mat,12000,1,1772,drive,ball,0.021,DE_0
0.018411302341129556,0.9173595307789029,11.337188340208966,/home/lmres/storage/projects/cwru-fault-detection/data/mat_files/223.mat,12000,1,1772,drive,ball,0.021,DE_0
0.02004250984902657,0.9203176843347103,9.071230639821124,/home/lmres/storage/projects/cwru-fault-detection/data/mat_files/223.mat,12000,1,1772,drive,ball,0.021,DE_0
0.022430050959256428,0.9238048115772545,9.01628930002719,/home/lmres/storage/projects/cwru-fault-detection/data/mat_files/223.mat,12000,1,1772,drive,ball,0.021,DE_0
0.007992361687908539,0.40541430160720326,4.176670903413221,/home/lmres/storage/projects/cwru-fault-detection/data/mat_files/223.mat,12000,1,1772,drive,ball,0.021,FE_0
0.0070564999459851235,0.42880021320655043,2.9309374145600846,/home/lmres/storage/projects/cwru-fault-detection/data/mat_files/223.mat,12000,1,1772,drive,ball,0.021,FE_0
0.006250151195146006,0.3590533032874591,2.958700595940957,/home/lmres/storage/projects/cwru-fault-detection/data/mat_files/223.mat,12000,1,1772,drive,ball,0.021,FE_0
0.007626625675761157,0.4145030509084045,3.817053217468232,/home/lmres/storage/projects/cwru-fault-detection/data/mat_files/223.mat,12000,1,1772,drive,ball,0.021,FE_0
0.006442376786988153,0.3757772035565864,2.8782187411487223,/home/lmres/storage/projects/cwru-fault-detection/data/mat_files/223.mat,12000,1,1772,drive,ball,0.021,FE_0
0.006420423013629477,0.381242799830815,2.8516159237519862,/home/lmres/storage/projects/cwru-fault-detection/data/mat_files/223.mat,12000,1,1772,drive,ball,0.021,FE_0
0.007712391471330579,0.4220421599941497,3.5984889829417126,/home/lmres/storage/projects/cwru-fault-detection/data/mat_files/223.mat,12000,1,1772,drive,ball,0.021,FE_0
0.008106158713392287,0.42704701324261535,3.6400137603280776,/home/lmres/storage/projects/cwru-fault-detection/data/mat_files/223.mat,12000,1,1772,drive,ball,0.021,FE_0
0.007773867832383471,0.4109445414323432,3.944065068465724,/home/lmres/storage/projects/cwru-fault-detection/data/mat_files/223.mat,12000,1,1772,drive,ball,0.021,FE_0
0.008525655082408814,0.40693985457540494,3.9789985953657023,/home/lmres/storage/projects/cwru-fault-detection/data/mat_files/223.mat,12000,1,1772,drive,ball,0.021,FE_0
0.0013942424388232355,0.20601184842188788,2.9444561099115023,/home/lmres/storage/projects/cwru-fault-detection/data/mat_files/224.mat,12000,2,1750,drive,ball,0.021,BA_0
0.0014229410859614299,0.20174659591184124,3.0336551553620126,/home/lmres/storage/projects/cwru-fault-detection/data/mat_files/224.mat,12000,2,1750,drive,ball,0.021,BA_0
0.0013827351626819505,0.20397132732470274,3.022985427283282,/home/lmres/storage/projects/cwru-fault-detection/data/mat_files/224.mat,12000,2,1750,drive,ball,0.021,BA_0
0.0013707343339568721,0.20644581804726944,3.01014136483295,/home/lmres/storage/projects/cwru-fault-detection/data/mat_files/224.mat,12000,2,1750,drive,ball,0.021,BA_0
0.0013820156655501346,0.20119561682821843,3.0292560360042033,/home/lmres/storage/projects/cwru-fault-detection/data/mat_files/224.mat,12000,2,1750,drive,ball,0.021,BA_0
0.0013917125885376858,0.19959597054797412,3.014290784685046,/home/lmres/storage/projects/cwru-fault-detection/data/mat_files/224.mat,12000,2,1750,drive,ball,0.021,BA_0
0.0013980740105453675,0.20212290284204285,2.9651114250559294,/home/lmres/storage/projects/cwru-fault-detection/data/mat_files/224.mat,12000,2,1750,drive,ball,0.021,BA_0
0.0014193140752181072,0.20114365036755016,3.134756508839779,/home/lmres/storage/projects/cwru-fault-detection/data/mat_files/224.mat,12000,2,1750,drive,ball,0.021,BA_0
0.0013820427445235199,0.20604367150484967,2.946898143055257,/home/lmres/storage/projects/cwru-fault-detection/data/mat_files/224.mat,12000,2,1750,drive,ball,0.021,BA_0
0.0013734553376194458,0.20611562741413958,2.9986286023887474,/home/lmres/storage/projects/cwru-fault-detection/data/mat_files/224.mat,12000,2,1750,drive,ball,0.021,BA_0
0.011029622494928977,0.7790343576401774,3.345105493038899,/home/lmres/storage/projects/cwru-fault-detection/data/mat_files/224.mat,12000,2,1750,drive,ball,0.021,DE_0
0.011414735399143396,0.7823188664990081,3.2550990570019995,/home/lmres/storage/projects/cwru-fault-detection/data/mat_files/224.mat,12000,2,1750,drive,ball,0.021,DE_0
0.011295083833848066,0.7871582406864649,3.331497350165999,/home/lmres/storage/projects/cwru-fault-detection/data/mat_files/224.mat,12000,2,1750,drive,ball,0.021,DE_0
0.011304212691974484,0.794110148179121,3.190427566159907,/home/lmres/storage/projects/cwru-fault-detection/data/mat_files/224.mat,12000,2,1750,drive,ball,0.021,DE_0
0.01152074921913422,0.7941986320807517,3.259151952772311,/home/lmres/storage/projects/cwru-fault-detection/data/mat_files/224.mat,12000,2,1750,drive,ball,0.021,DE_0
0.011231915427075412,0.7856973668301341,3.151042571657048,/home/lmres/storage/projects/cwru-fault-detection/data/mat_files/224.mat,12000,2,1750,drive,ball,0.021,DE_0
0.012043388696781092,0.7973470883581673,3.245489950147557,/home/lmres/storage/projects/cwru-fault-detection/data/mat_files/224.mat,12000,2,1750,drive,ball,0.021,DE_0
0.011350023444454025,0.785391377632602,3.243298471734608,/home/lmres/storage/projects/cwru-fault-detection/data/mat_files/224.mat,12000,2,1750,drive,ball,0.021,DE_0
0.011361649744802783,0.7909572817745326,3.2529987741153388,/home/lmres/storage/projects/cwru-fault-detection/data/mat_files/224.mat,12000,2,1750,drive,ball,0.021,DE_0
0.012395185093474604,0.807518578809622,3.648348251313787,/home/lmres/storage/projects/cwru-fault-detection/data/mat_files/224.mat,12000,2,1750,drive,ball,0.021,DE_0
0.006733168752171901,0.3569495856388635,2.862131787290806,/home/lmres/storage/projects/cwru-fault-detection/data/mat_files/224.mat,12000,2,1750,drive,ball,0.021,FE_0
0.007116674375576859,0.33474935596468447,2.909489564128808,/home/lmres/storage/projects/cwru-fault-detection/data/mat_files/224.mat,12000,2,1750,drive,ball,0.021,FE_0
0.006851234837777409,0.34742106834638037,2.975030319407338,/home/lmres/storage/projects/cwru-fault-detection/data/mat_files/224.mat,12000,2,1750,drive,ball,0.021,FE_0
0.0069344231139619825,0.3430733282622982,3.0094464034942083,/home/lmres/storage/projects/cwru-fault-detection/data/mat_files/224.mat,12000,2,1750,drive,ball,0.021,FE_0
0.00675487659036942,0.34583785612951345,2.975177932553233,/home/lmres/storage/projects/cwru-fault-detection/data/mat_files/224.mat,12000,2,1750,drive,ball,0.021,FE_0
0.007074157925227548,0.3394000747211461,2.978579267430646,/home/lmres/storage/projects/cwru-fault-detection/data/mat_files/224.mat,12000,2,1750,drive,ball,0.021,FE_0
0.0069604869821865,0.33935518068744475,2.93189649441879,/home/lmres/storage/projects/cwru-fault-detection/data/mat_files/224.mat,12000,2,1750,drive,ball,0.021,FE_0
0.007178543374585675,0.3482993868245359,2.9958890698449157,/home/lmres/storage/projects/cwru-fault-detection/data/mat_files/224.mat,12000,2,1750,drive,ball,0.021,FE_0
0.006950033374755371,0.33927204353765716,2.985675996336375,/home/lmres/storage/projects/cwru-fault-detection/data/mat_files/224.mat,12000,2,1750,drive,ball,0.021,FE_0
0.007176623785840495,0.3248789650424708,3.237952281337982,/home/lmres/storage/projects/cwru-fault-detection/data/mat_files/224.mat,12000,2,1750,drive,ball,0.021,FE_0
0.002026985295253068,0.12156745150885183,2.866513047489139,/home/lmres/storage/projects/cwru-fault-detection/data/mat_files/225.mat,12000,3,1730,drive,ball,0.021,BA_0
0.0020630151754413373,0.11737628706897765,2.9274972487880517,/home/lmres/storage/projects/cwru-fault-detection/data/mat_files/225.mat,12000,3,1730,drive,ball,0.021,BA_0
0.002050102140977422,0.11739439444802588,2.8869886481681273,/home/lmres/storage/projects/cwru-fault-detection/data/mat_files/225.mat,12000,3,1730,drive,ball,0.021,BA_0
0.002029857872518987,0.12044050551220024,2.9363961763637048,/home/lmres/storage/projects/cwru-fault-detection/data/mat_files/225.mat,12000,3,1730,drive,ball,0.021,BA_0
0.0020573600036541454,0.12049532031304756,2.989238949211793,/home/lmres/storage/projects/cwru-fault-detection/data/mat_files/225.mat,12000,3,1730,drive,ball,0.021,BA_0
0.0020539928554235863,0.11988448704400245,2.9681469307026007,/home/lmres/storage/projects/cwru-fault-detection/data/mat_files/225.mat,12000,3,1730,drive,ball,0.021,BA_0
0.002088841458623114,0.11715464963025121,2.981133500440335,/home/lmres/storage/projects/cwru-fault-detection/data/mat_files/225.mat,12000,3,1730,drive,ball,0.021,BA_0
0.00210582517369709,0.11801223070023165,2.970166209975443,/home/lmres/storage/projects/cwru-fault-detection/data/mat_files/225.mat,12000,3,1730,drive,ball,0.021,BA_0
0.0021477634286383857,0.11359101482965654,2.9903705886925507,/home/lmres/storage/projects/cwru-fault-detection/data/mat_files/225.mat,12000,3,1730,drive,ball,0.021,BA_0
0.0021870416331409527,0.11032720494272485,3.0521110777240508,/home/lmres/storage/projects/cwru-fault-detection/data/mat_files/225.mat,12000,3,1730,drive,ball,0.021,BA_0
0.01353851768023335,0.6798761348259601,3.051508436306317,/home/lmres/storage/projects/cwru-fault-detection/data/mat_files/225.mat,12000,3,1730,drive,ball,0.021,DE_0
0.01337951620702469,0.6741160561141673,3.1004661029296066,/home/lmres/storage/projects/cwru-fault-detection/data/mat_files/225.mat,12000,3,1730,drive,ball,0.021,DE_0
0.013855185750259295,0.6853021537827979,3.1805852948882825,/home/lmres/storage/projects/cwru-fault-detection/data/mat_files/225.mat,12000,3,1730,drive,ball,0.021,DE_0
0.014117902743317383,0.6915333759598595,3.0556443370137245,/home/lmres/storage/projects/cwru-fault-detection/data/mat_files/225.mat,12000,3,1730,drive,ball,0.021,DE_0
0.013778801411320592,0.6849607292402567,3.0772127638140896,/home/lmres/storage/projects/cwru-fault-detection/data/mat_files/225.mat,12000,3,1730,drive,ball,0.021,DE_0
0.013767757009541312,0.6777646510654513,3.1288054639620237,/home/lmres/storage/projects/cwru-fault-detection/data/mat_files/225.mat,12000,3,1730,drive,ball,0.021,DE_0
0.013877015897784114,0.6753044625357392,3.111515651767754,/home/lmres/storage/projects/cwru-fault-detection/data/mat_files/225.mat,12000,3,1730,drive,ball,0.021,DE_0
0.014535213856943023,0.6881285169369771,3.1761883151117507,/home/lmres/storage/projects/cwru-fault-detection/data/mat_files/225.mat,12000,3,1730,drive,ball,0.021,DE_0
0.014074065733582466,0.6777103390167377,3.0338957309756136,/home/lmres/storage/projects/cwru-fault-detection/data/mat_files/225.mat,12000,3,1730,drive,ball,0.021,DE_0
0.014112312550039878,0.6738068494018489,3.1239492945649645,/home/lmres/storage/projects/cwru-fault-detection/data/mat_files/225.mat,12000,3,1730,drive,ball,0.021,DE_0
0.00954023589775234,0.2727723299366313,2.9566222250223113,/home/lmres/storage/projects/cwru-fault-detection/data/mat_files/225.mat,12000,3,1730,drive,ball,0.021,FE_0
0.00957340127170909,0.2716442049704863,2.916671667996781,/home/lmres/storage/projects/cwru-fault-detection/data/mat_files/225.mat,12000,3,1730,drive,ball,0.021,FE_0
0.009715742119792837,0.2649291883994655,2.957935983893956,/home/lmres/storage/projects/cwru-fault-detection/data/mat_files/225.mat,12000,3,1730,drive,ball,0.021,FE_0
0.009936123725986226,0.27140945261317456,2.9031911939165083,/home/lmres/storage/projects/cwru-fault-detection/data/mat_files/225.mat,12000,3,1730,drive,ball,0.021,FE_0
0.009521594765309642,0.2766382258060495,2.925742329208972,/home/lmres/storage/projects/cwru-fault-detection/data/mat_files/225.mat,12000,3,1730,drive,ball,0.021,FE_0
0.009762757430052341,0.2726926559046079,2.984777132676787,/home/lmres/storage/projects/cwru-fault-detection/data/mat_files/225.mat,12000,3,1730,drive,ball,0.021,FE_0
0.009629466668759502,0.2782385474055448,2.9919116799096845,/home/lmres/storage/projects/cwru-fault-detection/data/mat_files/225.mat,12000,3,1730,drive,ball,0.021,FE_0
0.009989877934036637,0.27758627235976185,3.023456454963152,/home/lmres/storage/projects/cwru-fault-detection/data/mat_files/225.mat,12000,3,1730,drive,ball,0.021,FE_0
0.009752853072538016,0.2652506198164511,2.9648022292796994,/home/lmres/storage/projects/cwru-fault-detection/data/mat_files/225.mat,12000,3,1730,drive,ball,0.021,FE_0
0.009668933554769145,0.2721567768569097,2.924882962211346,/home/lmres/storage/projects/cwru-fault-detection/data/mat_files/225.mat,12000,3,1730,drive,ball,0.021,FE_0
4.419734610668394,0.9941353178064224,4.134821273211415,/home/lmres/storage/projects/cwru-fault-detection/data/mat_files/3005.mat,12000,0,1797,drive,ball,0.028,DE_0
4.0055761445502736,0.9925460410866427,4.178959655585346,/home/lmres/storage/projects/cwru-fault-detection/data/mat_files/3005.mat,12000,0,1797,drive,ball,0.028,DE_0
4.38600728759433,0.9932473730410826,3.7442667363126527,/home/lmres/storage/projects/cwru-fault-detection/data/mat_files/3005.mat,12000,0,1797,drive,ball,0.028,DE_0
4.008883596639652,0.993433533267973,3.945587752899421,/home/lmres/storage/projects/cwru-fault-detection/data/mat_files/3005.mat,12000,0,1797,drive,ball,0.028,DE_0
4.016433540198208,0.9932965653802441,3.9634771959817985,/home/lmres/storage/projects/cwru-fault-detection/data/mat_files/3005.mat,12000,0,1797,drive,ball,0.028,DE_0
4.469070505044859,0.9942211138542285,3.567056196440552,/home/lmres/storage/projects/cwru-fault-detection/data/mat_files/3005.mat,12000,0,1797,drive,ball,0.028,DE_0
4.242481399907068,0.9944224220314057,4.028709729350453,/home/lmres/storage/projects/cwru-fault-detection/data/mat_files/3005.mat,12000,0,1797,drive,ball,0.028,DE_0
4.478465065768864,0.9935659215927317,3.725324145897581,/home/lmres/storage/projects/cwru-fault-detection/data/mat_files/3005.mat,12000,0,1797,drive,ball,0.028,DE_0
4.582435045470825,0.9945748226155777,3.593421973869691,/home/lmres/storage/projects/cwru-fault-detection/data/mat_files/3005.mat,12000,0,1797,drive,ball,0.028,DE_0
4.473409274851899,0.9938559630557724,3.7806007016983467,/home/lmres/storage/projects/cwru-fault-detection/data/mat_files/3005.mat,12000,0,1797,drive,ball,0.028,DE_0
4.304276677257004,0.9932485388321524,4.007743329541,/home/lmres/storage/projects/cwru-fault-detection/data/mat_files/3006.mat,12000,1,1772,drive,ball,0.028,DE_0
4.299605641789512,0.9935352872314624,4.108710872062201,/home/lmres/storage/projects/cwru-fault-detection/data/mat_files/3006.mat,12000,1,1772,drive,ball,0.028,DE_0
3.7373015884649807,0.993967115021233,3.836299945379498,/home/lmres/storage/projects/cwru-fault-detection/data/mat_files/3006.mat,12000,1,1772,drive,ball,0.028,DE_0
3.8236297035970086,0.9933616476383675,4.05757613802409,/home/lmres/storage/projects/cwru-fault-detection/data/mat_files/3006.mat,12000,1,1772,drive,ball,0.028,DE_0
4.3155927273047565,0.9935992533878241,4.056121013944154,/home/lmres/storage/projects/cwru-fault-detection/data/mat_files/3006.mat,12000,1,1772,drive,ball,0.028,DE_0
4.227080707182973,0.9937727088663542,3.7278283700941683,/home/lmres/storage/projects/cwru-fault-detection/data/mat_files/3006.mat,12000,1,1772,drive,ball,0.028,DE_0
4.217070538655953,0.9940901975047873,3.546983904015146,/home/lmres/storage/projects/cwru-fault-detection/data/mat_files/3006.mat,12000,1,1772,drive,ball,0.028,DE_0
3.9818526634440934,0.9930801988560113,3.8632528575552207,/home/lmres/storage/projects/cwru-fault-detection/data/mat_files/3006.mat,12000,1,1772,drive,ball,0.028,DE_0
4.180968389834771,0.9935277070870795,3.814367573755587,/home/lmres/storage/projects/cwru-fault-detection/data/mat_files/3006.mat,12000,1,1772,drive,ball,0.028,DE_0
4.057349941297371,0.9935637836637239,3.989768097950582,/home/lmres/storage/projects/cwru-fault-detection/data/mat_files/3006.mat,12000,1,1772,drive,ball,0.028,DE_0
4.5911169187619105,0.9943025332688703,3.6924004778237394,/home/lmres/storage/projects/cwru-fault-detection/data/mat_files/3007.mat,12000,2,1750,drive,ball,0.028,DE_0
4.62312478026233,0.99480160772898,3.4636799718181965,/home/lmres/storage/projects/cwru-fault-detection/data/mat_files/3007.mat,12000,2,1750,drive,ball,0.028,DE_0
4.61522166189618,0.9940089375551016,3.888472169321541,/home/lmres/storage/projects/cwru-fault-detection/data/mat_files/3007.mat,12000,2,1750,drive,ball,0.028,DE_0
4.725081137177419,0.994257584338613,3.7738923171357737,/home/lmres/storage/projects/cwru-fault-detection/data/mat_files/3007.mat,12000,2,1750,drive,ball,0.028,DE_0
4.563463094940876,0.9942867995690848,3.71101385034713,/home/lmres/storage/projects/cwru-fault-detection/data/mat_files/3007.mat,12000,2,1750,drive,ball,0.028,DE_0
4.667646167276314,0.9946537924087434,3.7802647747268763,/home/lmres/storage/projects/cwru-fault-detection/data/mat_files/3007.mat,12000,2,1750,drive,ball,0.028,DE_0
4.481202721785078,0.9943217345611702,3.5918962277414614,/home/lmres/storage/projects/cwru-fault-detection/data/mat_files/3007.mat,12000,2,1750,drive,ball,0.028,DE_0
4.603696051655099,0.9944346963554549,3.9784090275093624,/home/lmres/storage/projects/cwru-fault-detection/data/mat_files/3007.mat,12000,2,1750,drive,ball,0.028,DE_0
4.455353605995319,0.9944508473123219,4.008215251395856,/home/lmres/storage/projects/cwru-fault-detection/data/mat_files/3007.mat,12000,2,1750,drive,ball,0.028,DE_0
4.834224592480885,0.9947286084585438,3.7869937875527047,/home/lmres/storage/projects/cwru-fault-detection/data/mat_files/3007.mat,12000,2,1750,drive,ball,0.028,DE_0
4.951478827338531,0.9937250053647582,3.84677161827636,/home/lmres/storage/projects/cwru-fault-detection/data/mat_files/3008.mat,12000,3,1730,drive,ball,0.028,DE_0
4.326356132979954,0.9943594666324751,3.9690536738000355,/home/lmres/storage/projects/cwru-fault-detection/data/mat_files/3008.mat,12000,3,1730,drive,ball,0.028,DE_0
4.545520985431077,0.9936425328716937,3.8922021948697947,/home/lmres/storage/projects/cwru-fault-detection/data/mat_files/3008.mat,12000,3,1730,drive,ball,0.028,DE_0
4.496284782623945,0.9941577403462383,4.013679340215392,/home/lmres/storage/projects/cwru-fault-detection/data/mat_files/3008.mat,12000,3,1730,drive,ball,0.028,DE_0
4.849445728346098,0.9951380911659797,3.9037306091430284,/home/lmres/storage/projects/cwru-fault-detection/data/mat_files/3008.mat,12000,3,1730,drive,ball,0.028,DE_0
4.350822387471738,0.9939822564081441,3.9045148492126804,/home/lmres/storage/projects/cwru-fault-detection/data/mat_files/3008.mat,12000,3,1730,drive,ball,0.028,DE_0
5.0892828662545595,0.9948643353070666,3.6430203094979254,/home/lmres/storage/projects/cwru-fault-detection/data/mat_files/3008.mat,12000,3,1730,drive,ball,0.028,DE_0
4.450844461709046,0.9932917618579765,3.978426238717373,/home/lmres/storage/projects/cwru-fault-detection/data/mat_files/3008.mat,12000,3,1730,drive,ball,0.028,DE_0
4.565584173479773,0.9940206380537142,3.6747185291329836,/home/lmres/storage/projects/cwru-fault-detection/data/mat_files/3008.mat,12000,3,1730,drive,ball,0.028,DE_0
4.345207396587892,0.9944704885521346,4.182088454707592,/home/lmres/storage/projects/cwru-fault-detection/data/mat_files/3008.mat,12000,3,1730,drive,ball,0.028,DE_0
0.005887370385233522,0.7665041858647923,4.218557796193522,/home/lmres/storage/projects/cwru-fault-detection/data/mat_files/130.mat,12000,0,1797,drive,outer_6,0.007,BA_0
0.005645802464964092,0.7552603156144143,3.969488051397618,/home/lmres/storage/projects/cwru-fault-detection/data/mat_files/130.mat,12000,0,1797,drive,outer_6,0.007,BA_0
0.006030690805958268,0.7367909667129942,4.018592898422265,/home/lmres/storage/projects/cwru-fault-detection/data/mat_files/130.mat,12000,0,1797,drive,outer_6,0.007,BA_0
0.006115394782120221,0.7637351643956081,4.226393520974226,/home/lmres/storage/projects/cwru-fault-detection/data/mat_files/130.mat,12000,0,1797,drive,outer_6,0.007,BA_0
0.005850838991335299,0.757114540873746,3.9404982775298985,/home/lmres/storage/projects/cwru-fault-detection/data/mat_files/130.mat,12000,0,1797,drive,outer_6,0.007,BA_0
0.005732373334654874,0.7509291290361362,3.9007288254266417,/home/lmres/storage/projects/cwru-fault-detection/data/mat_files/130.mat,12000,0,1797,drive,outer_6,0.007,BA_0
0.0061248005173998405,0.7415674755324854,4.070057128489866,/home/lmres/storage/projects/cwru-fault-detection/data/mat_files/130.mat,12000,0,1797,drive,outer_6,0.007,BA_0
0.0060723882228689565,0.767957705862211,4.223909322131097,/home/lmres/storage/projects/cwru-fault-detection/data/mat_files/130.mat,12000,0,1797,drive,outer_6,0.007,BA_0
0.005706325018408795,0.7513157788568888,3.9402436957228937,/home/lmres/storage/projects/cwru-fault-detection/data/mat_files/130.mat,12000,0,1797,drive,outer_6,0.007,BA_0
0.005941014354597133,0.7371173868362627,4.107660071319527,/home/lmres/storage/projects/cwru-fault-detection/data/mat_files/130.mat,12000,0,1797,drive,outer_6,0.007,BA_0
0.4575276066116583,0.9793816430346284,7.620690955942053,/home/lmres/storage/projects/cwru-fault-detection/data/mat_files/130.mat,12000,0,1797,drive,outer_6,0.007,DE_0
0.4182093044369614,0.9753937836091316,7.446700449745029,/home/lmres/storage/projects/cwru-fault-detection/data/mat_files/130.mat,12000,0,1797,drive,outer_6,0.007,DE_0
0.455159214770973,0.9810838396158948,7.663857311851611,/home/lmres/storage/projects/cwru-fault-detection/data/mat_files/130.mat,12000,0,1797,drive,outer_6,0.007,DE_0
0.481804272620768,0.9850176009786262,7.617467166215187,/home/lmres/storage/projects/cwru-fault-detection/data/mat_files/130.mat,12000,0,1797,drive,outer_6,0.007,DE_0
0.44238974107381146,0.9800190562122371,7.460580874762868,/home/lmres/storage/projects/cwru-fault-detection/data/mat_files/130.mat,12000,0,1797,drive,outer_6,0.007,DE_0
0.4284718422385359,0.978835724331017,7.587000727783691,/home/lmres/storage/projects/cwru-fault-detection/data/mat_files/130.mat,12000,0,1797,drive,outer_6,0.007,DE_0
0.4582120076278904,0.9830960302210753,7.828350183041909,/home/lmres/storage/projects/cwru-fault-detection/data/mat_files/130.mat,12000,0,1797,drive,outer_6,0.007,DE_0
0.47555272172025254,0.9848932256367336,7.571734543956412,/home/lmres/storage/projects/cwru-fault-detection/data/mat_files/130.mat,12000,0,1797,drive,outer_6,0.007,DE_0
0.4240594638681649,0.9782266202157547,7.699653979301323,/home/lmres/storage/projects/cwru-fault-detection/data/mat_files/130.mat,12000,0,1797,drive,outer_6,0.007,DE_0
0.43765780405983423,0.9813849139642205,7.870871079289511,/home/lmres/storage/projects/cwru-fault-detection/data/mat_files/130.mat,12000,0,1797,drive,outer_6,0.007,DE_0
0.06474782697760027,0.7621637114961287,3.4794709717021997,/home/lmres/storage/projects/cwru-fault-detection/data/mat_files/130.mat,12000,0,1797,drive,outer_6,0.007,FE_0
0.06381598800535673,0.7088798664812399,3.5471563369392394,/home/lmres/storage/projects/cwru-fault-detection/data/mat_files/130.mat,12000,0,1797,drive,outer_6,0.007,FE_0
0.06568796905365233,0.7488477860879755,3.474391254801367,/home/lmres/storage/projects/cwru-fault-detection/data/mat_files/130.mat,12000,0,1797,drive,outer_6,0.007,FE_0
0.06689803196388319,0.7925255018152377,3.584247251199085,/home/lmres/storage/projects/cwru-fault-detection/data/mat_files/130.mat,12000,0,1797,drive,outer_6,0.007,FE_0
0.06542847808993167,0.7502971515608284,3.5751277848571403,/home/lmres/storage/projects/cwru-fault-detection/data/mat_files/130.mat,12000,0,1797,drive,outer_6,0.007,FE_0
0.06536368882765813,0.7290886244549422,3.6337535268752275,/home/lmres/storage/projects/cwru-fault-detection/data/mat_files/130.mat,12000,0,1797,drive,outer_6,0.007,FE_0
0.06668238963711597,0.7622018423868299,3.6466913339431475,/home/lmres/storage/projects/cwru-fault-detection/data/mat_files/130.mat,12000,0,1797,drive,outer_6,0.007,FE_0
0.06644969097261708,0.779005312178933,3.564735979635361,/home/lmres/storage/projects/cwru-fault-detection/data/mat_files/130.mat,12000,0,1797,drive,outer_6,0.007,FE_0
0.06690036324910825,0.7100821622410571,3.6245271180215113,/home/lmres/storage/projects/cwru-fault-detection/data/mat_files/130.mat,12000,0,1797,drive,outer_6,0.007,FE_0
0.06673283285753691,0.7339779001830841,3.5939054849187673,/home/lmres/storage/projects/cwru-fault-detection/data/mat_files/130.mat,12000,0,1797,drive,outer_6,0.007,FE_0
0.00475292701207685,0.7073583398346964,4.028736942535959,/home/lmres/storage/projects/cwru-fault-detection/data/mat_files/131.mat,12000,1,1772,drive,outer_6,0.007,BA_0
0.00469341334835303,0.7045676510376664,4.0082285694318225,/home/lmres/storage/projects/cwru-fault-detection/data/mat_files/131.mat,12000,1,1772,drive,outer_6,0.007,BA_0
0.004758594320783419,0.7083577772028512,4.025585094487353,/home/lmres/storage/projects/cwru-fault-detection/data/mat_files/131.mat,12000,1,1772,drive,outer_6,0.007,BA_0
0.004746853430936175,0.7119600470641928,3.961066556621627,/home/lmres/storage/projects/cwru-fault-detection/data/mat_files/131.mat,12000,1,1772,drive,outer_6,0.007,BA_0
0.004782518486305095,0.713359103106225,3.9043995300055796,/home/lmres/storage/projects/cwru-fault-detection/data/mat_files/131.mat,12000,1,1772,drive,outer_6,0.007,BA_0
0.004789019668671314,0.7075071936491748,3.980413487752462,/home/lmres/storage/projects/cwru-fault-detection/data/mat_files/131.mat,12000,1,1772,drive,outer_6,0.007,BA_0
0.004714837449744802,0.7141657035520899,4.0368148052533215,/home/lmres/storage/projects/cwru-fault-detection/data/mat_files/131.mat,12000,1,1772,drive,outer_6,0.007,BA_0
0.0046980441482780836,0.7129070172497546,4.093945028530207,/home/lmres/storage/projects/cwru-fault-detection/data/mat_files/131.mat,12000,1,1772,drive,outer_6,0.007,BA_0
0.0046525946180417934,0.7099377686897151,3.9889873570646808,/home/lmres/storage/projects/cwru-fault-detection/data/mat_files/131.mat,12000,1,1772,drive,outer_6,0.007,BA_0
0.004717941145899477,0.7143048180036689,4.098484913032991,/home/lmres/storage/projects/cwru-fault-detection/data/mat_files/131.mat,12000,1,1772,drive,outer_6,0.007,BA_0
0.36063627389646224,0.97835945807451,7.544639950434705,/home/lmres/storage/projects/cwru-fault-detection/data/mat_files/131.mat,12000,1,1772,drive,outer_6,0.007,DE_0
0.3455828224511339,0.9760985631810293,7.584218480166566,/home/lmres/storage/projects/cwru-fault-detection/data/mat_files/131.mat,12000,1,1772,drive,outer_6,0.007,DE_0
0.3483895816379647,0.9760646397173245,7.515379767070447,/home/lmres/storage/projects/cwru-fault-detection/data/mat_files/131.mat,12000,1,1772,drive,outer_6,0.007,DE_0
0.34477365498815093,0.9757453281632171,7.615704766683836,/home/lmres/storage/projects/cwru-fault-detection/data/mat_files/131.mat,12000,1,1772,drive,outer_6,0.007,DE_0
0.35187559719984696,0.9777377830111806,7.515677270167718,/home/lmres/storage/projects/cwru-fault-detection/data/mat_files/131.mat,12000,1,1772,drive,outer_6,0.007,DE_0
0.353153737859552,0.9753478625995301,7.456232876606565,/home/lmres/storage/projects/cwru-fault-detection/data/mat_files/131.mat,12000,1,1772,drive,outer_6,0.007,DE_0
0.35387073416828213,0.9768096807162857,7.514664761029159,/home/lmres/storage/projects/cwru-fault-detection/data/mat_files/131.mat,12000,1,1772,drive,outer_6,0.007,DE_0
0.3511930770615501,0.9757585738733758,7.576569432117128,/home/lmres/storage/projects/cwru-fault-detection/data/mat_files/131.mat,12000,1,1772,drive,outer_6,0.007,DE_0
0.3478879658203435,0.9753207724278633,7.718859192629668,/home/lmres/storage/projects/cwru-fault-detection/data/mat_files/131.mat,12000,1,1772,drive,outer_6,0.007,DE_0
0.3500947791866104,0.9764648112776043,7.770849074973426,/home/lmres/storage/projects/cwru-fault-detection/data/mat_files/131.mat,12000,1,1772,drive,outer_6,0.007,DE_0
0.06636768593247575,0.7179406807259938,3.5266636649571894,/home/lmres/storage/projects/cwru-fault-detection/data/mat_files/131.mat,12000,1,1772,drive,outer_6,0.007,FE_0
0.06575314509350881,0.6960102597475677,3.4886417961064273,/home/lmres/storage/projects/cwru-fault-detection/data/mat_files/131.mat,12000,1,1772,drive,outer_6,0.007,FE_0
0.06621005742200661,0.688890119095598,3.462570016036698,/home/lmres/storage/projects/cwru-fault-detection/data/mat_files/131.mat,12000,1,1772,drive,outer_6,0.007,FE_0
0.06726737948189916,0.6867945945858442,3.429462756541419,/home/lmres/storage/projects/cwru-fault-detection/data/mat_files/131.mat,12000,1,1772,drive,outer_6,0.007,FE_0
0.06670154015064737,0.6943420036843636,3.4713493736618264,/home/lmres/storage/projects/cwru-fault-detection/data/mat_files/131.mat,12000,1,1772,drive,outer_6,0.007,FE_0
0.06914659172394132,0.6729092271034421,3.3823432859999785,/home/lmres/storage/projects/cwru-fault-detection/data/mat_files/131.mat,12000,1,1772,drive,outer_6,0.007,FE_0
0.06827835096175233,0.688848617441711,3.3687113437066647,/home/lmres/storage/projects/cwru-fault-detection/data/mat_files/131.mat,12000,1,1772,drive,outer_6,0.007,FE_0
0.06745335631911598,0.69468455367606,3.4128068664234967,/home/lmres/storage/projects/cwru-fault-detection/data/mat_files/131.mat,12000,1,1772,drive,outer_6,0.007,FE_0
0.065383762592654,0.6923180461754331,3.451231778751544,/home/lmres/storage/projects/cwru-fault-detection/data/mat_files/131.mat,12000,1,1772,drive,outer_6,0.007,FE_0
0.0660770719347898,0.6965555513586869,3.4618904334708107,/home/lmres/storage/projects/cwru-fault-detection/data/mat_files/131.mat,12000,1,1772,drive,outer_6,0.007,FE_0
0.004891593986720158,0.6869766878249473,4.158449231415137,/home/lmres/storage/projects/cwru-fault-detection/data/mat_files/132.mat,12000,2,1750,drive,outer_6,0.007,BA_0
0.004928293681140629,0.6874602907688091,4.203449579660258,/home/lmres/storage/projects/cwru-fault-detection/data/mat_files/132.mat,12000,2,1750,drive,outer_6,0.007,BA_0
0.0047972278817099085,0.6873121307128022,4.183187484230412,/home/lmres/storage/projects/cwru-fault-detection/data/mat_files/132.mat,12000,2,1750,drive,outer_6,0.007,BA_0
0.004939866390140215,0.6954999497445119,4.1207558477825055,/home/lmres/storage/projects/cwru-fault-detection/data/mat_files/132.mat,12000,2,1750,drive,outer_6,0.007,BA_0
0.0049067489961978576,0.6882530791222076,4.167155430113213,/home/lmres/storage/projects/cwru-fault-detection/data/mat_files/132.mat,12000,2,1750,drive,outer_6,0.007,BA_0
0.004911342610380732,0.6822455909640256,4.154480339278914,/home/lmres/storage/projects/cwru-fault-detection/data/mat_files/132.mat,12000,2,1750,drive,outer_6,0.007,BA_0
0.004940259089290011,0.6860259703887974,4.220779662353221,/home/lmres/storage/projects/cwru-fault-detection/data/mat_files/132.mat,12000,2,1750,drive,outer_6,0.007,BA_0
0.005033827859843176,0.6910073161555067,4.294637452536674,/home/lmres/storage/projects/cwru-fault-detection/data/mat_files/132.mat,12000,2,1750,drive,outer_6,0.007,BA_0
0.0050143282440615715,0.6883341382216039,4.055999275592752,/home/lmres/storage/projects/cwru-fault-detection/data/mat_files/132.mat,12000,2,1750,drive,outer_6,0.007,BA_0
0.0049499752666644576,0.6939721852312025,4.088642103701894,/home/lmres/storage/projects/cwru-fault-detection/data/mat_files/132.mat,12000,2,1750,drive,outer_6,0.007,BA_0
0.3160098708041431,0.9746679464161124,7.8218988008653465,/home/lmres/storage/projects/cwru-fault-detection/data/mat_files/132.mat,12000,2,1750,drive,outer_6,0.007,DE_0
0.32142913472998125,0.9751622415774645,7.835155674028144,/home/lmres/storage/projects/cwru-fault-detection/data/mat_files/132.mat,12000,2,1750,drive,outer_6,0.007,DE_0
0.3176367172153529,0.9738819612008363,7.8591251531468505,/home/lmres/storage/projects/cwru-fault-detection/data/mat_files/132.mat,12000,2,1750,drive,outer_6,0.007,DE_0
0.3270115575332917,0.9751640607671116,7.7723804731747155,/home/lmres/storage/projects/cwru-fault-detection/data/mat_files/132.mat,12000,2,1750,drive,outer_6,0.007,DE_0
0.3266297563666107,0.9754937104116047,7.906949796930511,/home/lmres/storage/projects/cwru-fault-detection/data/mat_files/132.mat,12000,2,1750,drive,outer_6,0.007,DE_0
0.3215456504649323,0.9742972806427004,7.847374811065201,/home/lmres/storage/projects/cwru-fault-detection/data/mat_files/132.mat,12000,2,1750,drive,outer_6,0.007,DE_0
0.3236738364740004,0.9739280619268128,7.9799772385778,/home/lmres/storage/projects/cwru-fault-detection/data/mat_files/132.mat,12000,2,1750,drive,outer_6,0.007,DE_0
0.3328359707952482,0.9748839815323339,7.790170421754377,/home/lmres/storage/projects/cwru-fault-detection/data/mat_files/132.mat,12000,2,1750,drive,outer_6,0.007,DE_0
0.3336854871081831,0.9746708898015021,7.852568508929241,/home/lmres/storage/projects/cwru-fault-detection/data/mat_files/132.mat,12000,2,1750,drive,outer_6,0.007,DE_0
0.32934263943613823,0.9742022730315787,7.835708167246061,/home/lmres/storage/projects/cwru-fault-detection/data/mat_files/132.mat,12000,2,1750,drive,outer_6,0.007,DE_0
0.04829492498408043,0.6481890764671666,3.659025905326286,/home/lmres/storage/projects/cwru-fault-detection/data/mat_files/132.mat,12000,2,1750,drive,outer_6,0.007,FE_0
0.04884695790971129,0.6517040892310934,3.6091688141858733,/home/lmres/storage/projects/cwru-fault-detection/data/mat_files/132.mat,12000,2,1750,drive,outer_6,0.007,FE_0
0.050397351590995586,0.6570778267565814,3.723423706915923,/home/lmres/storage/projects/cwru-fault-detection/data/mat_files/132.mat,12000,2,1750,drive,outer_6,0.007,FE_0
0.05109880244401377,0.6619047466579661,3.6012362704077394,/home/lmres/storage/projects/cwru-fault-detection/data/mat_files/132.mat,12000,2,1750,drive,outer_6,0.007,FE_0
0.05258236990852589,0.6800524198158168,3.6819826483341602,/home/lmres/storage/projects/cwru-fault-detection/data/mat_files/132.mat,12000,2,1750,drive,outer_6,0.007,FE_0
0.052975470352000543,0.6822445429398842,3.5770003249012183,/home/lmres/storage/projects/cwru-fault-detection/data/mat_files/132.mat,12000,2,1750,drive,outer_6,0.007,FE_0
0.05293004069475398,0.6785409685719387,3.6082981969017838,/home/lmres/storage/projects/cwru-fault-detection/data/mat_files/132.mat,12000,2,1750,drive,outer_6,0.007,FE_0
0.05242814866676033,0.6735489274292934,3.7696929277103166,/home/lmres/storage/projects/cwru-fault-detection/data/mat_files/132.mat,12000,2,1750,drive,outer_6,0.007,FE_0
0.05425850094237025,0.6686920324335667,3.794440518859705,/home/lmres/storage/projects/cwru-fault-detection/data/mat_files/132.mat,12000,2,1750,drive,outer_6,0.007,FE_0
0.05358822302442864,0.6696293232209817,3.8074620049064816,/home/lmres/storage/projects/cwru-fault-detection/data/mat_files/132.mat,12000,2,1750,drive,outer_6,0.007,FE_0
0.005272246987819744,0.6241603886984012,3.961887658166612,/home/lmres/storage/projects/cwru-fault-detection/data/mat_files/133.mat,12000,3,1730,drive,outer_6,0.007,BA_0
0.0054011537390376155,0.6282122335165004,4.077733294376495,/home/lmres/storage/projects/cwru-fault-detection/data/mat_files/133.mat,12000,3,1730,drive,outer_6,0.007,BA_0
0.005265238295871177,0.6383951384512012,4.139691851330134,/home/lmres/storage/projects/cwru-fault-detection/data/mat_files/133.mat,12000,3,1730,drive,outer_6,0.007,BA_0
0.005365881294445486,0.633496582783407,3.958087961052019,/home/lmres/storage/projects/cwru-fault-detection/data/mat_files/133.mat,12000,3,1730,drive,outer_6,0.007,BA_0
0.005399894029588745,0.6306642471083874,4.2065455630038935,/home/lmres/storage/projects/cwru-fault-detection/data/mat_files/133.mat,12000,3,1730,drive,outer_6,0.007,BA_0
0.005442422939349806,0.630653860515215,4.015765801205724,/home/lmres/storage/projects/cwru-fault-detection/data/mat_files/133.mat,12000,3,1730,drive,outer_6,0.007,BA_0
0.005436675580349942,0.6399245772123454,4.107096300656656,/home/lmres/storage/projects/cwru-fault-detection/data/mat_files/133.mat,12000,3,1730,drive,outer_6,0.007,BA_0
0.00541336357612993,0.6370518917647484,4.047915072253496,/home/lmres/storage/projects/cwru-fault-detection/data/mat_files/133.mat,12000,3,1730,drive,outer_6,0.007,BA_0
0.005518690094996848,0.638222126798405,3.9606887568826195,/home/lmres/storage/projects/cwru-fault-detection/data/mat_files/133.mat,12000,3,1730,drive,outer_6,0.007,BA_0
0.0054345535373554795,0.6376662491794528,4.08046097408904,/home/lmres/storage/projects/cwru-fault-detection/data/mat_files/133.mat,12000,3,1730,drive,outer_6,0.007,BA_0
0.3214218610665741,0.9709999405460599,8.053919927152082,/home/lmres/storage/projects/cwru-fault-detection/data/mat_files/133.mat,12000,3,1730,drive,outer_6,0.007,DE_0
0.33280224859482915,0.9712208349741174,7.965047417993447,/home/lmres/storage/projects/cwru-fault-detection/data/mat_files/133.mat,12000,3,1730,drive,outer_6,0.007,DE_0
0.33256806240263803,0.9705336989671004,8.064078258317968,/home/lmres/storage/projects/cwru-fault-detection/data/mat_files/133.mat,12000,3,1730,drive,outer_6,0.007,DE_0
0.3426069745119565,0.9724463753972942,7.9065920895611495,/home/lmres/storage/projects/cwru-fault-detection/data/mat_files/133.mat,12000,3,1730,drive,outer_6,0.007,DE_0
0.3395009310472033,0.9719256144839008,7.97832666282033,/home/lmres/storage/projects/cwru-fault-detection/data/mat_files/133.mat,12000,3,1730,drive,outer_6,0.007,DE_0
0.3395644482076743,0.9712764052483539,7.931914390022425,/home/lmres/storage/projects/cwru-fault-detection/data/mat_files/133.mat,12000,3,1730,drive,outer_6,0.007,DE_0
0.3417042878048553,0.9724809785095249,7.986242506889479,/home/lmres/storage/projects/cwru-fault-detection/data/mat_files/133.mat,12000,3,1730,drive,outer_6,0.007,DE_0
0.3317704474258378,0.9709865420018488,7.913347616994271,/home/lmres/storage/projects/cwru-fault-detection/data/mat_files/133.mat,12000,3,1730,drive,outer_6,0.007,DE_0
0.34369560142453565,0.9725977679843234,7.844739610208764,/home/lmres/storage/projects/cwru-fault-detection/data/mat_files/133.mat,12000,3,1730,drive,outer_6,0.007,DE_0
0.34011448341205675,0.9730040632548032,8.01554186620062,/home/lmres/storage/projects/cwru-fault-detection/data/mat_files/133.mat,12000,3,1730,drive,outer_6,0.007,DE_0
0.06382150549377438,0.7217123505044308,3.7304945965522007,/home/lmres/storage/projects/cwru-fault-detection/data/mat_files/133.mat,12000,3,1730,drive,outer_6,0.007,FE_0
0.067116327597392,0.7239609283984734,3.541389452754623,/home/lmres/storage/projects/cwru-fault-detection/data/mat_files/133.mat,12000,3,1730,drive,outer_6,0.007,FE_0
0.06775956682365866,0.7255747263168213,3.6653142429750947,/home/lmres/storage/projects/cwru-fault-detection/data/mat_files/133.mat,12000,3,1730,drive,outer_6,0.007,FE_0
0.06753675859037356,0.7450918883453362,3.6767151703918897,/home/lmres/storage/projects/cwru-fault-detection/data/mat_files/133.mat,12000,3,1730,drive,outer_6,0.007,FE_0
0.06806679983313801,0.7347796527442293,3.649740623600449,/home/lmres/storage/projects/cwru-fault-detection/data/mat_files/133.mat,12000,3,1730,drive,outer_6,0.007,FE_0
0.06571927409687327,0.72900187726831,3.7483820919345368,/home/lmres/storage/projects/cwru-fault-detection/data/mat_files/133.mat,12000,3,1730,drive,outer_6,0.007,FE_0
0.0667663314179705,0.72914481426564,3.7648590122879386,/home/lmres/storage/projects/cwru-fault-detection/data/mat_files/133.mat,12000,3,1730,drive,outer_6,0.007,FE_0
0.06489195833496501,0.7215361774063901,3.6769561698370086,/home/lmres/storage/projects/cwru-fault-detection/data/mat_files/133.mat,12000,3,1730,drive,outer_6,0.007,FE_0
0.06557011181330827,0.7247427855989347,3.6563220554670317,/home/lmres/storage/projects/cwru-fault-detection/data/mat_files/133.mat,12000,3,1730,drive,outer_6,0.007,FE_0
0.06543742266186747,0.7292904494312392,3.6121917921318243,/home/lmres/storage/projects/cwru-fault-detection/data/mat_files/133.mat,12000,3,1730,drive,outer_6,0.007,FE_0
0.0015443108361505413,0.3798814241902972,3.0040870392879806,/home/lmres/storage/projects/cwru-fault-detection/data/mat_files/197.mat,12000,0,1797,drive,outer_6,0.014,BA_0
0.0014541413249357206,0.39407161910431643,2.8525184635847527,/home/lmres/storage/projects/cwru-fault-detection/data/mat_files/197.mat,12000,0,1797,drive,outer_6,0.014,BA_0
0.001470395122688484,0.3907251175412521,2.8792558603331195,/home/lmres/storage/projects/cwru-fault-detection/data/mat_files/197.mat,12000,0,1797,drive,outer_6,0.014,BA_0
0.001561095329459441,0.37690625025292623,2.9679645024827828,/home/lmres/storage/projects/cwru-fault-detection/data/mat_files/197.mat,12000,0,1797,drive,outer_6,0.014,BA_0
0.0014838800411407765,0.3936916817931008,2.8915995882380927,/home/lmres/storage/projects/cwru-fault-detection/data/mat_files/197.mat,12000,0,1797,drive,outer_6,0.014,BA_0
0.001459389318836521,0.39215100598105174,2.8671508383831776,/home/lmres/storage/projects/cwru-fault-detection/data/mat_files/197.mat,12000,0,1797,drive,outer_6,0.014,BA_0
0.001496739515221351,0.3738844884281409,2.959854462792077,/home/lmres/storage/projects/cwru-fault-detection/data/mat_files/197.mat,12000,0,1797,drive,outer_6,0.014,BA_0
0.0015351477867743526,0.3785521840355173,2.918747299897506,/home/lmres/storage/projects/cwru-fault-detection/data/mat_files/197.mat,12000,0,1797,drive,outer_6,0.014,BA_0
0.0014422244876701957,0.3974673975372147,2.7986874592361977,/home/lmres/storage/projects/cwru-fault-detection/data/mat_files/197.mat,12000,0,1797,drive,outer_6,0.014,BA_0
0.00148514730614442,0.3838763491382415,2.842713315824203,/home/lmres/storage/projects/cwru-fault-detection/data/mat_files/197.mat,12000,0,1797,drive,outer_6,0.014,BA_0
0.010963919131603267,0.7445345312235221,3.0760568069111063,/home/lmres/storage/projects/cwru-fault-detection/data/mat_files/197.mat,12000,0,1797,drive,outer_6,0.014,DE_0
0.009580780518207125,0.7811799533280823,2.9199103620694387,/home/lmres/storage/projects/cwru-fault-detection/data/mat_files/197.mat,12000,0,1797,drive,outer_6,0.014,DE_0
0.01011090363693881,0.7558770873108099,3.024736568689824,/home/lmres/storage/projects/cwru-fault-detection/data/mat_files/197.mat,12000,0,1797,drive,outer_6,0.014,DE_0
0.009751152188549758,0.7152751400529967,3.057425659301324,/home/lmres/storage/projects/cwru-fault-detection/data/mat_files/197.mat,12000,0,1797,drive,outer_6,0.014,DE_0
0.010215658650859747,0.7601762703784931,2.918395865691838,/home/lmres/storage/projects/cwru-fault-detection/data/mat_files/197.mat,12000,0,1797,drive,outer_6,0.014,DE_0
0.010054943605192912,0.7465243102414835,2.9777577990402873,/home/lmres/storage/projects/cwru-fault-detection/data/mat_files/197.mat,12000,0,1797,drive,outer_6,0.014,DE_0
0.010484769143098935,0.7346042552058107,3.1483073040898075,/home/lmres/storage/projects/cwru-fault-detection/data/mat_files/197.mat,12000,0,1797,drive,outer_6,0.014,DE_0
0.010088152124252394,0.7434879677726314,2.897998302603643,/home/lmres/storage/projects/cwru-fault-detection/data/mat_files/197.mat,12000,0,1797,drive,outer_6,0.014,DE_0
0.010045057875153212,0.7779804983217281,3.331509524356466,/home/lmres/storage/projects/cwru-fault-detection/data/mat_files/197.mat,12000,0,1797,drive,outer_6,0.014,DE_0
0.00986976267981913,0.752089555875155,2.92018371539438,/home/lmres/storage/projects/cwru-fault-detection/data/mat_files/197.mat,12000,0,1797,drive,outer_6,0.014,DE_0
0.022714466588710746,0.7583911645141467,2.515686258972693,/home/lmres/storage/projects/cwru-fault-detection/data/mat_files/197.mat,12000,0,1797,drive,outer_6,0.014,FE_0
0.02158730300239559,0.7568835092013431,2.492959376174072,/home/lmres/storage/projects/cwru-fault-detection/data/mat_files/197.mat,12000,0,1797,drive,outer_6,0.014,FE_0
0.021677986896155646,0.7489985828868799,2.4794275195616917,/home/lmres/storage/projects/cwru-fault-detection/data/mat_files/197.mat,12000,0,1797,drive,outer_6,0.014,FE_0
0.022005336346528376,0.7512319115278997,2.450822390109288,/home/lmres/storage/projects/cwru-fault-detection/data/mat_files/197.mat,12000,0,1797,drive,outer_6,0.014,FE_0
0.02324527316945537,0.7611589278770803,2.401808702064475,/home/lmres/storage/projects/cwru-fault-detection/data/mat_files/197.mat,12000,0,1797,drive,outer_6,0.014,FE_0
0.023174210198483196,0.7629169605052606,2.3891290714752214,/home/lmres/storage/projects/cwru-fault-detection/data/mat_files/197.mat,12000,0,1797,drive,outer_6,0.014,FE_0
0.023116046232112115,0.7566846822821074,2.4314187542620274,/home/lmres/storage/projects/cwru-fault-detection/data/mat_files/197.mat,12000,0,1797,drive,outer_6,0.014,FE_0
0.022612732064658123,0.7658579110948044,2.462990243630515,/home/lmres/storage/projects/cwru-fault-detection/data/mat_files/197.mat,12000,0,1797,drive,outer_6,0.014,FE_0
0.02204635220017878,0.7593497376180777,2.4329298576036753,/home/lmres/storage/projects/cwru-fault-detection/data/mat_files/197.mat,12000,0,1797,drive,outer_6,0.014,FE_0
0.021507159327173554,0.7445154802506495,2.4770970605595766,/home/lmres/storage/projects/cwru-fault-detection/data/mat_files/197.mat,12000,0,1797,drive,outer_6,0.014,FE_0
0.0009771796252493411,0.37912517267529355,2.924562662703454,/home/lmres/storage/projects/cwru-fault-detection/data/mat_files/198.mat,12000,1,1772,drive,outer_6,0.014,BA_0
0.0010011957251424457,0.37017005004043396,2.9035283631372,/home/lmres/storage/projects/cwru-fault-detection/data/mat_files/198.mat,12000,1,1772,drive,outer_6,0.014,BA_0
0.0010220767928920571,0.36099231106684493,2.901286264168906,/home/lmres/storage/projects/cwru-fault-detection/data/mat_files/198.mat,12000,1,1772,drive,outer_6,0.014,BA_0
0.0009976246191631733,0.36697830947332993,2.8838280780954895,/home/lmres/storage/projects/cwru-fault-detection/data/mat_files/198.mat,12000,1,1772,drive,outer_6,0.014,BA_0
0.0010005874326895862,0.36852454211626157,2.918318259010556,/home/lmres/storage/projects/cwru-fault-detection/data/mat_files/198.mat,12000,1,1772,drive,outer_6,0.014,BA_0
0.0009758380401660949,0.3793686734116975,2.9541170596454256,/home/lmres/storage/projects/cwru-fault-detection/data/mat_files/198.mat,12000,1,1772,drive,outer_6,0.014,BA_0
0.000983931725026076,0.36746990330144313,2.9078125830316055,/home/lmres/storage/projects/cwru-fault-detection/data/mat_files/198.mat,12000,1,1772,drive,outer_6,0.014,BA_0
0.0009799838853239249,0.3785560343709946,2.8603343888184503,/home/lmres/storage/projects/cwru-fault-detection/data/mat_files/198.mat,12000,1,1772,drive,outer_6,0.014,BA_0
0.000992503841241258,0.3707899492866792,2.8795119141700103,/home/lmres/storage/projects/cwru-fault-detection/data/mat_files/198.mat,12000,1,1772,drive,outer_6,0.014,BA_0
0.0009699006875668644,0.36992643341844206,2.804040298894481,/home/lmres/storage/projects/cwru-fault-detection/data/mat_files/198.mat,12000,1,1772,drive,outer_6,0.014,BA_0
0.008408915683548523,0.8085279176460844,2.939137084926689,/home/lmres/storage/projects/cwru-fault-detection/data/mat_files/198.mat,12000,1,1772,drive,outer_6,0.014,DE_0
0.008845092983293409,0.8153734250474779,3.0606733205808756,/home/lmres/storage/projects/cwru-fault-detection/data/mat_files/198.mat,12000,1,1772,drive,outer_6,0.014,DE_0
0.008921308894185822,0.8158916178399136,2.893454782617248,/home/lmres/storage/projects/cwru-fault-detection/data/mat_files/198.mat,12000,1,1772,drive,outer_6,0.014,DE_0
0.008856329463700104,0.8079537279177359,2.8375658313476615,/home/lmres/storage/projects/cwru-fault-detection/data/mat_files/198.mat,12000,1,1772,drive,outer_6,0.014,DE_0
0.008521228439048872,0.8117200873577968,3.088317727585872,/home/lmres/storage/projects/cwru-fault-detection/data/mat_files/198.mat,12000,1,1772,drive,outer_6,0.014,DE_0
0.009256566406963429,0.8283437949444754,2.927353085388783,/home/lmres/storage/projects/cwru-fault-detection/data/mat_files/198.mat,12000,1,1772,drive,outer_6,0.014,DE_0
0.008625073847904823,0.8115934367828206,2.9458186005220237,/home/lmres/storage/projects/cwru-fault-detection/data/mat_files/198.mat,12000,1,1772,drive,outer_6,0.014,DE_0
0.008637337881411054,0.8144598986656515,2.917353392695842,/home/lmres/storage/projects/cwru-fault-detection/data/mat_files/198.mat,12000,1,1772,drive,outer_6,0.014,DE_0
0.008736652431873387,0.8105501440935525,2.8694414276555,/home/lmres/storage/projects/cwru-fault-detection/data/mat_files/198.mat,12000,1,1772,drive,outer_6,0.014,DE_0
0.00873734133730246,0.8104053588072696,2.9005429352896646,/home/lmres/storage/projects/cwru-fault-detection/data/mat_files/198.mat,12000,1,1772,drive,outer_6,0.014,DE_0
0.01118095197994435,0.6131721279946718,2.806839515731036,/home/lmres/storage/projects/cwru-fault-detection/data/mat_files/198.mat,12000,1,1772,drive,outer_6,0.014,FE_0
0.011486476110284296,0.6224344055624716,2.7839111204419353,/home/lmres/storage/projects/cwru-fault-detection/data/mat_files/198.mat,12000,1,1772,drive,outer_6,0.014,FE_0
0.011327011027158124,0.607856381766843,2.8086228641545445,/home/lmres/storage/projects/cwru-fault-detection/data/mat_files/198.mat,12000,1,1772,drive,outer_6,0.014,FE_0
0.011440413638282368,0.5964851773389933,2.7599263254384323,/home/lmres/storage/projects/cwru-fault-detection/data/mat_files/198.mat,12000,1,1772,drive,outer_6,0.014,FE_0
0.011704062582377685,0.608885494946693,2.745941400485218,/home/lmres/storage/projects/cwru-fault-detection/data/mat_files/198.mat,12000,1,1772,drive,outer_6,0.014,FE_0
0.011124855096580163,0.6260233766310271,2.7629910903037995,/home/lmres/storage/projects/cwru-fault-detection/data/mat_files/198.mat,12000,1,1772,drive,outer_6,0.014,FE_0
0.0111610758741438,0.6010410330472481,2.8642836694418743,/home/lmres/storage/projects/cwru-fault-detection/data/mat_files/198.mat,12000,1,1772,drive,outer_6,0.014,FE_0
0.011313279768685123,0.6128957287542764,2.8305863135298366,/home/lmres/storage/projects/cwru-fault-detection/data/mat_files/198.mat,12000,1,1772,drive,outer_6,0.014,FE_0
0.011208590754819558,0.6250633973319868,2.814433502122124,/home/lmres/storage/projects/cwru-fault-detection/data/mat_files/198.mat,12000,1,1772,drive,outer_6,0.014,FE_0
0.011142532915260607,0.6179746768070006,2.8531543421280072,/home/lmres/storage/projects/cwru-fault-detection/data/mat_files/198.mat,12000,1,1772,drive,outer_6,0.014,FE_0
0.0009559716533351814,0.32364924993587274,2.9530636996443667,/home/lmres/storage/projects/cwru-fault-detection/data/mat_files/199.mat,12000,2,1750,drive,outer_6,0.014,BA_0
0.0009516854126125299,0.3237754618889969,2.8249835041922124,/home/lmres/storage/projects/cwru-fault-detection/data/mat_files/199.mat,12000,2,1750,drive,outer_6,0.014,BA_0
0.0009528143425590754,0.32821070881133685,3.001502978124586,/home/lmres/storage/projects/cwru-fault-detection/data/mat_files/199.mat,12000,2,1750,drive,outer_6,0.014,BA_0
0.0009606294897336247,0.3244700877438335,2.918117338022589,/home/lmres/storage/projects/cwru-fault-detection/data/mat_files/199.mat,12000,2,1750,drive,outer_6,0.014,BA_0
0.0009498374039230143,0.3243080353272171,2.946989577543901,/home/lmres/storage/projects/cwru-fault-detection/data/mat_files/199.mat,12000,2,1750,drive,outer_6,0.014,BA_0
0.0009451384404812125,0.33536518976939766,2.974113693883935,/home/lmres/storage/projects/cwru-fault-detection/data/mat_files/199.mat,12000,2,1750,drive,outer_6,0.014,BA_0
0.0009551627658951653,0.32539417866180026,2.9541223027128556,/home/lmres/storage/projects/cwru-fault-detection/data/mat_files/199.mat,12000,2,1750,drive,outer_6,0.014,BA_0
0.0009695619307606866,0.32928788242747353,2.9432779503567406,/home/lmres/storage/projects/cwru-fault-detection/data/mat_files/199.mat,12000,2,1750,drive,outer_6,0.014,BA_0
0.0009343019482466308,0.3322568738007623,2.9675137261072275,/home/lmres/storage/projects/cwru-fault-detection/data/mat_files/199.mat,12000,2,1750,drive,outer_6,0.014,BA_0
0.0009662722427522619,0.3237717790342577,3.0059800427429337,/home/lmres/storage/projects/cwru-fault-detection/data/mat_files/199.mat,12000,2,1750,drive,outer_6,0.014,BA_0
0.00966917325480897,0.8200198912649979,3.0834359700930807,/home/lmres/storage/projects/cwru-fault-detection/data/mat_files/199.mat,12000,2,1750,drive,outer_6,0.014,DE_0
0.009886122487903255,0.8261017533612082,2.9881754957935125,/home/lmres/storage/projects/cwru-fault-detection/data/mat_files/199.mat,12000,2,1750,drive,outer_6,0.014,DE_0
0.009235737436883613,0.809555280708278,3.060543947291615,/home/lmres/storage/projects/cwru-fault-detection/data/mat_files/199.mat,12000,2,1750,drive,outer_6,0.014,DE_0
0.009283764961821997,0.811170100600806,2.9357956752855063,/home/lmres/storage/projects/cwru-fault-detection/data/mat_files/199.mat,12000,2,1750,drive,outer_6,0.014,DE_0
0.009743012630271369,0.8211905536098368,3.0027700212482196,/home/lmres/storage/projects/cwru-fault-detection/data/mat_files/199.mat,12000,2,1750,drive,outer_6,0.014,DE_0
0.010021562141064921,0.8240685598802239,3.1213191930364177,/home/lmres/storage/projects/cwru-fault-detection/data/mat_files/199.mat,12000,2,1750,drive,outer_6,0.014,DE_0
0.009457029555816752,0.8149005034529454,2.898340240967079,/home/lmres/storage/projects/cwru-fault-detection/data/mat_files/199.mat,12000,2,1750,drive,outer_6,0.014,DE_0
0.009009448788242396,0.8027601967736376,3.0723759365120777,/home/lmres/storage/projects/cwru-fault-detection/data/mat_files/199.mat,12000,2,1750,drive,outer_6,0.014,DE_0
0.008358456031535379,0.7917716745243265,3.027465125069034,/home/lmres/storage/projects/cwru-fault-detection/data/mat_files/199.mat,12000,2,1750,drive,outer_6,0.014,DE_0
0.008964455947854786,0.8032960251829324,2.9561972358490283,/home/lmres/storage/projects/cwru-fault-detection/data/mat_files/199.mat,12000,2,1750,drive,outer_6,0.014,DE_0
0.009568725313155921,0.5654555275154303,2.934712534193186,/home/lmres/storage/projects/cwru-fault-detection/data/mat_files/199.mat,12000,2,1750,drive,outer_6,0.014,FE_0
0.009818842346436362,0.5712649975615324,2.8684869644277846,/home/lmres/storage/projects/cwru-fault-detection/data/mat_files/199.mat,12000,2,1750,drive,outer_6,0.014,FE_0
0.009483271334455923,0.5661497014966094,2.895583240551665,/home/lmres/storage/projects/cwru-fault-detection/data/mat_files/199.mat,12000,2,1750,drive,outer_6,0.014,FE_0
0.009795185199030578,0.5480653465155557,2.7732592402806073,/home/lmres/storage/projects/cwru-fault-detection/data/mat_files/199.mat,12000,2,1750,drive,outer_6,0.014,FE_0
0.009835285617392286,0.5570997297955759,2.8617185956273086,/home/lmres/storage/projects/cwru-fault-detection/data/mat_files/199.mat,12000,2,1750,drive,outer_6,0.014,FE_0
0.00968609432744325,0.569298011888433,2.8624385330048847,/home/lmres/storage/projects/cwru-fault-detection/data/mat_files/199.mat,12000,2,1750,drive,outer_6,0.014,FE_0
0.009720295049206885,0.5671927344209253,2.9262449859733235,/home/lmres/storage/projects/cwru-fault-detection/data/mat_files/199.mat,12000,2,1750,drive,outer_6,0.014,FE_0
0.0097600353254865,0.5556312817750396,2.9024593780557546,/home/lmres/storage/projects/cwru-fault-detection/data/mat_files/199.mat,12000,2,1750,drive,outer_6,0.014,FE_0
0.009640981686124516,0.5598994132658108,2.9089290474843894,/home/lmres/storage/projects/cwru-fault-detection/data/mat_files/199.mat,12000,2,1750,drive,outer_6,0.014,FE_0
0.009693023768262258,0.5626189532052784,2.923697433071158,/home/lmres/storage/projects/cwru-fault-detection/data/mat_files/199.mat,12000,2,1750,drive,outer_6,0.014,FE_0
0.0014230584161714977,0.204526287781421,2.8710693411786865,/home/lmres/storage/projects/cwru-fault-detection/data/mat_files/200.mat,12000,3,1730,drive,outer_6,0.014,BA_0
0.0013981028229788908,0.20400439603831466,2.874670038358867,/home/lmres/storage/projects/cwru-fault-detection/data/mat_files/200.mat,12000,3,1730,drive,outer_6,0.014,BA_0
0.001385212777639578,0.20686041146675826,2.855403232676692,/home/lmres/storage/projects/cwru-fault-detection/data/mat_files/200.mat,12000,3,1730,drive,outer_6,0.014,BA_0
0.0014097656233342235,0.2064917883733048,2.8599406362547515,/home/lmres/storage/projects/cwru-fault-detection/data/mat_files/200.mat,12000,3,1730,drive,outer_6,0.014,BA_0
0.0014336415235672486,0.20792634837900628,2.884535326957519,/home/lmres/storage/projects/cwru-fault-detection/data/mat_files/200.mat,12000,3,1730,drive,outer_6,0.014,BA_0
0.0014116198451183338,0.20388270479310047,2.9135674479036116,/home/lmres/storage/projects/cwru-fault-detection/data/mat_files/200.mat,12000,3,1730,drive,outer_6,0.014,BA_0
0.001401273482396471,0.20663464824398076,2.869915795720693,/home/lmres/storage/projects/cwru-fault-detection/data/mat_files/200.mat,12000,3,1730,drive,outer_6,0.014,BA_0
0.0014386981881545353,0.20481055295543493,2.916891656313425,/home/lmres/storage/projects/cwru-fault-detection/data/mat_files/200.mat,12000,3,1730,drive,outer_6,0.014,BA_0
0.0013954260221450715,0.20675468256897095,2.8387658671911256,/home/lmres/storage/projects/cwru-fault-detection/data/mat_files/200.mat,12000,3,1730,drive,outer_6,0.014,BA_0
0.0013888773381409152,0.20533160158064465,2.8860839439774892,/home/lmres/storage/projects/cwru-fault-detection/data/mat_files/200.mat,12000,3,1730,drive,outer_6,0.014,BA_0
0.008779978199393149,0.7362898040597211,3.0866794729275804,/home/lmres/storage/projects/cwru-fault-detection/data/mat_files/200.mat,12000,3,1730,drive,outer_6,0.014,DE_0
0.009061004221818308,0.7445200703055777,3.758888629397172,/home/lmres/storage/projects/cwru-fault-detection/data/mat_files/200.mat,12000,3,1730,drive,outer_6,0.014,DE_0
0.009490585907628264,0.7574007911595899,3.9685932771105543,/home/lmres/storage/projects/cwru-fault-detection/data/mat_files/200.mat,12000,3,1730,drive,outer_6,0.014,DE_0
0.008978560203132535,0.732311248514559,3.051802920561026,/home/lmres/storage/projects/cwru-fault-detection/data/mat_files/200.mat,12000,3,1730,drive,outer_6,0.014,DE_0
0.010677741447177121,0.780336425396703,3.8989272391400065,/home/lmres/storage/projects/cwru-fault-detection/data/mat_files/200.mat,12000,3,1730,drive,outer_6,0.014,DE_0
0.007950996961284927,0.7094741143979258,3.0041482231132037,/home/lmres/storage/projects/cwru-fault-detection/data/mat_files/200.mat,12000,3,1730,drive,outer_6,0.014,DE_0
0.008608614885964865,0.7270581361631113,5.525734501606768,/home/lmres/storage/projects/cwru-fault-detection/data/mat_files/200.mat,12000,3,1730,drive,outer_6,0.014,DE_0
0.0093297543591786,0.7464770994965381,4.60955836739788,/home/lmres/storage/projects/cwru-fault-detection/data/mat_files/200.mat,12000,3,1730,drive,outer_6,0.014,DE_0
0.008306314044015975,0.7187904120084142,3.1289851238399153,/home/lmres/storage/projects/cwru-fault-detection/data/mat_files/200.mat,12000,3,1730,drive,outer_6,0.014,DE_0
0.008592102615498788,0.7220442990352932,3.4479178830812636,/home/lmres/storage/projects/cwru-fault-detection/data/mat_files/200.mat,12000,3,1730,drive,outer_6,0.014,DE_0
0.010433214564250688,0.5389260392497909,3.0754539450905267,/home/lmres/storage/projects/cwru-fault-detection/data/mat_files/200.mat,12000,3,1730,drive,outer_6,0.014,FE_0
0.010475905028280715,0.552822659723198,2.9739784625399253,/home/lmres/storage/projects/cwru-fault-detection/data/mat_files/200.mat,12000,3,1730,drive,outer_6,0.014,FE_0
0.010589894144550136,0.5611729509961056,3.081349954291378,/home/lmres/storage/projects/cwru-fault-detection/data/mat_files/200.mat,12000,3,1730,drive,outer_6,0.014,FE_0
0.010652048961618732,0.5542725287793538,3.021543877992674,/home/lmres/storage/projects/cwru-fault-detection/data/mat_files/200.mat,12000,3,1730,drive,outer_6,0.014,FE_0
0.011248608871172176,0.5601603823750188,3.0709126104328006,/home/lmres/storage/projects/cwru-fault-detection/data/mat_files/200.mat,12000,3,1730,drive,outer_6,0.014,FE_0
0.010536277556771625,0.5357180282579084,3.010941619254819,/home/lmres/storage/projects/cwru-fault-detection/data/mat_files/200.mat,12000,3,1730,drive,outer_6,0.014,FE_0
0.010805301268447934,0.5461906024361027,3.0842802284859845,/home/lmres/storage/projects/cwru-fault-detection/data/mat_files/200.mat,12000,3,1730,drive,outer_6,0.014,FE_0
0.010643127588458402,0.5489132543734795,3.1426030852383806,/home/lmres/storage/projects/cwru-fault-detection/data/mat_files/200.mat,12000,3,1730,drive,outer_6,0.014,FE_0
0.010538937564599999,0.5493218998702256,3.0323471061098695,/home/lmres/storage/projects/cwru-fault-detection/data/mat_files/200.mat,12000,3,1730,drive,outer_6,0.014,FE_0
0.01083947323709697,0.5497762837835122,3.057842653524531,/home/lmres/storage/projects/cwru-fault-detection/data/mat_files/200.mat,12000,3,1730,drive,outer_6,0.014,FE_0
0.010647580801053535,0.18286227749394512,9.812415997178356,/home/lmres/storage/projects/cwru-fault-detection/data/mat_files/234.mat,12000,0,1797,drive,outer_6,0.021,BA_0
0.01065712538247253,0.19150185829531846,10.777316465847338,/home/lmres/storage/projects/cwru-fault-detection/data/mat_files/234.mat,12000,0,1797,drive,outer_6,0.021,BA_0
0.010937993159831547,0.17829853820817954,10.000433859871604,/home/lmres/storage/projects/cwru-fault-detection/data/mat_files/234.mat,12000,0,1797,drive,outer_6,0.021,BA_0
0.010676011053005627,0.1771886846570028,10.001484633447504,/home/lmres/storage/projects/cwru-fault-detection/data/mat_files/234.mat,12000,0,1797,drive,outer_6,0.021,BA_0
0.011127536695562287,0.20004910978318108,10.271564386813331,/home/lmres/storage/projects/cwru-fault-detection/data/mat_files/234.mat,12000,0,1797,drive,outer_6,0.021,BA_0
0.010986170818562542,0.1863481024245627,9.853534847388001,/home/lmres/storage/projects/cwru-fault-detection/data/mat_files/234.mat,12000,0,1797,drive,outer_6,0.021,BA_0
0.010762022229957192,0.17852840306292683,10.401362442587578,/home/lmres/storage/projects/cwru-fault-detection/data/mat_files/234.mat,12000,0,1797,drive,outer_6,0.021,BA_0
0.01069778976356305,0.18429902529943365,10.374648903726083,/home/lmres/storage/projects/cwru-fault-detection/data/mat_files/234.mat,12000,0,1797,drive,outer_6,0.021,BA_0
0.010522159026209859,0.18043213712284217,9.573776408196233,/home/lmres/storage/projects/cwru-fault-detection/data/mat_files/234.mat,12000,0,1797,drive,outer_6,0.021,BA_0
0.010860775299222875,0.17053393341851686,10.061947638105586,/home/lmres/storage/projects/cwru-fault-detection/data/mat_files/234.mat,12000,0,1797,drive,outer_6,0.021,BA_0
0.3562601561998728,0.9141734472633013,21.38016256188016,/home/lmres/storage/projects/cwru-fault-detection/data/mat_files/234.mat,12000,0,1797,drive,outer_6,0.021,DE_0
0.33416390278817215,0.9090114753062242,18.606403638437737,/home/lmres/storage/projects/cwru-fault-detection/data/mat_files/234.mat,12000,0,1797,drive,outer_6,0.021,DE_0
0.32489561223736857,0.9030792628977047,20.90121224853156,/home/lmres/storage/projects/cwru-fault-detection/data/mat_files/234.mat,12000,0,1797,drive,outer_6,0.021,DE_0
0.33285533492748853,0.9085898857912457,19.075441794139934,/home/lmres/storage/projects/cwru-fault-detection/data/mat_files/234.mat,12000,0,1797,drive,outer_6,0.021,DE_0
0.37465366144222967,0.9165987812069543,21.47302269062754,/home/lmres/storage/projects/cwru-fault-detection/data/mat_files/234.mat,12000,0,1797,drive,outer_6,0.021,DE_0
0.3687904880062259,0.9165259637604138,24.09967120065891,/home/lmres/storage/projects/cwru-fault-detection/data/mat_files/234.mat,12000,0,1797,drive,outer_6,0.021,DE_0
0.2857945476438349,0.8904537152762105,16.968065866071026,/home/lmres/storage/projects/cwru-fault-detection/data/mat_files/234.mat,12000,0,1797,drive,outer_6,0.021,DE_0
0.35851617229016075,0.9139360738363634,21.45193592627781,/home/lmres/storage/projects/cwru-fault-detection/data/mat_files/234.mat,12000,0,1797,drive,outer_6,0.021,DE_0
0.34792102176770073,0.9143004273185396,21.259141861893777,/home/lmres/storage/projects/cwru-fault-detection/data/mat_files/234.mat,12000,0,1797,drive,outer_6,0.021,DE_0
0.3175228455769037,0.9031570950267983,21.172610195109932,/home/lmres/storage/projects/cwru-fault-detection/data/mat_files/234.mat,12000,0,1797,drive,outer_6,0.021,DE_0
0.043885083619190086,0.4400063031747603,11.425128541295663,/home/lmres/storage/projects/cwru-fault-detection/data/mat_files/234.mat,12000,0,1797,drive,outer_6,0.021,FE_0
0.042367498845704676,0.4275195002799456,11.601216088157017,/home/lmres/storage/projects/cwru-fault-detection/data/mat_files/234.mat,12000,0,1797,drive,outer_6,0.021,FE_0
0.042183928300155646,0.41267997630808206,11.140573863113719,/home/lmres/storage/projects/cwru-fault-detection/data/mat_files/234.mat,12000,0,1797,drive,outer_6,0.021,FE_0
0.04066760786872809,0.4375934559282618,10.013784729519303,/home/lmres/storage/projects/cwru-fault-detection/data/mat_files/234.mat,12000,0,1797,drive,outer_6,0.021,FE_0
0.04060570011598016,0.40309698614510464,10.102055450869166,/home/lmres/storage/projects/cwru-fault-detection/data/mat_files/234.mat,12000,0,1797,drive,outer_6,0.021,FE_0
0.04326838388353334,0.4202785359613385,11.557403595869529,/home/lmres/storage/projects/cwru-fault-detection/data/mat_files/234.mat,12000,0,1797,drive,outer_6,0.021,FE_0
0.04148538058305758,0.4216244407769092,11.16743278545894,/home/lmres/storage/projects/cwru-fault-detection/data/mat_files/234.mat,12000,0,1797,drive,outer_6,0.021,FE_0
0.041113859594807164,0.41788002703160804,10.543909691736438,/home/lmres/storage/projects/cwru-fault-detection/data/mat_files/234.mat,12000,0,1797,drive,outer_6,0.021,FE_0
0.04306773953169779,0.4251318763090101,12.305882763539113,/home/lmres/storage/projects/cwru-fault-detection/data/mat_files/234.mat,12000,0,1797,drive,outer_6,0.021,FE_0
0.04429322459741212,0.4238482550650899,11.861356208690866,/home/lmres/storage/projects/cwru-fault-detection/data/mat_files/234.mat,12000,0,1797,drive,outer_6,0.021,FE_0
0.008726663447965096,0.18802415775130887,12.276867120629328,/home/lmres/storage/projects/cwru-fault-detection/data/mat_files/235.mat,12000,1,1772,drive,outer_6,0.021,BA_0
0.008560438777049914,0.18711294131936274,11.79053360976376,/home/lmres/storage/projects/cwru-fault-detection/data/mat_files/235.mat,12000,1,1772,drive,outer_6,0.021,BA_0
0.008516375636461971,0.1846583343763729,11.616159576096617,/home/lmres/storage/projects/cwru-fault-detection/data/mat_files/235.mat,12000,1,1772,drive,outer_6,0.021,BA_0
0.0083447791847814,0.17509720912642812,10.475881859866462,/home/lmres/storage/projects/cwru-fault-detection/data/mat_files/235.mat,12000,1,1772,drive,outer_6,0.021,BA_0
0.00816896535057334,0.17314154907245183,11.290407628890422,/home/lmres/storage/projects/cwru-fault-detection/data/mat_files/235.mat,12000,1,1772,drive,outer_6,0.021,BA_0
0.008598515170291442,0.17677811077601746,11.319837547096153,/home/lmres/storage/projects/cwru-fault-detection/data/mat_files/235.mat,12000,1,1772,drive,outer_6,0.021,BA_0
0.00823333640754116,0.18128678886521818,11.855222276421214,/home/lmres/storage/projects/cwru-fault-detection/data/mat_files/235.mat,12000,1,1772,drive,outer_6,0.021,BA_0
0.008256839322759484,0.17311164488985478,10.71978697662522,/home/lmres/storage/projects/cwru-fault-detection/data/mat_files/235.mat,12000,1,1772,drive,outer_6,0.021,BA_0
0.008004745297054286,0.17889054211040625,10.836758768508998,/home/lmres/storage/projects/cwru-fault-detection/data/mat_files/235.mat,12000,1,1772,drive,outer_6,0.021,BA_0
0.008387818413627896,0.17624158684999033,11.932675559219899,/home/lmres/storage/projects/cwru-fault-detection/data/mat_files/235.mat,12000,1,1772,drive,outer_6,0.021,BA_0
0.2671388374110213,0.9008978985126503,20.2637689510767,/home/lmres/storage/projects/cwru-fault-detection/data/mat_files/235.mat,12000,1,1772,drive,outer_6,0.021,DE_0
0.2844031788965013,0.909958966619935,21.3092569969779,/home/lmres/storage/projects/cwru-fault-detection/data/mat_files/235.mat,12000,1,1772,drive,outer_6,0.021,DE_0
0.2946072901166685,0.9111842615019368,18.474867696912725,/home/lmres/storage/projects/cwru-fault-detection/data/mat_files/235.mat,12000,1,1772,drive,outer_6,0.021,DE_0
0.3593728347794013,0.9301516166096657,21.26676135924066,/home/lmres/storage/projects/cwru-fault-detection/data/mat_files/235.mat,12000,1,1772,drive,outer_6,0.021,DE_0
0.31437705770249946,0.9188011110818705,24.048981604351656,/home/lmres/storage/projects/cwru-fault-detection/data/mat_files/235.mat,12000,1,1772,drive,outer_6,0.021,DE_0
0.2996472532968239,0.9132079037345266,23.98626301590591,/home/lmres/storage/projects/cwru-fault-detection/data/mat_files/235.mat,12000,1,1772,drive,outer_6,0.021,DE_0
0.27005455203298734,0.9047119057134991,17.714288546359132,/home/lmres/storage/projects/cwru-fault-detection/data/mat_files/235.mat,12000,1,1772,drive,outer_6,0.021,DE_0
0.3938697465822,0.9365233183437078,20.362010753934182,/home/lmres/storage/projects/cwru-fault-detection/data/mat_files/235.mat,12000,1,1772,drive,outer_6,0.021,DE_0
0.38015424401274683,0.9358737054474263,25.60415450688737,/home/lmres/storage/projects/cwru-fault-detection/data/mat_files/235.mat,12000,1,1772,drive,outer_6,0.021,DE_0
0.27838984231059755,0.9065979327115056,19.465332902477336,/home/lmres/storage/projects/cwru-fault-detection/data/mat_files/235.mat,12000,1,1772,drive,outer_6,0.021,DE_0
0.03310907203420027,0.41025859746165527,11.739065276100503,/home/lmres/storage/projects/cwru-fault-detection/data/mat_files/235.mat,12000,1,1772,drive,outer_6,0.021,FE_0
0.03176371565934958,0.42183070760647834,13.188143228794614,/home/lmres/storage/projects/cwru-fault-detection/data/mat_files/235.mat,12000,1,1772,drive,outer_6,0.021,FE_0
0.034377861109118175,0.4511552124642897,12.94522471644702,/home/lmres/storage/projects/cwru-fault-detection/data/mat_files/235.mat,12000,1,1772,drive,outer_6,0.021,FE_0
0.03640083778093305,0.46719734433443355,12.400971233005743,/home/lmres/storage/projects/cwru-fault-detection/data/mat_files/235.mat,12000,1,1772,drive,outer_6,0.021,FE_0
0.03795138974153526,0.4061643295542183,14.766090389203654,/home/lmres/storage/projects/cwru-fault-detection/data/mat_files/235.mat,12000,1,1772,drive,outer_6,0.021,FE_0
0.03942732008473554,0.4028052219632262,14.698311336171427,/home/lmres/storage/projects/cwru-fault-detection/data/mat_files/235.mat,12000,1,1772,drive,outer_6,0.021,FE_0
0.033775881606813773,0.42023305401492494,12.450989146961636,/home/lmres/storage/projects/cwru-fault-detection/data/mat_files/235.mat,12000,1,1772,drive,outer_6,0.021,FE_0
0.040895724618534704,0.49009904125141524,12.429014037386766,/home/lmres/storage/projects/cwru-fault-detection/data/mat_files/235.mat,12000,1,1772,drive,outer_6,0.021,FE_0
0.04012564338050276,0.4630043553382267,13.293147730357813,/home/lmres/storage/projects/cwru-fault-detection/data/mat_files/235.mat,12000,1,1772,drive,outer_6,0.021,FE_0
0.03516036070267135,0.4300915445503594,13.23803772404688,/home/lmres/storage/projects/cwru-fault-detection/data/mat_files/235.mat,12000,1,1772,drive,outer_6,0.021,FE_0
0.007529258507679406,0.1603160802528308,10.742746298320917,/home/lmres/storage/projects/cwru-fault-detection/data/mat_files/236.mat,12000,2,1750,drive,outer_6,0.021,BA_0
0.007682797214618404,0.1680022430707397,9.872340106206396,/home/lmres/storage/projects/cwru-fault-detection/data/mat_files/236.mat,12000,2,1750,drive,outer_6,0.021,BA_0
0.008326933280478385,0.16881819280170443,12.474197602954227,/home/lmres/storage/projects/cwru-fault-detection/data/mat_files/236.mat,12000,2,1750,drive,outer_6,0.021,BA_0
0.007891954200926738,0.17941890839852556,10.80178484299325,/home/lmres/storage/projects/cwru-fault-detection/data/mat_files/236.mat,12000,2,1750,drive,outer_6,0.021,BA_0
0.008159873537021975,0.19676915432429723,11.117078186754073,/home/lmres/storage/projects/cwru-fault-detection/data/mat_files/236.mat,12000,2,1750,drive,outer_6,0.021,BA_0
0.008264148531430765,0.1693082884911726,10.70856876420179,/home/lmres/storage/projects/cwru-fault-detection/data/mat_files/236.mat,12000,2,1750,drive,outer_6,0.021,BA_0
0.007882656191551611,0.17323902191269672,11.216310881014646,/home/lmres/storage/projects/cwru-fault-detection/data/mat_files/236.mat,12000,2,1750,drive,outer_6,0.021,BA_0
0.007934206369934508,0.16823800977982484,10.708893129779854,/home/lmres/storage/projects/cwru-fault-detection/data/mat_files/236.mat,12000,2,1750,drive,outer_6,0.021,BA_0
0.007794921418460371,0.17606462677779253,10.842311114116116,/home/lmres/storage/projects/cwru-fault-detection/data/mat_files/236.mat,12000,2,1750,drive,outer_6,0.021,BA_0
0.007799748712577149,0.16268030613008164,11.701968484556499,/home/lmres/storage/projects/cwru-fault-detection/data/mat_files/236.mat,12000,2,1750,drive,outer_6,0.021,BA_0
0.3306689191264163,0.931028567290354,20.45326975744464,/home/lmres/storage/projects/cwru-fault-detection/data/mat_files/236.mat,12000,2,1750,drive,outer_6,0.021,DE_0
0.38491406073940654,0.9369188179383576,23.051175594278234,/home/lmres/storage/projects/cwru-fault-detection/data/mat_files/236.mat,12000,2,1750,drive,outer_6,0.021,DE_0
0.28365699264519567,0.909875421173515,23.54345175332771,/home/lmres/storage/projects/cwru-fault-detection/data/mat_files/236.mat,12000,2,1750,drive,outer_6,0.021,DE_0
0.26794766769350187,0.9100822005051108,21.055188613101475,/home/lmres/storage/projects/cwru-fault-detection/data/mat_files/236.mat,12000,2,1750,drive,outer_6,0.021,DE_0
0.31272149154071355,0.9182615439837636,20.930271705150357,/home/lmres/storage/projects/cwru-fault-detection/data/mat_files/236.mat,12000,2,1750,drive,outer_6,0.021,DE_0
0.38431565244599325,0.9346468415791989,23.44989900217586,/home/lmres/storage/projects/cwru-fault-detection/data/mat_files/236.mat,12000,2,1750,drive,outer_6,0.021,DE_0
0.3231825622281032,0.9245133094098769,25.35022034844911,/home/lmres/storage/projects/cwru-fault-detection/data/mat_files/236.mat,12000,2,1750,drive,outer_6,0.021,DE_0
0.3151779880860211,0.9229959714307431,28.81093566593704,/home/lmres/storage/projects/cwru-fault-detection/data/mat_files/236.mat,12000,2,1750,drive,outer_6,0.021,DE_0
0.2953787445808353,0.9186576357234042,20.43921753426351,/home/lmres/storage/projects/cwru-fault-detection/data/mat_files/236.mat,12000,2,1750,drive,outer_6,0.021,DE_0
0.3349110271147737,0.9261092186427576,21.937438820589275,/home/lmres/storage/projects/cwru-fault-detection/data/mat_files/236.mat,12000,2,1750,drive,outer_6,0.021,DE_0
0.03927554411702286,0.44110420173743853,13.041542419719923,/home/lmres/storage/projects/cwru-fault-detection/data/mat_files/236.mat,12000,2,1750,drive,outer_6,0.021,FE_0
0.04265255457507851,0.47207690168446215,14.39062007620557,/home/lmres/storage/projects/cwru-fault-detection/data/mat_files/236.mat,12000,2,1750,drive,outer_6,0.021,FE_0
0.039197510847949306,0.40975715771437643,13.442158193086778,/home/lmres/storage/projects/cwru-fault-detection/data/mat_files/236.mat,12000,2,1750,drive,outer_6,0.021,FE_0
0.035679099927654265,0.44420059619348257,12.437901099340174,/home/lmres/storage/projects/cwru-fault-detection/data/mat_files/236.mat,12000,2,1750,drive,outer_6,0.021,FE_0
0.037778341446465837,0.4439908676000067,12.65426577312526,/home/lmres/storage/projects/cwru-fault-detection/data/mat_files/236.mat,12000,2,1750,drive,outer_6,0.021,FE_0
0.04292408802139311,0.4616797452963392,11.728317193145992,/home/lmres/storage/projects/cwru-fault-detection/data/mat_files/236.mat,12000,2,1750,drive,outer_6,0.021,FE_0
0.04124672715344958,0.4145506700455813,13.465971665824922,/home/lmres/storage/projects/cwru-fault-detection/data/mat_files/236.mat,12000,2,1750,drive,outer_6,0.021,FE_0
0.0443108012490292,0.4391292169856803,15.157905500579673,/home/lmres/storage/projects/cwru-fault-detection/data/mat_files/236.mat,12000,2,1750,drive,outer_6,0.021,FE_0
0.0378653443576303,0.43547081734686843,12.777482286967315,/home/lmres/storage/projects/cwru-fault-detection/data/mat_files/236.mat,12000,2,1750,drive,outer_6,0.021,FE_0
0.042282129877589524,0.4233462212051756,14.175341219122345,/home/lmres/storage/projects/cwru-fault-detection/data/mat_files/236.mat,12000,2,1750,drive,outer_6,0.021,FE_0
0.008587027539029572,0.1340259699942417,9.732929460652459,/home/lmres/storage/projects/cwru-fault-detection/data/mat_files/237.mat,12000,3,1730,drive,outer_6,0.021,BA_0
0.00899514959269289,0.12577697893431566,9.306533164239898,/home/lmres/storage/projects/cwru-fault-detection/data/mat_files/237.mat,12000,3,1730,drive,outer_6,0.021,BA_0
0.008994382521183513,0.13217640623749133,10.132215314806402,/home/lmres/storage/projects/cwru-fault-detection/data/mat_files/237.mat,12000,3,1730,drive,outer_6,0.021,BA_0
0.008846832399033455,0.13671494701303158,10.501611281548627,/home/lmres/storage/projects/cwru-fault-detection/data/mat_files/237.mat,12000,3,1730,drive,outer_6,0.021,BA_0
0.009218830756546306,0.13291780369117648,10.33474473307212,/home/lmres/storage/projects/cwru-fault-detection/data/mat_files/237.mat,12000,3,1730,drive,outer_6,0.021,BA_0
0.008631069096822175,0.13659303887663946,9.422935658491147,/home/lmres/storage/projects/cwru-fault-detection/data/mat_files/237.mat,12000,3,1730,drive,outer_6,0.021,BA_0
0.009050984100116984,0.14540247905075265,9.134760984378508,/home/lmres/storage/projects/cwru-fault-detection/data/mat_files/237.mat,12000,3,1730,drive,outer_6,0.021,BA_0
0.00884073483441076,0.1324249924647038,9.722969134364414,/home/lmres/storage/projects/cwru-fault-detection/data/mat_files/237.mat,12000,3,1730,drive,outer_6,0.021,BA_0
0.008729315181516964,0.13012578300166802,9.604334831109387,/home/lmres/storage/projects/cwru-fault-detection/data/mat_files/237.mat,12000,3,1730,drive,outer_6,0.021,BA_0
0.008752818447161442,0.1358494110231208,9.4145566174884,/home/lmres/storage/projects/cwru-fault-detection/data/mat_files/237.mat,12000,3,1730,drive,outer_6,0.021,BA_0
0.3576298799268391,0.9360160204202872,21.48932659841418,/home/lmres/storage/projects/cwru-fault-detection/data/mat_files/237.mat,12000,3,1730,drive,outer_6,0.021,DE_0
0.3763751980769601,0.939584896206947,23.24689570536271,/home/lmres/storage/projects/cwru-fault-detection/data/mat_files/237.mat,12000,3,1730,drive,outer_6,0.021,DE_0
0.23429124802153298,0.9051862949110893,18.45501461077156,/home/lmres/storage/projects/cwru-fault-detection/data/mat_files/237.mat,12000,3,1730,drive,outer_6,0.021,DE_0
0.23513471028438065,0.8983951327893971,18.556656508946496,/home/lmres/storage/projects/cwru-fault-detection/data/mat_files/237.mat,12000,3,1730,drive,outer_6,0.021,DE_0
0.28841785294661004,0.9202047642242189,22.320638615221387,/home/lmres/storage/projects/cwru-fault-detection/data/mat_files/237.mat,12000,3,1730,drive,outer_6,0.021,DE_0
0.3512399386238182,0.9352004273287783,22.302007632914343,/home/lmres/storage/projects/cwru-fault-detection/data/mat_files/237.mat,12000,3,1730,drive,outer_6,0.021,DE_0
0.34425580770021436,0.9319295276761418,28.69943300575546,/home/lmres/storage/projects/cwru-fault-detection/data/mat_files/237.mat,12000,3,1730,drive,outer_6,0.021,DE_0
0.26989873815508086,0.9168572642533123,25.053939730768526,/home/lmres/storage/projects/cwru-fault-detection/data/mat_files/237.mat,12000,3,1730,drive,outer_6,0.021,DE_0
0.28101400548874156,0.9180927813966512,18.18496468080882,/home/lmres/storage/projects/cwru-fault-detection/data/mat_files/237.mat,12000,3,1730,drive,outer_6,0.021,DE_0
0.39104775523593516,0.9432035319302841,24.81508734869339,/home/lmres/storage/projects/cwru-fault-detection/data/mat_files/237.mat,12000,3,1730,drive,outer_6,0.021,DE_0
0.041971388383096414,0.4012619275996931,12.20589576797264,/home/lmres/storage/projects/cwru-fault-detection/data/mat_files/237.mat,12000,3,1730,drive,outer_6,0.021,FE_0
0.04163292330716584,0.4095140927664197,13.514561735049146,/home/lmres/storage/projects/cwru-fault-detection/data/mat_files/237.mat,12000,3,1730,drive,outer_6,0.021,FE_0
0.03640300625261405,0.37880823913326755,13.291306925742045,/home/lmres/storage/projects/cwru-fault-detection/data/mat_files/237.mat,12000,3,1730,drive,outer_6,0.021,FE_0
0.03522276956304022,0.3917948767625429,13.373421284782484,/home/lmres/storage/projects/cwru-fault-detection/data/mat_files/237.mat,12000,3,1730,drive,outer_6,0.021,FE_0
0.03713073526089311,0.38706589387943147,13.759145350760688,/home/lmres/storage/projects/cwru-fault-detection/data/mat_files/237.mat,12000,3,1730,drive,outer_6,0.021,FE_0
0.03952087226876446,0.39588180236953924,12.412764340327023,/home/lmres/storage/projects/cwru-fault-detection/data/mat_files/237.mat,12000,3,1730,drive,outer_6,0.021,FE_0
0.04217398689143553,0.3921321508164521,13.460801039701265,/home/lmres/storage/projects/cwru-fault-detection/data/mat_files/237.mat,12000,3,1730,drive,outer_6,0.021,FE_0
0.039259937419589525,0.364901199753591,14.85421787724462,/home/lmres/storage/projects/cwru-fault-detection/data/mat_files/237.mat,12000,3,1730,drive,outer_6,0.021,FE_0
0.03916828401400165,0.3816299450270568,12.814379988054876,/home/lmres/storage/projects/cwru-fault-detection/data/mat_files/237.mat,12000,3,1730,drive,outer_6,0.021,FE_0
0.04394933585531405,0.39602187784877996,12.51659785206045,/home/lmres/storage/projects/cwru-fault-detection/data/mat_files/237.mat,12000,3,1730,drive,outer_6,0.021,FE_0
0.007284272323884431,0.4116097394010684,3.139944671541813,/home/lmres/storage/projects/cwru-fault-detection/data/mat_files/144.mat,12000,0,1797,drive,outer_3,0.007,BA_0
0.007169631037403074,0.40480468946633097,3.1185323817649127,/home/lmres/storage/projects/cwru-fault-detection/data/mat_files/144.mat,12000,0,1797,drive,outer_3,0.007,BA_0
0.007594967199913576,0.398404328270885,3.24681694784643,/home/lmres/storage/projects/cwru-fault-detection/data/mat_files/144.mat,12000,0,1797,drive,outer_3,0.007,BA_0
0.007620705303699726,0.4176040009072884,3.189166211942899,/home/lmres/storage/projects/cwru-fault-detection/data/mat_files/144.mat,12000,0,1797,drive,outer_3,0.007,BA_0
0.007360936370395119,0.40940805963427934,3.218040364382295,/home/lmres/storage/projects/cwru-fault-detection/data/mat_files/144.mat,12000,0,1797,drive,outer_3,0.007,BA_0
0.007337731305338635,0.40315599100004657,3.0948039775977843,/home/lmres/storage/projects/cwru-fault-detection/data/mat_files/144.mat,12000,0,1797,drive,outer_3,0.007,BA_0
0.00753245952429356,0.4136428613620158,3.1415892755381436,/home/lmres/storage/projects/cwru-fault-detection/data/mat_files/144.mat,12000,0,1797,drive,outer_3,0.007,BA_0
0.007701269327227048,0.4106243019429681,3.1931332316935377,/home/lmres/storage/projects/cwru-fault-detection/data/mat_files/144.mat,12000,0,1797,drive,outer_3,0.007,BA_0
0.007303768679713995,0.4128143318872085,3.131380186113849,/home/lmres/storage/projects/cwru-fault-detection/data/mat_files/144.mat,12000,0,1797,drive,outer_3,0.007,BA_0
0.007519933558607007,0.4060185671448729,3.1356171883183945,/home/lmres/storage/projects/cwru-fault-detection/data/mat_files/144.mat,12000,0,1797,drive,outer_3,0.007,BA_0
0.5847103991116682,0.9878497929431616,4.28985070270966,/home/lmres/storage/projects/cwru-fault-detection/data/mat_files/144.mat,12000,0,1797,drive,outer_3,0.007,DE_0
0.5512876471495306,0.98669565967513,4.2142181076113685,/home/lmres/storage/projects/cwru-fault-detection/data/mat_files/144.mat,12000,0,1797,drive,outer_3,0.007,DE_0
0.5905757583255017,0.9870181714298747,4.235848943375422,/home/lmres/storage/projects/cwru-fault-detection/data/mat_files/144.mat,12000,0,1797,drive,outer_3,0.007,DE_0
0.6092661402538623,0.9876137419928966,4.33336061417355,/home/lmres/storage/projects/cwru-fault-detection/data/mat_files/144.mat,12000,0,1797,drive,outer_3,0.007,DE_0
0.5809963005088369,0.9871793140344914,4.208605422100035,/home/lmres/storage/projects/cwru-fault-detection/data/mat_files/144.mat,12000,0,1797,drive,outer_3,0.007,DE_0
0.5739085871466911,0.9869910215601638,4.1135826922121135,/home/lmres/storage/projects/cwru-fault-detection/data/mat_files/144.mat,12000,0,1797,drive,outer_3,0.007,DE_0
0.6096677604496288,0.9875041349199644,4.16513368344134,/home/lmres/storage/projects/cwru-fault-detection/data/mat_files/144.mat,12000,0,1797,drive,outer_3,0.007,DE_0
0.6279544221287156,0.9878861449570991,4.287459188260431,/home/lmres/storage/projects/cwru-fault-detection/data/mat_files/144.mat,12000,0,1797,drive,outer_3,0.007,DE_0
0.5958581828434162,0.9874190126535112,4.2575894524845515,/home/lmres/storage/projects/cwru-fault-detection/data/mat_files/144.mat,12000,0,1797,drive,outer_3,0.007,DE_0
0.5877871049181133,0.9869689335442018,4.2080864289458075,/home/lmres/storage/projects/cwru-fault-detection/data/mat_files/144.mat,12000,0,1797,drive,outer_3,0.007,DE_0
0.028057782180970246,0.6163621172085687,3.185243887725884,/home/lmres/storage/projects/cwru-fault-detection/data/mat_files/144.mat,12000,0,1797,drive,outer_3,0.007,FE_0
0.027523065169604684,0.6210686252805828,3.105624978090616,/home/lmres/storage/projects/cwru-fault-detection/data/mat_files/144.mat,12000,0,1797,drive,outer_3,0.007,FE_0
0.029858961160974105,0.6055326319560308,3.175118883261567,/home/lmres/storage/projects/cwru-fault-detection/data/mat_files/144.mat,12000,0,1797,drive,outer_3,0.007,FE_0
0.02964092923017989,0.6243771210153437,3.0585291853129815,/home/lmres/storage/projects/cwru-fault-detection/data/mat_files/144.mat,12000,0,1797,drive,outer_3,0.007,FE_0
0.02990151347356997,0.6045128182992292,3.090250752963453,/home/lmres/storage/projects/cwru-fault-detection/data/mat_files/144.mat,12000,0,1797,drive,outer_3,0.007,FE_0
0.02966456749846088,0.6047485688988182,3.040054673405137,/home/lmres/storage/projects/cwru-fault-detection/data/mat_files/144.mat,12000,0,1797,drive,outer_3,0.007,FE_0
0.02930524146451377,0.6331885076287157,3.177687538145919,/home/lmres/storage/projects/cwru-fault-detection/data/mat_files/144.mat,12000,0,1797,drive,outer_3,0.007,FE_0
0.031134035007539664,0.6198142433780539,3.124382332515031,/home/lmres/storage/projects/cwru-fault-detection/data/mat_files/144.mat,12000,0,1797,drive,outer_3,0.007,FE_0
0.027949232641112674,0.6302712221220681,3.0731965773242935,/home/lmres/storage/projects/cwru-fault-detection/data/mat_files/144.mat,12000,0,1797,drive,outer_3,0.007,FE_0
0.0291341583466854,0.6129346297082833,3.1659404369217605,/home/lmres/storage/projects/cwru-fault-detection/data/mat_files/144.mat,12000,0,1797,drive,outer_3,0.007,FE_0
0.008199932103070157,0.4185803866913555,2.9471946476310444,/home/lmres/storage/projects/cwru-fault-detection/data/mat_files/145.mat,12000,1,1772,drive,outer_3,0.007,BA_0
0.008126032928582577,0.42488485955890193,2.963681486990622,/home/lmres/storage/projects/cwru-fault-detection/data/mat_files/145.mat,12000,1,1772,drive,outer_3,0.007,BA_0
0.008064005354769968,0.4201286594746525,2.972980535625734,/home/lmres/storage/projects/cwru-fault-detection/data/mat_files/145.mat,12000,1,1772,drive,outer_3,0.007,BA_0
0.008175424373347027,0.41592692172791335,2.9237370450427007,/home/lmres/storage/projects/cwru-fault-detection/data/mat_files/145.mat,12000,1,1772,drive,outer_3,0.007,BA_0
0.008138690401938044,0.4285272698834118,2.9661307448991185,/home/lmres/storage/projects/cwru-fault-detection/data/mat_files/145.mat,12000,1,1772,drive,outer_3,0.007,BA_0
0.00815862108127817,0.42113847833388385,2.9280605646240816,/home/lmres/storage/projects/cwru-fault-detection/data/mat_files/145.mat,12000,1,1772,drive,outer_3,0.007,BA_0
0.008226358711507205,0.4273069325743544,2.9749741586575023,/home/lmres/storage/projects/cwru-fault-detection/data/mat_files/145.mat,12000,1,1772,drive,outer_3,0.007,BA_0
0.008198759108453572,0.41917158722380915,2.9038561342975675,/home/lmres/storage/projects/cwru-fault-detection/data/mat_files/145.mat,12000,1,1772,drive,outer_3,0.007,BA_0
0.008170182648397958,0.42357969754361907,2.912980671843574,/home/lmres/storage/projects/cwru-fault-detection/data/mat_files/145.mat,12000,1,1772,drive,outer_3,0.007,BA_0
0.0082208524146411,0.4229127969554963,2.924404516544607,/home/lmres/storage/projects/cwru-fault-detection/data/mat_files/145.mat,12000,1,1772,drive,outer_3,0.007,BA_0
0.7275156646871528,0.9869746633303409,3.992705885183226,/home/lmres/storage/projects/cwru-fault-detection/data/mat_files/145.mat,12000,1,1772,drive,outer_3,0.007,DE_0
0.7109430793592708,0.9864764126818948,3.999506062467758,/home/lmres/storage/projects/cwru-fault-detection/data/mat_files/145.mat,12000,1,1772,drive,outer_3,0.007,DE_0
0.7041622829279502,0.9865568335499693,4.109906613969678,/home/lmres/storage/projects/cwru-fault-detection/data/mat_files/145.mat,12000,1,1772,drive,outer_3,0.007,DE_0
0.7184490374990675,0.9870976396448217,4.064718492671991,/home/lmres/storage/projects/cwru-fault-detection/data/mat_files/145.mat,12000,1,1772,drive,outer_3,0.007,DE_0
0.7335209023172187,0.9873841669237285,3.9408697550018448,/home/lmres/storage/projects/cwru-fault-detection/data/mat_files/145.mat,12000,1,1772,drive,outer_3,0.007,DE_0
0.7261687950810323,0.9872718172078391,4.055390740460671,/home/lmres/storage/projects/cwru-fault-detection/data/mat_files/145.mat,12000,1,1772,drive,outer_3,0.007,DE_0
0.7285667346994373,0.9871736879709408,4.093013012710442,/home/lmres/storage/projects/cwru-fault-detection/data/mat_files/145.mat,12000,1,1772,drive,outer_3,0.007,DE_0
0.7273321323621813,0.9872403777977444,4.032567056711183,/home/lmres/storage/projects/cwru-fault-detection/data/mat_files/145.mat,12000,1,1772,drive,outer_3,0.007,DE_0
0.698595593849691,0.9864918604456798,4.130154506321647,/home/lmres/storage/projects/cwru-fault-detection/data/mat_files/145.mat,12000,1,1772,drive,outer_3,0.007,DE_0
0.7157127161794785,0.986600683060177,4.066238427351614,/home/lmres/storage/projects/cwru-fault-detection/data/mat_files/145.mat,12000,1,1772,drive,outer_3,0.007,DE_0
0.03732360467063994,0.5831256926254478,3.372678532912987,/home/lmres/storage/projects/cwru-fault-detection/data/mat_files/145.mat,12000,1,1772,drive,outer_3,0.007,FE_0
0.03670270555912865,0.586774390336331,3.403918238588938,/home/lmres/storage/projects/cwru-fault-detection/data/mat_files/145.mat,12000,1,1772,drive,outer_3,0.007,FE_0
0.03706633847124683,0.5855904111104233,3.420317284289501,/home/lmres/storage/projects/cwru-fault-detection/data/mat_files/145.mat,12000,1,1772,drive,outer_3,0.007,FE_0
0.03739096621102837,0.5898991304843053,3.3553851378085873,/home/lmres/storage/projects/cwru-fault-detection/data/mat_files/145.mat,12000,1,1772,drive,outer_3,0.007,FE_0
0.03672574705781763,0.5915881873302409,3.405928244175231,/home/lmres/storage/projects/cwru-fault-detection/data/mat_files/145.mat,12000,1,1772,drive,outer_3,0.007,FE_0
0.03770239141687769,0.5901832573181822,3.32789324995798,/home/lmres/storage/projects/cwru-fault-detection/data/mat_files/145.mat,12000,1,1772,drive,outer_3,0.007,FE_0
0.03678689114697768,0.5915370234860259,3.3060349578387953,/home/lmres/storage/projects/cwru-fault-detection/data/mat_files/145.mat,12000,1,1772,drive,outer_3,0.007,FE_0
0.03819174455772892,0.5858401038792361,3.326268148626304,/home/lmres/storage/projects/cwru-fault-detection/data/mat_files/145.mat,12000,1,1772,drive,outer_3,0.007,FE_0
0.037277446241185945,0.5764994026700057,3.2873209450280925,/home/lmres/storage/projects/cwru-fault-detection/data/mat_files/145.mat,12000,1,1772,drive,outer_3,0.007,FE_0
0.037876383235518174,0.580298692905899,3.228070580396991,/home/lmres/storage/projects/cwru-fault-detection/data/mat_files/145.mat,12000,1,1772,drive,outer_3,0.007,FE_0
0.008221875868098572,0.38048228101501574,2.902400547219653,/home/lmres/storage/projects/cwru-fault-detection/data/mat_files/146.mat,12000,2,1750,drive,outer_3,0.007,BA_0
0.008187028555144941,0.38253770132421877,2.8610279804744265,/home/lmres/storage/projects/cwru-fault-detection/data/mat_files/146.mat,12000,2,1750,drive,outer_3,0.007,BA_0
0.008182213759111963,0.38216090538205105,2.8888813082411975,/home/lmres/storage/projects/cwru-fault-detection/data/mat_files/146.mat,12000,2,1750,drive,outer_3,0.007,BA_0
0.00823784885070582,0.38088702659556095,2.8787083054052713,/home/lmres/storage/projects/cwru-fault-detection/data/mat_files/146.mat,12000,2,1750,drive,outer_3,0.007,BA_0
0.008172910342234442,0.3818174597833688,2.8670051013088913,/home/lmres/storage/projects/cwru-fault-detection/data/mat_files/146.mat,12000,2,1750,drive,outer_3,0.007,BA_0
0.00810423598781673,0.39003864507154956,2.8668561095863203,/home/lmres/storage/projects/cwru-fault-detection/data/mat_files/146.mat,12000,2,1750,drive,outer_3,0.007,BA_0
0.008227285186990597,0.38400640826808574,2.880318021907627,/home/lmres/storage/projects/cwru-fault-detection/data/mat_files/146.mat,12000,2,1750,drive,outer_3,0.007,BA_0
0.00824054242568076,0.3827700017532243,2.8482881450745277,/home/lmres/storage/projects/cwru-fault-detection/data/mat_files/146.mat,12000,2,1750,drive,outer_3,0.007,BA_0
0.008224299168736427,0.38471797530868157,2.7952012672532613,/home/lmres/storage/projects/cwru-fault-detection/data/mat_files/146.mat,12000,2,1750,drive,outer_3,0.007,BA_0
0.00834204745827688,0.3867211268959743,2.8342610853068106,/home/lmres/storage/projects/cwru-fault-detection/data/mat_files/146.mat,12000,2,1750,drive,outer_3,0.007,BA_0
0.7284479296111167,0.986022470806691,3.9939113279259337,/home/lmres/storage/projects/cwru-fault-detection/data/mat_files/146.mat,12000,2,1750,drive,outer_3,0.007,DE_0
0.7230892872793254,0.9859351253488275,4.006334311238306,/home/lmres/storage/projects/cwru-fault-detection/data/mat_files/146.mat,12000,2,1750,drive,outer_3,0.007,DE_0
0.7170905569471188,0.9859712640315518,3.980499912737348,/home/lmres/storage/projects/cwru-fault-detection/data/mat_files/146.mat,12000,2,1750,drive,outer_3,0.007,DE_0
0.7319181631988143,0.9864608005231063,4.059216353664581,/home/lmres/storage/projects/cwru-fault-detection/data/mat_files/146.mat,12000,2,1750,drive,outer_3,0.007,DE_0
0.7255664757906227,0.9862494181434605,3.9745910806720945,/home/lmres/storage/projects/cwru-fault-detection/data/mat_files/146.mat,12000,2,1750,drive,outer_3,0.007,DE_0
0.7253574959298208,0.9864387533015502,3.9201403135144446,/home/lmres/storage/projects/cwru-fault-detection/data/mat_files/146.mat,12000,2,1750,drive,outer_3,0.007,DE_0
0.7330467877637205,0.9863868124494847,3.903982220053237,/home/lmres/storage/projects/cwru-fault-detection/data/mat_files/146.mat,12000,2,1750,drive,outer_3,0.007,DE_0
0.7295977653939398,0.9860575702881407,3.8468689239325236,/home/lmres/storage/projects/cwru-fault-detection/data/mat_files/146.mat,12000,2,1750,drive,outer_3,0.007,DE_0
0.7378807831565203,0.986365826338536,3.844277875248678,/home/lmres/storage/projects/cwru-fault-detection/data/mat_files/146.mat,12000,2,1750,drive,outer_3,0.007,DE_0
0.7532477766980409,0.9867143485231343,3.905132437595515,/home/lmres/storage/projects/cwru-fault-detection/data/mat_files/146.mat,12000,2,1750,drive,outer_3,0.007,DE_0
0.03513791326148098,0.5905454178491137,3.281992340424853,/home/lmres/storage/projects/cwru-fault-detection/data/mat_files/146.mat,12000,2,1750,drive,outer_3,0.007,FE_0
0.03544738130676997,0.5886556001510285,3.2691477923936567,/home/lmres/storage/projects/cwru-fault-detection/data/mat_files/146.mat,12000,2,1750,drive,outer_3,0.007,FE_0
0.03565112451902396,0.5960244980060945,3.3638642388704656,/home/lmres/storage/projects/cwru-fault-detection/data/mat_files/146.mat,12000,2,1750,drive,outer_3,0.007,FE_0
0.035177510254103025,0.6031370279840765,3.3374111068687244,/home/lmres/storage/projects/cwru-fault-detection/data/mat_files/146.mat,12000,2,1750,drive,outer_3,0.007,FE_0
0.034798531610549306,0.6053478132048422,3.252635575392326,/home/lmres/storage/projects/cwru-fault-detection/data/mat_files/146.mat,12000,2,1750,drive,outer_3,0.007,FE_0
0.03516551661029587,0.5912942177523007,3.2818449952831896,/home/lmres/storage/projects/cwru-fault-detection/data/mat_files/146.mat,12000,2,1750,drive,outer_3,0.007,FE_0
0.03440945632522589,0.5941050811676841,3.2540345059600253,/home/lmres/storage/projects/cwru-fault-detection/data/mat_files/146.mat,12000,2,1750,drive,outer_3,0.007,FE_0
0.034933032313738836,0.5972341032292404,3.3020588812562104,/home/lmres/storage/projects/cwru-fault-detection/data/mat_files/146.mat,12000,2,1750,drive,outer_3,0.007,FE_0
0.03479340922946446,0.5935081611257468,3.242455010716472,/home/lmres/storage/projects/cwru-fault-detection/data/mat_files/146.mat,12000,2,1750,drive,outer_3,0.007,FE_0
0.03532372705299008,0.5895215751656937,3.2569599477643414,/home/lmres/storage/projects/cwru-fault-detection/data/mat_files/146.mat,12000,2,1750,drive,outer_3,0.007,FE_0
0.009039361995327204,0.318644303446637,3.0720384099708404,/home/lmres/storage/projects/cwru-fault-detection/data/mat_files/147.mat,12000,3,1730,drive,outer_3,0.007,BA_0
0.00899437386973359,0.3176791652539684,3.0353868040688283,/home/lmres/storage/projects/cwru-fault-detection/data/mat_files/147.mat,12000,3,1730,drive,outer_3,0.007,BA_0
0.009136683937388397,0.3196008406678796,3.0842889243764793,/home/lmres/storage/projects/cwru-fault-detection/data/mat_files/147.mat,12000,3,1730,drive,outer_3,0.007,BA_0
0.008814859372313775,0.3297421287735108,3.0681564941697466,/home/lmres/storage/projects/cwru-fault-detection/data/mat_files/147.mat,12000,3,1730,drive,outer_3,0.007,BA_0
0.009068829076250874,0.3233395359561349,3.0532308128984167,/home/lmres/storage/projects/cwru-fault-detection/data/mat_files/147.mat,12000,3,1730,drive,outer_3,0.007,BA_0
0.009121236701448907,0.3178751123983736,3.1674222106624086,/home/lmres/storage/projects/cwru-fault-detection/data/mat_files/147.mat,12000,3,1730,drive,outer_3,0.007,BA_0
0.009097540939403572,0.3230032785654342,3.137768573500542,/home/lmres/storage/projects/cwru-fault-detection/data/mat_files/147.mat,12000,3,1730,drive,outer_3,0.007,BA_0
0.00917367673377057,0.32100337900509845,3.175930530508353,/home/lmres/storage/projects/cwru-fault-detection/data/mat_files/147.mat,12000,3,1730,drive,outer_3,0.007,BA_0
0.009018388652666515,0.3259753344113657,3.1206146044375522,/home/lmres/storage/projects/cwru-fault-detection/data/mat_files/147.mat,12000,3,1730,drive,outer_3,0.007,BA_0
0.009073498823846494,0.32483273955563685,3.1234587992524814,/home/lmres/storage/projects/cwru-fault-detection/data/mat_files/147.mat,12000,3,1730,drive,outer_3,0.007,BA_0
0.6237150856964768,0.9846442588857439,3.9908422506210743,/home/lmres/storage/projects/cwru-fault-detection/data/mat_files/147.mat,12000,3,1730,drive,outer_3,0.007,DE_0
0.6144531436102977,0.9845476779218439,3.9988214259332207,/home/lmres/storage/projects/cwru-fault-detection/data/mat_files/147.mat,12000,3,1730,drive,outer_3,0.007,DE_0
0.6242586241708109,0.9844128754144713,4.053073624443871,/home/lmres/storage/projects/cwru-fault-detection/data/mat_files/147.mat,12000,3,1730,drive,outer_3,0.007,DE_0
0.6251850913244071,0.9845413072642268,4.06801439816801,/home/lmres/storage/projects/cwru-fault-detection/data/mat_files/147.mat,12000,3,1730,drive,outer_3,0.007,DE_0
0.6429015590472021,0.9850027522996975,4.117010326642812,/home/lmres/storage/projects/cwru-fault-detection/data/mat_files/147.mat,12000,3,1730,drive,outer_3,0.007,DE_0
0.6371288988696988,0.9843455224418682,4.097107888873955,/home/lmres/storage/projects/cwru-fault-detection/data/mat_files/147.mat,12000,3,1730,drive,outer_3,0.007,DE_0
0.6341294471684786,0.9844157519677568,4.0919059230079045,/home/lmres/storage/projects/cwru-fault-detection/data/mat_files/147.mat,12000,3,1730,drive,outer_3,0.007,DE_0
0.6490384170845518,0.985005441663517,4.116552015284678,/home/lmres/storage/projects/cwru-fault-detection/data/mat_files/147.mat,12000,3,1730,drive,outer_3,0.007,DE_0
0.6608439260944582,0.9853619831449665,4.188242125793672,/home/lmres/storage/projects/cwru-fault-detection/data/mat_files/147.mat,12000,3,1730,drive,outer_3,0.007,DE_0
0.6490018658715551,0.9851362427887266,4.124417649283129,/home/lmres/storage/projects/cwru-fault-detection/data/mat_files/147.mat,12000,3,1730,drive,outer_3,0.007,DE_0
0.03333345723195014,0.5634328033993695,3.220031090365866,/home/lmres/storage/projects/cwru-fault-detection/data/mat_files/147.mat,12000,3,1730,drive,outer_3,0.007,FE_0
0.03257197889133388,0.567683680792323,3.2366432793447446,/home/lmres/storage/projects/cwru-fault-detection/data/mat_files/147.mat,12000,3,1730,drive,outer_3,0.007,FE_0
0.033319219937655374,0.5536436946017661,3.2217709325063555,/home/lmres/storage/projects/cwru-fault-detection/data/mat_files/147.mat,12000,3,1730,drive,outer_3,0.007,FE_0
0.033605952064365285,0.5676866131843017,3.2111822744892344,/home/lmres/storage/projects/cwru-fault-detection/data/mat_files/147.mat,12000,3,1730,drive,outer_3,0.007,FE_0
0.03310046387089118,0.5524783163611293,3.27414748923849,/home/lmres/storage/projects/cwru-fault-detection/data/mat_files/147.mat,12000,3,1730,drive,outer_3,0.007,FE_0
0.03410659369067217,0.5497670541529015,3.350633196904961,/home/lmres/storage/projects/cwru-fault-detection/data/mat_files/147.mat,12000,3,1730,drive,outer_3,0.007,FE_0
0.03365962371361955,0.5620513772516195,3.3866775214261367,/home/lmres/storage/projects/cwru-fault-detection/data/mat_files/147.mat,12000,3,1730,drive,outer_3,0.007,FE_0
0.03396212706439311,0.563866719000938,3.3993293776997695,/home/lmres/storage/projects/cwru-fault-detection/data/mat_files/147.mat,12000,3,1730,drive,outer_3,0.007,FE_0
0.03380721858660523,0.5501572269518683,3.230699148410593,/home/lmres/storage/projects/cwru-fault-detection/data/mat_files/147.mat,12000,3,1730,drive,outer_3,0.007,FE_0
0.03318909035161157,0.5572352016845573,3.291198904576198,/home/lmres/storage/projects/cwru-fault-detection/data/mat_files/147.mat,12000,3,1730,drive,outer_3,0.007,FE_0
0.02095521834948561,0.060154294935739365,4.344764782995449,/home/lmres/storage/projects/cwru-fault-detection/data/mat_files/246.mat,12000,0,1797,drive,outer_3,0.021,BA_0
0.020267834848189583,0.061381248854737266,4.278724296341628,/home/lmres/storage/projects/cwru-fault-detection/data/mat_files/246.mat,12000,0,1797,drive,outer_3,0.021,BA_0
0.0200500898067124,0.06222799614505052,4.2790623411635815,/home/lmres/storage/projects/cwru-fault-detection/data/mat_files/246.mat,12000,0,1797,drive,outer_3,0.021,BA_0
0.020184621462842296,0.062010140577438005,4.304850079505058,/home/lmres/storage/projects/cwru-fault-detection/data/mat_files/246.mat,12000,0,1797,drive,outer_3,0.021,BA_0
0.019921315386077228,0.0625553556674773,4.367001157646387,/home/lmres/storage/projects/cwru-fault-detection/data/mat_files/246.mat,12000,0,1797,drive,outer_3,0.021,BA_0
0.02038687002648785,0.060909268294666,4.346168183199817,/home/lmres/storage/projects/cwru-fault-detection/data/mat_files/246.mat,12000,0,1797,drive,outer_3,0.021,BA_0
0.020099680037044602,0.060996889661392176,4.239575962305268,/home/lmres/storage/projects/cwru-fault-detection/data/mat_files/246.mat,12000,0,1797,drive,outer_3,0.021,BA_0
0.019704338101303235,0.06117867512397049,4.16024005829257,/home/lmres/storage/projects/cwru-fault-detection/data/mat_files/246.mat,12000,0,1797,drive,outer_3,0.021,BA_0
0.019914954120645114,0.060977682068076244,4.191459185574399,/home/lmres/storage/projects/cwru-fault-detection/data/mat_files/246.mat,12000,0,1797,drive,outer_3,0.021,BA_0
0.01998942808292402,0.0603864364341052,4.3356572911542575,/home/lmres/storage/projects/cwru-fault-detection/data/mat_files/246.mat,12000,0,1797,drive,outer_3,0.021,BA_0
0.09937702292118941,0.4805679562249043,6.789613881990996,/home/lmres/storage/projects/cwru-fault-detection/data/mat_files/246.mat,12000,0,1797,drive,outer_3,0.021,DE_0
0.10093969642841004,0.497800597672383,6.58501112063017,/home/lmres/storage/projects/cwru-fault-detection/data/mat_files/246.mat,12000,0,1797,drive,outer_3,0.021,DE_0
0.09917488282075063,0.4891574506658963,6.844335883944016,/home/lmres/storage/projects/cwru-fault-detection/data/mat_files/246.mat,12000,0,1797,drive,outer_3,0.021,DE_0
0.10172689697413367,0.5011334527330393,7.9625200710029995,/home/lmres/storage/projects/cwru-fault-detection/data/mat_files/246.mat,12000,0,1797,drive,outer_3,0.021,DE_0
0.10136931725570202,0.5070883321789812,7.424005636959578,/home/lmres/storage/projects/cwru-fault-detection/data/mat_files/246.mat,12000,0,1797,drive,outer_3,0.021,DE_0
0.09980088338843864,0.4962012161417742,6.815648223802488,/home/lmres/storage/projects/cwru-fault-detection/data/mat_files/246.mat,12000,0,1797,drive,outer_3,0.021,DE_0
0.09846538401897609,0.4760518557316718,6.567655038725346,/home/lmres/storage/projects/cwru-fault-detection/data/mat_files/246.mat,12000,0,1797,drive,outer_3,0.021,DE_0
0.09615765684942797,0.47838233171985883,6.541048627208375,/home/lmres/storage/projects/cwru-fault-detection/data/mat_files/246.mat,12000,0,1797,drive,outer_3,0.021,DE_0
0.10093176412681161,0.5051625573948826,7.216234994193627,/home/lmres/storage/projects/cwru-fault-detection/data/mat_files/246.mat,12000,0,1797,drive,outer_3,0.021,DE_0
0.094644275362993,0.46519961596812825,6.529760643633026,/home/lmres/storage/projects/cwru-fault-detection/data/mat_files/246.mat,12000,0,1797,drive,outer_3,0.021,DE_0
0.05061721510644628,0.3151899484490235,4.51634732538644,/home/lmres/storage/projects/cwru-fault-detection/data/mat_files/246.mat,12000,0,1797,drive,outer_3,0.021,FE_0
0.050407129049976844,0.3343478976618632,4.623529775118362,/home/lmres/storage/projects/cwru-fault-detection/data/mat_files/246.mat,12000,0,1797,drive,outer_3,0.021,FE_0
0.05091790234310385,0.32578965074651384,4.660655834665064,/home/lmres/storage/projects/cwru-fault-detection/data/mat_files/246.mat,12000,0,1797,drive,outer_3,0.021,FE_0
0.0511137622667212,0.3170151681743933,4.60475326052594,/home/lmres/storage/projects/cwru-fault-detection/data/mat_files/246.mat,12000,0,1797,drive,outer_3,0.021,FE_0
0.0509465585153157,0.33740754794634614,4.754426706676417,/home/lmres/storage/projects/cwru-fault-detection/data/mat_files/246.mat,12000,0,1797,drive,outer_3,0.021,FE_0
0.05013848503489256,0.3248010990861201,4.7225599834700285,/home/lmres/storage/projects/cwru-fault-detection/data/mat_files/246.mat,12000,0,1797,drive,outer_3,0.021,FE_0
0.050224694171549025,0.30665848118126404,4.428104771816115,/home/lmres/storage/projects/cwru-fault-detection/data/mat_files/246.mat,12000,0,1797,drive,outer_3,0.021,FE_0
0.05096615443830109,0.3054390838491944,4.394521386801032,/home/lmres/storage/projects/cwru-fault-detection/data/mat_files/246.mat,12000,0,1797,drive,outer_3,0.021,FE_0
0.0492159336035931,0.329722380922673,4.612288551902337,/home/lmres/storage/projects/cwru-fault-detection/data/mat_files/246.mat,12000,0,1797,drive,outer_3,0.021,FE_0
0.05218234200817603,0.3162735158591504,4.6403509358317745,/home/lmres/storage/projects/cwru-fault-detection/data/mat_files/246.mat,12000,0,1797,drive,outer_3,0.021,FE_0
0.017712198849162558,0.05865143367547646,4.58860994596383,/home/lmres/storage/projects/cwru-fault-detection/data/mat_files/247.mat,12000,1,1772,drive,outer_3,0.021,BA_0
0.016724940744316717,0.05811969883045394,4.6696682814641735,/home/lmres/storage/projects/cwru-fault-detection/data/mat_files/247.mat,12000,1,1772,drive,outer_3,0.021,BA_0
0.017554084508619158,0.055184240118629074,4.833676514890636,/home/lmres/storage/projects/cwru-fault-detection/data/mat_files/247.mat,12000,1,1772,drive,outer_3,0.021,BA_0
0.01694769996881928,0.058380194641652054,4.705600033806034,/home/lmres/storage/projects/cwru-fault-detection/data/mat_files/247.mat,12000,1,1772,drive,outer_3,0.021,BA_0
0.01719110693613824,0.056685560859465155,4.875248689079335,/home/lmres/storage/projects/cwru-fault-detection/data/mat_files/247.mat,12000,1,1772,drive,outer_3,0.021,BA_0
0.017130015027800927,0.056725528158773984,4.956696804749808,/home/lmres/storage/projects/cwru-fault-detection/data/mat_files/247.mat,12000,1,1772,drive,outer_3,0.021,BA_0
0.017459655787709246,0.05674512907550516,4.6551693882441185,/home/lmres/storage/projects/cwru-fault-detection/data/mat_files/247.mat,12000,1,1772,drive,outer_3,0.021,BA_0
0.016587231904927585,0.057556185113948714,4.455697069018838,/home/lmres/storage/projects/cwru-fault-detection/data/mat_files/247.mat,12000,1,1772,drive,outer_3,0.021,BA_0
0.017258885877722095,0.057182527739630215,4.775948416603958,/home/lmres/storage/projects/cwru-fault-detection/data/mat_files/247.mat,12000,1,1772,drive,outer_3,0.021,BA_0
0.017126937530253156,0.05691389027639478,4.788017072959107,/home/lmres/storage/projects/cwru-fault-detection/data/mat_files/247.mat,12000,1,1772,drive,outer_3,0.021,BA_0
0.08346797379539159,0.523626756618293,6.734461582010764,/home/lmres/storage/projects/cwru-fault-detection/data/mat_files/247.mat,12000,1,1772,drive,outer_3,0.021,DE_0
0.08057666293881154,0.5267516688335839,6.852860816818061,/home/lmres/storage/projects/cwru-fault-detection/data/mat_files/247.mat,12000,1,1772,drive,outer_3,0.021,DE_0
0.0795261537961148,0.5225573585476629,6.983070253217336,/home/lmres/storage/projects/cwru-fault-detection/data/mat_files/247.mat,12000,1,1772,drive,outer_3,0.021,DE_0
0.08268624643790302,0.541063101498003,7.463610409751574,/home/lmres/storage/projects/cwru-fault-detection/data/mat_files/247.mat,12000,1,1772,drive,outer_3,0.021,DE_0
0.08149137980539022,0.5380107006338968,7.381965130571314,/home/lmres/storage/projects/cwru-fault-detection/data/mat_files/247.mat,12000,1,1772,drive,outer_3,0.021,DE_0
0.07988161568238096,0.5249392279252708,7.3127423369764,/home/lmres/storage/projects/cwru-fault-detection/data/mat_files/247.mat,12000,1,1772,drive,outer_3,0.021,DE_0
0.08080621746757549,0.5081178291373909,6.725688161070431,/home/lmres/storage/projects/cwru-fault-detection/data/mat_files/247.mat,12000,1,1772,drive,outer_3,0.021,DE_0
0.07754420611412079,0.5298032481900495,6.9415938306547975,/home/lmres/storage/projects/cwru-fault-detection/data/mat_files/247.mat,12000,1,1772,drive,outer_3,0.021,DE_0
0.08256884107742696,0.5371821726652038,7.318738179429568,/home/lmres/storage/projects/cwru-fault-detection/data/mat_files/247.mat,12000,1,1772,drive,outer_3,0.021,DE_0
0.07729619163995799,0.5191721316366287,7.146354607688817,/home/lmres/storage/projects/cwru-fault-detection/data/mat_files/247.mat,12000,1,1772,drive,outer_3,0.021,DE_0
0.050005391658419836,0.3361313512824669,5.583381393222294,/home/lmres/storage/projects/cwru-fault-detection/data/mat_files/247.mat,12000,1,1772,drive,outer_3,0.021,FE_0
0.05134635667215922,0.3431048636158059,6.31341787238277,/home/lmres/storage/projects/cwru-fault-detection/data/mat_files/247.mat,12000,1,1772,drive,outer_3,0.021,FE_0
0.04803785867054297,0.3440639767777892,5.774930949180547,/home/lmres/storage/projects/cwru-fault-detection/data/mat_files/247.mat,12000,1,1772,drive,outer_3,0.021,FE_0
0.047292242646558943,0.36021772756659703,5.623059642304499,/home/lmres/storage/projects/cwru-fault-detection/data/mat_files/247.mat,12000,1,1772,drive,outer_3,0.021,FE_0
0.05141971654351488,0.33318308724830764,6.120138764658883,/home/lmres/storage/projects/cwru-fault-detection/data/mat_files/247.mat,12000,1,1772,drive,outer_3,0.021,FE_0
0.048630981984904405,0.3358991344766619,5.844853659692174,/home/lmres/storage/projects/cwru-fault-detection/data/mat_files/247.mat,12000,1,1772,drive,outer_3,0.021,FE_0
0.04982590716824738,0.3391686186777423,5.8402680742523785,/home/lmres/storage/projects/cwru-fault-detection/data/mat_files/247.mat,12000,1,1772,drive,outer_3,0.021,FE_0
0.049749614932976846,0.3362582315104941,6.46535936140639,/home/lmres/storage/projects/cwru-fault-detection/data/mat_files/247.mat,12000,1,1772,drive,outer_3,0.021,FE_0
0.04926298559570715,0.36331405558872504,5.807043283095325,/home/lmres/storage/projects/cwru-fault-detection/data/mat_files/247.mat,12000,1,1772,drive,outer_3,0.021,FE_0
0.04519337477401432,0.3573816927628533,6.125546840297478,/home/lmres/storage/projects/cwru-fault-detection/data/mat_files/247.mat,12000,1,1772,drive,outer_3,0.021,FE_0
0.01698263434938448,0.05221806584947712,4.66616812467838,/home/lmres/storage/projects/cwru-fault-detection/data/mat_files/248.mat,12000,2,1750,drive,outer_3,0.021,BA_0
0.01730467000866141,0.05445564587751049,4.870031386306569,/home/lmres/storage/projects/cwru-fault-detection/data/mat_files/248.mat,12000,2,1750,drive,outer_3,0.021,BA_0
0.017273441840917038,0.053505213425086885,4.784699534112504,/home/lmres/storage/projects/cwru-fault-detection/data/mat_files/248.mat,12000,2,1750,drive,outer_3,0.021,BA_0
0.0173283852497314,0.05365122077394689,4.805973881236689,/home/lmres/storage/projects/cwru-fault-detection/data/mat_files/248.mat,12000,2,1750,drive,outer_3,0.021,BA_0
0.016942467314795786,0.05406291876241234,4.72658480123076,/home/lmres/storage/projects/cwru-fault-detection/data/mat_files/248.mat,12000,2,1750,drive,outer_3,0.021,BA_0
0.017106449293430238,0.056139566570701946,4.86598313061809,/home/lmres/storage/projects/cwru-fault-detection/data/mat_files/248.mat,12000,2,1750,drive,outer_3,0.021,BA_0
0.016696171816017017,0.05570980679755463,4.709151753442455,/home/lmres/storage/projects/cwru-fault-detection/data/mat_files/248.mat,12000,2,1750,drive,outer_3,0.021,BA_0
0.01678951339297301,0.05444510667913496,5.05806701289408,/home/lmres/storage/projects/cwru-fault-detection/data/mat_files/248.mat,12000,2,1750,drive,outer_3,0.021,BA_0
0.016376789435622693,0.05722736340694583,4.77479764188469,/home/lmres/storage/projects/cwru-fault-detection/data/mat_files/248.mat,12000,2,1750,drive,outer_3,0.021,BA_0
0.0162989755535831,0.05552071450916972,4.761511752247229,/home/lmres/storage/projects/cwru-fault-detection/data/mat_files/248.mat,12000,2,1750,drive,outer_3,0.021,BA_0
0.07740681072336286,0.523577666571416,7.2377609364230695,/home/lmres/storage/projects/cwru-fault-detection/data/mat_files/248.mat,12000,2,1750,drive,outer_3,0.021,DE_0
0.07809201250481003,0.519386097855263,6.705135715303967,/home/lmres/storage/projects/cwru-fault-detection/data/mat_files/248.mat,12000,2,1750,drive,outer_3,0.021,DE_0
0.07574301334457076,0.5203605428923374,6.67514309384069,/home/lmres/storage/projects/cwru-fault-detection/data/mat_files/248.mat,12000,2,1750,drive,outer_3,0.021,DE_0
0.07839569548873304,0.5213330203576383,6.476696420875627,/home/lmres/storage/projects/cwru-fault-detection/data/mat_files/248.mat,12000,2,1750,drive,outer_3,0.021,DE_0
0.07938252503614816,0.5061346864470563,6.819905872441435,/home/lmres/storage/projects/cwru-fault-detection/data/mat_files/248.mat,12000,2,1750,drive,outer_3,0.021,DE_0
0.0811140831256103,0.5401028513779236,7.425980174435531,/home/lmres/storage/projects/cwru-fault-detection/data/mat_files/248.mat,12000,2,1750,drive,outer_3,0.021,DE_0
0.07957825060019527,0.5219337414704898,6.6093041455141845,/home/lmres/storage/projects/cwru-fault-detection/data/mat_files/248.mat,12000,2,1750,drive,outer_3,0.021,DE_0
0.0762855107309526,0.5321637593768397,6.967497553364691,/home/lmres/storage/projects/cwru-fault-detection/data/mat_files/248.mat,12000,2,1750,drive,outer_3,0.021,DE_0
0.07454239110134607,0.5054708545012534,6.345918337845786,/home/lmres/storage/projects/cwru-fault-detection/data/mat_files/248.mat,12000,2,1750,drive,outer_3,0.021,DE_0
0.07589159466496843,0.5156805056607472,7.060864901669431,/home/lmres/storage/projects/cwru-fault-detection/data/mat_files/248.mat,12000,2,1750,drive,outer_3,0.021,DE_0
0.04883108571557162,0.29883907934012893,5.823756063316006,/home/lmres/storage/projects/cwru-fault-detection/data/mat_files/248.mat,12000,2,1750,drive,outer_3,0.021,FE_0
0.05248394637913801,0.3125942063448188,5.910045026228649,/home/lmres/storage/projects/cwru-fault-detection/data/mat_files/248.mat,12000,2,1750,drive,outer_3,0.021,FE_0
0.05022688156456638,0.30808986361443513,5.294157407339613,/home/lmres/storage/projects/cwru-fault-detection/data/mat_files/248.mat,12000,2,1750,drive,outer_3,0.021,FE_0
0.05039732591229034,0.31237246184381656,5.510718627608108,/home/lmres/storage/projects/cwru-fault-detection/data/mat_files/248.mat,12000,2,1750,drive,outer_3,0.021,FE_0
0.0483895383107033,0.32706163185788056,6.165457352802127,/home/lmres/storage/projects/cwru-fault-detection/data/mat_files/248.mat,12000,2,1750,drive,outer_3,0.021,FE_0
0.05031568752536584,0.32525734107856247,6.2529270583089644,/home/lmres/storage/projects/cwru-fault-detection/data/mat_files/248.mat,12000,2,1750,drive,outer_3,0.021,FE_0
0.05339224285411818,0.3168539804200556,6.172938964322044,/home/lmres/storage/projects/cwru-fault-detection/data/mat_files/248.mat,12000,2,1750,drive,outer_3,0.021,FE_0
0.0530316344397022,0.30392998167753027,5.68170498995769,/home/lmres/storage/projects/cwru-fault-detection/data/mat_files/248.mat,12000,2,1750,drive,outer_3,0.021,FE_0
0.05180264785740081,0.3199771136638047,5.702184420065581,/home/lmres/storage/projects/cwru-fault-detection/data/mat_files/248.mat,12000,2,1750,drive,outer_3,0.021,FE_0
0.04910492571464875,0.3234057098897676,5.930098031414314,/home/lmres/storage/projects/cwru-fault-detection/data/mat_files/248.mat,12000,2,1750,drive,outer_3,0.021,FE_0
0.017615023118203434,0.04720816413561266,4.731696934642497,/home/lmres/storage/projects/cwru-fault-detection/data/mat_files/249.mat,12000,3,1730,drive,outer_3,0.021,BA_0
0.017308082955828457,0.04805118459859429,4.757491931882606,/home/lmres/storage/projects/cwru-fault-detection/data/mat_files/249.mat,12000,3,1730,drive,outer_3,0.021,BA_0
0.017384448290081744,0.04765144457114639,4.697192152782294,/home/lmres/storage/projects/cwru-fault-detection/data/mat_files/249.mat,12000,3,1730,drive,outer_3,0.021,BA_0
0.017690831816441602,0.044632669457193457,4.631191773215054,/home/lmres/storage/projects/cwru-fault-detection/data/mat_files/249.mat,12000,3,1730,drive,outer_3,0.021,BA_0
0.017945810277022294,0.046559099587972726,4.6061081288351104,/home/lmres/storage/projects/cwru-fault-detection/data/mat_files/249.mat,12000,3,1730,drive,outer_3,0.021,BA_0
0.01750536585346243,0.047383067303647594,4.775824589381011,/home/lmres/storage/projects/cwru-fault-detection/data/mat_files/249.mat,12000,3,1730,drive,outer_3,0.021,BA_0
0.017382870650484283,0.04612073844456102,4.761372894295464,/home/lmres/storage/projects/cwru-fault-detection/data/mat_files/249.mat,12000,3,1730,drive,outer_3,0.021,BA_0
0.017640627770697182,0.04840362837414711,4.605528746456559,/home/lmres/storage/projects/cwru-fault-detection/data/mat_files/249.mat,12000,3,1730,drive,outer_3,0.021,BA_0
0.01729078832045896,0.04510043908084008,4.601737586981519,/home/lmres/storage/projects/cwru-fault-detection/data/mat_files/249.mat,12000,3,1730,drive,outer_3,0.021,BA_0
0.017688938651300418,0.045591120946856634,4.682730705949685,/home/lmres/storage/projects/cwru-fault-detection/data/mat_files/249.mat,12000,3,1730,drive,outer_3,0.021,BA_0
0.07549781923194769,0.4685703202356358,6.009282760834248,/home/lmres/storage/projects/cwru-fault-detection/data/mat_files/249.mat,12000,3,1730,drive,outer_3,0.021,DE_0
0.08196455326743758,0.49687990687725236,6.7012462358592195,/home/lmres/storage/projects/cwru-fault-detection/data/mat_files/249.mat,12000,3,1730,drive,outer_3,0.021,DE_0
0.08018346387666687,0.5196485702528235,7.0162646167756915,/home/lmres/storage/projects/cwru-fault-detection/data/mat_files/249.mat,12000,3,1730,drive,outer_3,0.021,DE_0
0.0766589342236871,0.47497786692778404,6.2516980151927335,/home/lmres/storage/projects/cwru-fault-detection/data/mat_files/249.mat,12000,3,1730,drive,outer_3,0.021,DE_0
0.07770597932979338,0.4806351576179942,5.8533558556555985,/home/lmres/storage/projects/cwru-fault-detection/data/mat_files/249.mat,12000,3,1730,drive,outer_3,0.021,DE_0
0.07807192165019206,0.4780263061745665,6.010300065967704,/home/lmres/storage/projects/cwru-fault-detection/data/mat_files/249.mat,12000,3,1730,drive,outer_3,0.021,DE_0
0.07687007189183831,0.47690165545446844,6.027703541901469,/home/lmres/storage/projects/cwru-fault-detection/data/mat_files/249.mat,12000,3,1730,drive,outer_3,0.021,DE_0
0.07863000744199561,0.5006122056251325,7.2524847201607106,/home/lmres/storage/projects/cwru-fault-detection/data/mat_files/249.mat,12000,3,1730,drive,outer_3,0.021,DE_0
0.0742861528090189,0.4743419199601464,6.393772015872996,/home/lmres/storage/projects/cwru-fault-detection/data/mat_files/249.mat,12000,3,1730,drive,outer_3,0.021,DE_0
0.07496361217195219,0.4668613730882768,6.1191993588818345,/home/lmres/storage/projects/cwru-fault-detection/data/mat_files/249.mat,12000,3,1730,drive,outer_3,0.021,DE_0
0.04821201183235785,0.27612144280222134,5.637643029261821,/home/lmres/storage/projects/cwru-fault-detection/data/mat_files/249.mat,12000,3,1730,drive,outer_3,0.021,FE_0
0.048958856501481816,0.29664489665986044,5.880862178615755,/home/lmres/storage/projects/cwru-fault-detection/data/mat_files/249.mat,12000,3,1730,drive,outer_3,0.021,FE_0
0.04870709625971239,0.30624152612051553,5.846193758014366,/home/lmres/storage/projects/cwru-fault-detection/data/mat_files/249.mat,12000,3,1730,drive,outer_3,0.021,FE_0
0.04734237132394656,0.2879888452249415,5.640878575403545,/home/lmres/storage/projects/cwru-fault-detection/data/mat_files/249.mat,12000,3,1730,drive,outer_3,0.021,FE_0
0.04855181814223911,0.28665126738828806,5.829736882547908,/home/lmres/storage/projects/cwru-fault-detection/data/mat_files/249.mat,12000,3,1730,drive,outer_3,0.021,FE_0
0.04831934793731129,0.2930214066878428,5.867978566787127,/home/lmres/storage/projects/cwru-fault-detection/data/mat_files/249.mat,12000,3,1730,drive,outer_3,0.021,FE_0
0.048292464024911566,0.2912312553381707,6.128713015089433,/home/lmres/storage/projects/cwru-fault-detection/data/mat_files/249.mat,12000,3,1730,drive,outer_3,0.021,FE_0
0.05074406939826088,0.2882414959197751,5.817516965304827,/home/lmres/storage/projects/cwru-fault-detection/data/mat_files/249.mat,12000,3,1730,drive,outer_3,0.021,FE_0
0.04724105222858016,0.27855642938855524,6.020775780889657,/home/lmres/storage/projects/cwru-fault-detection/data/mat_files/249.mat,12000,3,1730,drive,outer_3,0.021,FE_0
0.04751340677084159,0.2766186704653869,5.5113902496603036,/home/lmres/storage/projects/cwru-fault-detection/data/mat_files/249.mat,12000,3,1730,drive,outer_3,0.021,FE_0
0.0015415608708322381,0.45570991478274225,2.8205038318250115,/home/lmres/storage/projects/cwru-fault-detection/data/mat_files/156.mat,12000,0,1797,drive,outer_12,0.007,BA_0
0.0015478427877608544,0.4583779240672861,2.8866953123994534,/home/lmres/storage/projects/cwru-fault-detection/data/mat_files/156.mat,12000,0,1797,drive,outer_12,0.007,BA_0
0.001741792256225023,0.405727806722001,2.8871948779794216,/home/lmres/storage/projects/cwru-fault-detection/data/mat_files/156.mat,12000,0,1797,drive,outer_12,0.007,BA_0
0.001579659198282426,0.4351391007421741,3.0224901410576885,/home/lmres/storage/projects/cwru-fault-detection/data/mat_files/156.mat,12000,0,1797,drive,outer_12,0.007,BA_0
0.0015348984379509763,0.44666921262518516,2.89542131870544,/home/lmres/storage/projects/cwru-fault-detection/data/mat_files/156.mat,12000,0,1797,drive,outer_12,0.007,BA_0
0.0015348534102175456,0.46205654148119085,2.8875009262469686,/home/lmres/storage/projects/cwru-fault-detection/data/mat_files/156.mat,12000,0,1797,drive,outer_12,0.007,BA_0
0.001730255045650331,0.4123900847918081,2.8960822804222794,/home/lmres/storage/projects/cwru-fault-detection/data/mat_files/156.mat,12000,0,1797,drive,outer_12,0.007,BA_0
0.0015699447943046223,0.4440054090514342,3.0378380259880746,/home/lmres/storage/projects/cwru-fault-detection/data/mat_files/156.mat,12000,0,1797,drive,outer_12,0.007,BA_0
0.0015588319150193067,0.4483798749490963,2.9697139610416876,/home/lmres/storage/projects/cwru-fault-detection/data/mat_files/156.mat,12000,0,1797,drive,outer_12,0.007,BA_0
0.0015196587723947453,0.4650841485076407,2.8820969939551766,/home/lmres/storage/projects/cwru-fault-detection/data/mat_files/156.mat,12000,0,1797,drive,outer_12,0.007,BA_0
0.054241045366255757,0.9637704939238045,7.41078563504678,/home/lmres/storage/projects/cwru-fault-detection/data/mat_files/156.mat,12000,0,1797,drive,outer_12,0.007,DE_0
0.05346008691663629,0.9639320430160784,8.17067689437429,/home/lmres/storage/projects/cwru-fault-detection/data/mat_files/156.mat,12000,0,1797,drive,outer_12,0.007,DE_0
0.06286998284810791,0.9652622869918113,7.280704738882978,/home/lmres/storage/projects/cwru-fault-detection/data/mat_files/156.mat,12000,0,1797,drive,outer_12,0.007,DE_0
0.059664486559444355,0.9683334734362806,7.435459877785285,/home/lmres/storage/projects/cwru-fault-detection/data/mat_files/156.mat,12000,0,1797,drive,outer_12,0.007,DE_0
0.05229491265423159,0.9646687551318776,7.8612476426527484,/home/lmres/storage/projects/cwru-fault-detection/data/mat_files/156.mat,12000,0,1797,drive,outer_12,0.007,DE_0
0.05128080818128989,0.9650730445609914,8.176154605076032,/home/lmres/storage/projects/cwru-fault-detection/data/mat_files/156.mat,12000,0,1797,drive,outer_12,0.007,DE_0
0.06149860717194713,0.9660828309338118,8.207127930144672,/home/lmres/storage/projects/cwru-fault-detection/data/mat_files/156.mat,12000,0,1797,drive,outer_12,0.007,DE_0
0.06239823920069607,0.9706569073953318,8.146991112361787,/home/lmres/storage/projects/cwru-fault-detection/data/mat_files/156.mat,12000,0,1797,drive,outer_12,0.007,DE_0
0.0525563717430395,0.966386838024852,8.923121040890925,/home/lmres/storage/projects/cwru-fault-detection/data/mat_files/156.mat,12000,0,1797,drive,outer_12,0.007,DE_0
0.05074169518346117,0.9657702526048704,8.69209347531094,/home/lmres/storage/projects/cwru-fault-detection/data/mat_files/156.mat,12000,0,1797,drive,outer_12,0.007,DE_0
0.01826621154814711,0.5981923543931511,5.48755255190788,/home/lmres/storage/projects/cwru-fault-detection/data/mat_files/156.mat,12000,0,1797,drive,outer_12,0.007,FE_0
0.015786864083586774,0.5911429580725764,3.800069248645062,/home/lmres/storage/projects/cwru-fault-detection/data/mat_files/156.mat,12000,0,1797,drive,outer_12,0.007,FE_0
0.016473847448547106,0.5879951866736711,3.773200730303994,/home/lmres/storage/projects/cwru-fault-detection/data/mat_files/156.mat,12000,0,1797,drive,outer_12,0.007,FE_0
0.01869287736593581,0.6220607209023861,5.256290607603871,/home/lmres/storage/projects/cwru-fault-detection/data/mat_files/156.mat,12000,0,1797,drive,outer_12,0.007,FE_0
0.018051112755146554,0.5917671405313434,5.388090923535657,/home/lmres/storage/projects/cwru-fault-detection/data/mat_files/156.mat,12000,0,1797,drive,outer_12,0.007,FE_0
0.016309107315639396,0.6015282965135272,3.5583033715938286,/home/lmres/storage/projects/cwru-fault-detection/data/mat_files/156.mat,12000,0,1797,drive,outer_12,0.007,FE_0
0.017576565027078786,0.6008812951407992,3.7720776874223425,/home/lmres/storage/projects/cwru-fault-detection/data/mat_files/156.mat,12000,0,1797,drive,outer_12,0.007,FE_0
0.01937364543949311,0.6067674353805804,4.959885865299618,/home/lmres/storage/projects/cwru-fault-detection/data/mat_files/156.mat,12000,0,1797,drive,outer_12,0.007,FE_0
0.018993031836294763,0.6086036733981885,5.90206633356039,/home/lmres/storage/projects/cwru-fault-detection/data/mat_files/156.mat,12000,0,1797,drive,outer_12,0.007,FE_0
0.016687308253222864,0.6098174727995219,4.8577573594092,/home/lmres/storage/projects/cwru-fault-detection/data/mat_files/156.mat,12000,0,1797,drive,outer_12,0.007,FE_0
0.0018332727012564244,0.4065924289924288,2.8672484987288915,/home/lmres/storage/projects/cwru-fault-detection/data/mat_files/158.mat,12000,1,1772,drive,outer_12,0.007,BA_0
0.001614095007389795,0.44597013046455725,2.8719838678571907,/home/lmres/storage/projects/cwru-fault-detection/data/mat_files/158.mat,12000,1,1772,drive,outer_12,0.007,BA_0
0.001604143275071497,0.44782539447992165,2.795649673489956,/home/lmres/storage/projects/cwru-fault-detection/data/mat_files/158.mat,12000,1,1772,drive,outer_12,0.007,BA_0
0.0017308757815622186,0.4232552748179062,2.8384383142338288,/home/lmres/storage/projects/cwru-fault-detection/data/mat_files/158.mat,12000,1,1772,drive,outer_12,0.007,BA_0
0.0018595337212106262,0.3984718508934689,2.9320301321712345,/home/lmres/storage/projects/cwru-fault-detection/data/mat_files/158.mat,12000,1,1772,drive,outer_12,0.007,BA_0
0.0016019818685811132,0.44297596290860103,2.935992075820863,/home/lmres/storage/projects/cwru-fault-detection/data/mat_files/158.mat,12000,1,1772,drive,outer_12,0.007,BA_0
0.0016205571195775223,0.4388059236819852,2.8553253599694663,/home/lmres/storage/projects/cwru-fault-detection/data/mat_files/158.mat,12000,1,1772,drive,outer_12,0.007,BA_0
0.0017325202361855195,0.42520194420498564,2.854900321655034,/home/lmres/storage/projects/cwru-fault-detection/data/mat_files/158.mat,12000,1,1772,drive,outer_12,0.007,BA_0
0.0017787693583707247,0.37784995674002414,3.016547196203697,/home/lmres/storage/projects/cwru-fault-detection/data/mat_files/158.mat,12000,1,1772,drive,outer_12,0.007,BA_0
0.0015534700983049004,0.3062439256893451,3.137046635046991,/home/lmres/storage/projects/cwru-fault-detection/data/mat_files/158.mat,12000,1,1772,drive,outer_12,0.007,BA_0
0.06242508409630208,0.966915964114407,6.828370774913622,/home/lmres/storage/projects/cwru-fault-detection/data/mat_files/158.mat,12000,1,1772,drive,outer_12,0.007,DE_0
0.055879149359886006,0.9654848605615105,7.102649872409348,/home/lmres/storage/projects/cwru-fault-detection/data/mat_files/158.mat,12000,1,1772,drive,outer_12,0.007,DE_0
0.05143000747318383,0.965578535136214,8.120677869367695,/home/lmres/storage/projects/cwru-fault-detection/data/mat_files/158.mat,12000,1,1772,drive,outer_12,0.007,DE_0
0.053028050678619786,0.963259909826492,8.966887005396535,/home/lmres/storage/projects/cwru-fault-detection/data/mat_files/158.mat,12000,1,1772,drive,outer_12,0.007,DE_0
0.058798914831799824,0.9637657602916608,7.626247190317333,/home/lmres/storage/projects/cwru-fault-detection/data/mat_files/158.mat,12000,1,1772,drive,outer_12,0.007,DE_0
0.053772684084533895,0.9645464107769591,8.388109945522475,/home/lmres/storage/projects/cwru-fault-detection/data/mat_files/158.mat,12000,1,1772,drive,outer_12,0.007,DE_0
0.04869097799994368,0.9623796431143178,8.62055680971927,/home/lmres/storage/projects/cwru-fault-detection/data/mat_files/158.mat,12000,1,1772,drive,outer_12,0.007,DE_0
0.05554195260190708,0.9648283216662221,8.257713390385687,/home/lmres/storage/projects/cwru-fault-detection/data/mat_files/158.mat,12000,1,1772,drive,outer_12,0.007,DE_0
0.06720545154583103,0.9664541956850731,7.5554902305476555,/home/lmres/storage/projects/cwru-fault-detection/data/mat_files/158.mat,12000,1,1772,drive,outer_12,0.007,DE_0
0.0750080964033446,0.9687583368661745,7.984355292395428,/home/lmres/storage/projects/cwru-fault-detection/data/mat_files/158.mat,12000,1,1772,drive,outer_12,0.007,DE_0
0.019856526734052613,0.6278703787607047,4.834879943191302,/home/lmres/storage/projects/cwru-fault-detection/data/mat_files/158.mat,12000,1,1772,drive,outer_12,0.007,FE_0
0.020489074086162257,0.6601068986746697,5.78089406188275,/home/lmres/storage/projects/cwru-fault-detection/data/mat_files/158.mat,12000,1,1772,drive,outer_12,0.007,FE_0
0.01881377013527245,0.631818019968312,4.234424953816521,/home/lmres/storage/projects/cwru-fault-detection/data/mat_files/158.mat,12000,1,1772,drive,outer_12,0.007,FE_0
0.018642254278496417,0.6365232753284122,3.938715946524647,/home/lmres/storage/projects/cwru-fault-detection/data/mat_files/158.mat,12000,1,1772,drive,outer_12,0.007,FE_0
0.020144812566652064,0.6369411249113058,4.600592967324156,/home/lmres/storage/projects/cwru-fault-detection/data/mat_files/158.mat,12000,1,1772,drive,outer_12,0.007,FE_0
0.021968778548270246,0.6432528354420484,6.77347165063321,/home/lmres/storage/projects/cwru-fault-detection/data/mat_files/158.mat,12000,1,1772,drive,outer_12,0.007,FE_0
0.018879861058149587,0.6311726984571298,5.05726636293664,/home/lmres/storage/projects/cwru-fault-detection/data/mat_files/158.mat,12000,1,1772,drive,outer_12,0.007,FE_0
0.01781070624736749,0.6319798810204756,4.099768462422152,/home/lmres/storage/projects/cwru-fault-detection/data/mat_files/158.mat,12000,1,1772,drive,outer_12,0.007,FE_0
0.01962708633141432,0.6257176851009961,5.96346411701992,/home/lmres/storage/projects/cwru-fault-detection/data/mat_files/158.mat,12000,1,1772,drive,outer_12,0.007,FE_0
0.02153377725391625,0.6097256580343599,6.35424722400129,/home/lmres/storage/projects/cwru-fault-detection/data/mat_files/158.mat,12000,1,1772,drive,outer_12,0.007,FE_0
0.0017006017713015033,0.2547053132107268,3.179371236518349,/home/lmres/storage/projects/cwru-fault-detection/data/mat_files/159.mat,12000,2,1750,drive,outer_12,0.007,BA_0
0.0016514585984240316,0.2527174127495325,3.294266022904498,/home/lmres/storage/projects/cwru-fault-detection/data/mat_files/159.mat,12000,2,1750,drive,outer_12,0.007,BA_0
0.0016622027575967494,0.2515223754370117,3.2220173182867504,/home/lmres/storage/projects/cwru-fault-detection/data/mat_files/159.mat,12000,2,1750,drive,outer_12,0.007,BA_0
0.0016653341687406175,0.2489124778088928,3.262643028237777,/home/lmres/storage/projects/cwru-fault-detection/data/mat_files/159.mat,12000,2,1750,drive,outer_12,0.007,BA_0
0.0016211934067100217,0.254353441688826,3.223935540226243,/home/lmres/storage/projects/cwru-fault-detection/data/mat_files/159.mat,12000,2,1750,drive,outer_12,0.007,BA_0
0.0016677989342630687,0.2526032243243829,3.1749094732815797,/home/lmres/storage/projects/cwru-fault-detection/data/mat_files/159.mat,12000,2,1750,drive,outer_12,0.007,BA_0
0.001683449027808529,0.25240531691763246,3.309821285543496,/home/lmres/storage/projects/cwru-fault-detection/data/mat_files/159.mat,12000,2,1750,drive,outer_12,0.007,BA_0
0.001664040748160319,0.2506886047913445,3.4227245309720913,/home/lmres/storage/projects/cwru-fault-detection/data/mat_files/159.mat,12000,2,1750,drive,outer_12,0.007,BA_0
0.001652323653588388,0.2511695227912773,3.1809049224228363,/home/lmres/storage/projects/cwru-fault-detection/data/mat_files/159.mat,12000,2,1750,drive,outer_12,0.007,BA_0
0.0016944410190270023,0.24816213548852026,3.124657345724619,/home/lmres/storage/projects/cwru-fault-detection/data/mat_files/159.mat,12000,2,1750,drive,outer_12,0.007,BA_0
0.07731920815933464,0.9625156095820967,9.363950153721088,/home/lmres/storage/projects/cwru-fault-detection/data/mat_files/159.mat,12000,2,1750,drive,outer_12,0.007,DE_0
0.07752889899661357,0.963815506781832,9.116042179885653,/home/lmres/storage/projects/cwru-fault-detection/data/mat_files/159.mat,12000,2,1750,drive,outer_12,0.007,DE_0
0.07205629136725997,0.9610627975726549,8.28114106831357,/home/lmres/storage/projects/cwru-fault-detection/data/mat_files/159.mat,12000,2,1750,drive,outer_12,0.007,DE_0
0.07328615611561962,0.9615187261526956,8.508542243953219,/home/lmres/storage/projects/cwru-fault-detection/data/mat_files/159.mat,12000,2,1750,drive,outer_12,0.007,DE_0
0.06805949723457927,0.9587349112160607,8.412356842562215,/home/lmres/storage/projects/cwru-fault-detection/data/mat_files/159.mat,12000,2,1750,drive,outer_12,0.007,DE_0
0.07240178736981318,0.9610467010225103,8.991764519598023,/home/lmres/storage/projects/cwru-fault-detection/data/mat_files/159.mat,12000,2,1750,drive,outer_12,0.007,DE_0
0.07765930184642186,0.9638410143329864,8.60174219826758,/home/lmres/storage/projects/cwru-fault-detection/data/mat_files/159.mat,12000,2,1750,drive,outer_12,0.007,DE_0
0.0742054110645685,0.9623198515015057,8.602616791276649,/home/lmres/storage/projects/cwru-fault-detection/data/mat_files/159.mat,12000,2,1750,drive,outer_12,0.007,DE_0
0.07310360859463248,0.9621015136940411,8.09971792519915,/home/lmres/storage/projects/cwru-fault-detection/data/mat_files/159.mat,12000,2,1750,drive,outer_12,0.007,DE_0
0.07512759254898672,0.9616938562941391,8.490089740648205,/home/lmres/storage/projects/cwru-fault-detection/data/mat_files/159.mat,12000,2,1750,drive,outer_12,0.007,DE_0
0.021624539569738564,0.6009160614342783,6.082850033201416,/home/lmres/storage/projects/cwru-fault-detection/data/mat_files/159.mat,12000,2,1750,drive,outer_12,0.007,FE_0
0.022731613551166114,0.6228583944456354,6.359876362456481,/home/lmres/storage/projects/cwru-fault-detection/data/mat_files/159.mat,12000,2,1750,drive,outer_12,0.007,FE_0
0.023134557908704133,0.6270999012751174,7.3285889861532105,/home/lmres/storage/projects/cwru-fault-detection/data/mat_files/159.mat,12000,2,1750,drive,outer_12,0.007,FE_0
0.022933497502044077,0.6284070032101933,7.5864105255222825,/home/lmres/storage/projects/cwru-fault-detection/data/mat_files/159.mat,12000,2,1750,drive,outer_12,0.007,FE_0
0.020811781589954545,0.6015682869953416,5.885717931293283,/home/lmres/storage/projects/cwru-fault-detection/data/mat_files/159.mat,12000,2,1750,drive,outer_12,0.007,FE_0
0.022129631361391736,0.6210428439402867,6.242219941428325,/home/lmres/storage/projects/cwru-fault-detection/data/mat_files/159.mat,12000,2,1750,drive,outer_12,0.007,FE_0
0.02361051304439421,0.6350081520386899,6.930138364304618,/home/lmres/storage/projects/cwru-fault-detection/data/mat_files/159.mat,12000,2,1750,drive,outer_12,0.007,FE_0
0.023101485333366943,0.6317208576646219,8.04946329965709,/home/lmres/storage/projects/cwru-fault-detection/data/mat_files/159.mat,12000,2,1750,drive,outer_12,0.007,FE_0
0.022783916609854543,0.6269738292950806,7.700865385137765,/home/lmres/storage/projects/cwru-fault-detection/data/mat_files/159.mat,12000,2,1750,drive,outer_12,0.007,FE_0
0.021711767535407434,0.6232632198497592,6.2268994038401395,/home/lmres/storage/projects/cwru-fault-detection/data/mat_files/159.mat,12000,2,1750,drive,outer_12,0.007,FE_0
0.0020478158162063275,0.18391604192522365,3.039266017886036,/home/lmres/storage/projects/cwru-fault-detection/data/mat_files/160.mat,12000,3,1730,drive,outer_12,0.007,BA_0
0.002010072577973324,0.1808482718349122,3.0790118326132303,/home/lmres/storage/projects/cwru-fault-detection/data/mat_files/160.mat,12000,3,1730,drive,outer_12,0.007,BA_0
0.0020264744767424917,0.17709011049520829,3.0507202832669353,/home/lmres/storage/projects/cwru-fault-detection/data/mat_files/160.mat,12000,3,1730,drive,outer_12,0.007,BA_0
0.002037202567678779,0.17448769993483212,3.248616450098513,/home/lmres/storage/projects/cwru-fault-detection/data/mat_files/160.mat,12000,3,1730,drive,outer_12,0.007,BA_0
0.002014726824134044,0.17936036406472458,3.130367211514575,/home/lmres/storage/projects/cwru-fault-detection/data/mat_files/160.mat,12000,3,1730,drive,outer_12,0.007,BA_0
0.002032317781708607,0.1798675287434851,3.167822752216602,/home/lmres/storage/projects/cwru-fault-detection/data/mat_files/160.mat,12000,3,1730,drive,outer_12,0.007,BA_0
0.002063057086373504,0.1829992751570405,3.2366761221090545,/home/lmres/storage/projects/cwru-fault-detection/data/mat_files/160.mat,12000,3,1730,drive,outer_12,0.007,BA_0
0.002003220707905337,0.19133013177188332,3.1372070237953023,/home/lmres/storage/projects/cwru-fault-detection/data/mat_files/160.mat,12000,3,1730,drive,outer_12,0.007,BA_0
0.002009786081995066,0.1781460392001221,3.232440497487306,/home/lmres/storage/projects/cwru-fault-detection/data/mat_files/160.mat,12000,3,1730,drive,outer_12,0.007,BA_0
0.00202538353302217,0.18273917473002793,2.984549572207375,/home/lmres/storage/projects/cwru-fault-detection/data/mat_files/160.mat,12000,3,1730,drive,outer_12,0.007,BA_0
0.06924330696533783,0.9514344367357886,8.07373984503635,/home/lmres/storage/projects/cwru-fault-detection/data/mat_files/160.mat,12000,3,1730,drive,outer_12,0.007,DE_0
0.06444626345205776,0.9499043656583941,8.24476411222214,/home/lmres/storage/projects/cwru-fault-detection/data/mat_files/160.mat,12000,3,1730,drive,outer_12,0.007,DE_0
0.06696488940940927,0.9504204491869838,7.946283058515998,/home/lmres/storage/projects/cwru-fault-detection/data/mat_files/160.mat,12000,3,1730,drive,outer_12,0.007,DE_0
0.06420433002770812,0.9477665342049423,8.46974667395848,/home/lmres/storage/projects/cwru-fault-detection/data/mat_files/160.mat,12000,3,1730,drive,outer_12,0.007,DE_0
0.06505174734364204,0.9491115793405576,8.232392987898857,/home/lmres/storage/projects/cwru-fault-detection/data/mat_files/160.mat,12000,3,1730,drive,outer_12,0.007,DE_0
0.06444751979738407,0.9482554588407353,7.908302061294875,/home/lmres/storage/projects/cwru-fault-detection/data/mat_files/160.mat,12000,3,1730,drive,outer_12,0.007,DE_0
0.06311201131844114,0.9477518924386475,8.348711849800697,/home/lmres/storage/projects/cwru-fault-detection/data/mat_files/160.mat,12000,3,1730,drive,outer_12,0.007,DE_0
0.06608348579178284,0.9519806067326513,8.495998458776405,/home/lmres/storage/projects/cwru-fault-detection/data/mat_files/160.mat,12000,3,1730,drive,outer_12,0.007,DE_0
0.06370024079211282,0.9496122439807074,8.603289315282252,/home/lmres/storage/projects/cwru-fault-detection/data/mat_files/160.mat,12000,3,1730,drive,outer_12,0.007,DE_0
0.06890036995721427,0.9536859107653642,8.66829276828887,/home/lmres/storage/projects/cwru-fault-detection/data/mat_files/160.mat,12000,3,1730,drive,outer_12,0.007,DE_0
0.02027399656427548,0.6025070721134371,5.083177017544474,/home/lmres/storage/projects/cwru-fault-detection/data/mat_files/160.mat,12000,3,1730,drive,outer_12,0.007,FE_0
0.020733450637852337,0.6138925361568995,5.788632187700202,/home/lmres/storage/projects/cwru-fault-detection/data/mat_files/160.mat,12000,3,1730,drive,outer_12,0.007,FE_0
0.021573081234923415,0.6169945254114613,6.284177740582474,/home/lmres/storage/projects/cwru-fault-detection/data/mat_files/160.mat,12000,3,1730,drive,outer_12,0.007,FE_0
0.021774992204723967,0.6167027721928676,6.839506192598944,/home/lmres/storage/projects/cwru-fault-detection/data/mat_files/160.mat,12000,3,1730,drive,outer_12,0.007,FE_0
0.019643562960063633,0.5961751723499802,5.273308195014413,/home/lmres/storage/projects/cwru-fault-detection/data/mat_files/160.mat,12000,3,1730,drive,outer_12,0.007,FE_0
0.020012199469907985,0.598942701079458,5.03184525614316,/home/lmres/storage/projects/cwru-fault-detection/data/mat_files/160.mat,12000,3,1730,drive,outer_12,0.007,FE_0
0.020445562304574654,0.5905419194453819,5.518201645564399,/home/lmres/storage/projects/cwru-fault-detection/data/mat_files/160.mat,12000,3,1730,drive,outer_12,0.007,FE_0
0.02185399129914821,0.6097761999815777,6.498437567300409,/home/lmres/storage/projects/cwru-fault-detection/data/mat_files/160.mat,12000,3,1730,drive,outer_12,0.007,FE_0
0.020381402156508813,0.6008121447032471,5.763620531061345,/home/lmres/storage/projects/cwru-fault-detection/data/mat_files/160.mat,12000,3,1730,drive,outer_12,0.007,FE_0
0.020342564507823964,0.6105777949782056,4.885063839509764,/home/lmres/storage/projects/cwru-fault-detection/data/mat_files/160.mat,12000,3,1730,drive,outer_12,0.007,FE_0
0.0038357387708748557,0.3597016940756525,6.593266568696206,/home/lmres/storage/projects/cwru-fault-detection/data/mat_files/258.mat,12000,0,1797,drive,outer_12,0.021,BA_0
0.0037110041600343126,0.3625824447738799,6.542139984274704,/home/lmres/storage/projects/cwru-fault-detection/data/mat_files/258.mat,12000,0,1797,drive,outer_12,0.021,BA_0
0.0038283393022604207,0.3399558032813515,6.190621496985998,/home/lmres/storage/projects/cwru-fault-detection/data/mat_files/258.mat,12000,0,1797,drive,outer_12,0.021,BA_0
0.0040032456318798235,0.32249143888020165,5.65629363565045,/home/lmres/storage/projects/cwru-fault-detection/data/mat_files/258.mat,12000,0,1797,drive,outer_12,0.021,BA_0
0.003716562796117219,0.3408513892437653,5.693106539223914,/home/lmres/storage/projects/cwru-fault-detection/data/mat_files/258.mat,12000,0,1797,drive,outer_12,0.021,BA_0
0.003971290010531403,0.3348942265543461,6.126711983122946,/home/lmres/storage/projects/cwru-fault-detection/data/mat_files/258.mat,12000,0,1797,drive,outer_12,0.021,BA_0
0.0042295358087556965,0.32963053246428364,5.773269387685677,/home/lmres/storage/projects/cwru-fault-detection/data/mat_files/258.mat,12000,0,1797,drive,outer_12,0.021,BA_0
0.0041635175136898244,0.3383884847181037,6.05920295169542,/home/lmres/storage/projects/cwru-fault-detection/data/mat_files/258.mat,12000,0,1797,drive,outer_12,0.021,BA_0
0.0038111826808789584,0.3407030130633371,6.100422790300344,/home/lmres/storage/projects/cwru-fault-detection/data/mat_files/258.mat,12000,0,1797,drive,outer_12,0.021,BA_0
0.0040505663288508496,0.3183777225403024,5.63144965069816,/home/lmres/storage/projects/cwru-fault-detection/data/mat_files/258.mat,12000,0,1797,drive,outer_12,0.021,BA_0
0.16777148114481327,0.8539588511575015,35.43885880330509,/home/lmres/storage/projects/cwru-fault-detection/data/mat_files/258.mat,12000,0,1797,drive,outer_12,0.021,DE_0
0.15858175369232247,0.8619197539389856,35.71627981966749,/home/lmres/storage/projects/cwru-fault-detection/data/mat_files/258.mat,12000,0,1797,drive,outer_12,0.021,DE_0
0.15252811649185832,0.8672268564019044,33.23062991593081,/home/lmres/storage/projects/cwru-fault-detection/data/mat_files/258.mat,12000,0,1797,drive,outer_12,0.021,DE_0
0.14275942698829816,0.8690585727664044,32.199768781281236,/home/lmres/storage/projects/cwru-fault-detection/data/mat_files/258.mat,12000,0,1797,drive,outer_12,0.021,DE_0
0.13192574616131458,0.874377523608461,31.892823072673412,/home/lmres/storage/projects/cwru-fault-detection/data/mat_files/258.mat,12000,0,1797,drive,outer_12,0.021,DE_0
0.15010804938923328,0.8916034133330026,34.58421233252794,/home/lmres/storage/projects/cwru-fault-detection/data/mat_files/258.mat,12000,0,1797,drive,outer_12,0.021,DE_0
0.1644377844013321,0.9032257693703594,34.73536052966336,/home/lmres/storage/projects/cwru-fault-detection/data/mat_files/258.mat,12000,0,1797,drive,outer_12,0.021,DE_0
0.16756311997505316,0.9109961218657178,35.29678170610492,/home/lmres/storage/projects/cwru-fault-detection/data/mat_files/258.mat,12000,0,1797,drive,outer_12,0.021,DE_0
0.1397549764239694,0.9034578361746027,36.61628090867635,/home/lmres/storage/projects/cwru-fault-detection/data/mat_files/258.mat,12000,0,1797,drive,outer_12,0.021,DE_0
0.13169625309405888,0.9018202628432577,38.82244284906897,/home/lmres/storage/projects/cwru-fault-detection/data/mat_files/258.mat,12000,0,1797,drive,outer_12,0.021,DE_0
0.020355749534507438,0.6416793095761534,8.257504286549256,/home/lmres/storage/projects/cwru-fault-detection/data/mat_files/258.mat,12000,0,1797,drive,outer_12,0.021,FE_0
0.02030366575085592,0.6552031969677172,8.47034957591783,/home/lmres/storage/projects/cwru-fault-detection/data/mat_files/258.mat,12000,0,1797,drive,outer_12,0.021,FE_0
0.020040077591421762,0.650168767807769,7.672758944395942,/home/lmres/storage/projects/cwru-fault-detection/data/mat_files/258.mat,12000,0,1797,drive,outer_12,0.021,FE_0
0.019159234128749033,0.6109785412832937,7.480224908470681,/home/lmres/storage/projects/cwru-fault-detection/data/mat_files/258.mat,12000,0,1797,drive,outer_12,0.021,FE_0
0.018547995405946555,0.6069913698396534,6.95387308068179,/home/lmres/storage/projects/cwru-fault-detection/data/mat_files/258.mat,12000,0,1797,drive,outer_12,0.021,FE_0
0.0204088843264584,0.6345678380857114,7.900744506676071,/home/lmres/storage/projects/cwru-fault-detection/data/mat_files/258.mat,12000,0,1797,drive,outer_12,0.021,FE_0
0.02098771817654187,0.6245426047029441,7.590809740808135,/home/lmres/storage/projects/cwru-fault-detection/data/mat_files/258.mat,12000,0,1797,drive,outer_12,0.021,FE_0
0.02081247809493416,0.6285163982107204,7.8420012395027845,/home/lmres/storage/projects/cwru-fault-detection/data/mat_files/258.mat,12000,0,1797,drive,outer_12,0.021,FE_0
0.01962277607631763,0.6277411979118162,7.942296113315424,/home/lmres/storage/projects/cwru-fault-detection/data/mat_files/258.mat,12000,0,1797,drive,outer_12,0.021,FE_0
0.019868411204668594,0.607099970104944,7.422203331949111,/home/lmres/storage/projects/cwru-fault-detection/data/mat_files/258.mat,12000,0,1797,drive,outer_12,0.021,FE_0
0.0034178731420984113,0.27173260809139577,8.012374488664314,/home/lmres/storage/projects/cwru-fault-detection/data/mat_files/259.mat,12000,1,1772,drive,outer_12,0.021,BA_0
0.003409796023736714,0.27238719765114167,7.781779414148094,/home/lmres/storage/projects/cwru-fault-detection/data/mat_files/259.mat,12000,1,1772,drive,outer_12,0.021,BA_0
0.0034634917347536962,0.27186781273199506,8.26824977144909,/home/lmres/storage/projects/cwru-fault-detection/data/mat_files/259.mat,12000,1,1772,drive,outer_12,0.021,BA_0
0.0033436129560529913,0.2656082033655754,7.378832724692844,/home/lmres/storage/projects/cwru-fault-detection/data/mat_files/259.mat,12000,1,1772,drive,outer_12,0.021,BA_0
0.0035273298046009744,0.26280004559785086,8.066202894925354,/home/lmres/storage/projects/cwru-fault-detection/data/mat_files/259.mat,12000,1,1772,drive,outer_12,0.021,BA_0
0.0034545267817696844,0.2698347573979518,7.566745443986105,/home/lmres/storage/projects/cwru-fault-detection/data/mat_files/259.mat,12000,1,1772,drive,outer_12,0.021,BA_0
0.003523281517036213,0.2699237411408281,7.584408621181531,/home/lmres/storage/projects/cwru-fault-detection/data/mat_files/259.mat,12000,1,1772,drive,outer_12,0.021,BA_0
0.0035248656439276676,0.2594567732254795,7.892059980357272,/home/lmres/storage/projects/cwru-fault-detection/data/mat_files/259.mat,12000,1,1772,drive,outer_12,0.021,BA_0
0.0033879706349579414,0.260454986564125,7.850305810232586,/home/lmres/storage/projects/cwru-fault-detection/data/mat_files/259.mat,12000,1,1772,drive,outer_12,0.021,BA_0
0.0034401294334754032,0.258961584443196,7.70996832658723,/home/lmres/storage/projects/cwru-fault-detection/data/mat_files/259.mat,12000,1,1772,drive,outer_12,0.021,BA_0
0.1291389788951533,0.9215598021818916,35.329395525503635,/home/lmres/storage/projects/cwru-fault-detection/data/mat_files/259.mat,12000,1,1772,drive,outer_12,0.021,DE_0
0.13041858733995412,0.9221646828421788,32.38158992137881,/home/lmres/storage/projects/cwru-fault-detection/data/mat_files/259.mat,12000,1,1772,drive,outer_12,0.021,DE_0
0.12893049749421379,0.9203609531985648,37.307136575109325,/home/lmres/storage/projects/cwru-fault-detection/data/mat_files/259.mat,12000,1,1772,drive,outer_12,0.021,DE_0
0.1146200059571654,0.9138496046765346,31.618399745383172,/home/lmres/storage/projects/cwru-fault-detection/data/mat_files/259.mat,12000,1,1772,drive,outer_12,0.021,DE_0
0.12191163443652976,0.9141067786301077,33.080382172000384,/home/lmres/storage/projects/cwru-fault-detection/data/mat_files/259.mat,12000,1,1772,drive,outer_12,0.021,DE_0
0.12482726223479125,0.9185433644559574,32.37544635280196,/home/lmres/storage/projects/cwru-fault-detection/data/mat_files/259.mat,12000,1,1772,drive,outer_12,0.021,DE_0
0.1280361957059874,0.9170310172558711,33.03411959132698,/home/lmres/storage/projects/cwru-fault-detection/data/mat_files/259.mat,12000,1,1772,drive,outer_12,0.021,DE_0
0.12702619134081028,0.9165770645473881,34.28723342329123,/home/lmres/storage/projects/cwru-fault-detection/data/mat_files/259.mat,12000,1,1772,drive,outer_12,0.021,DE_0
0.11076654945431824,0.908816282356379,31.71716247990104,/home/lmres/storage/projects/cwru-fault-detection/data/mat_files/259.mat,12000,1,1772,drive,outer_12,0.021,DE_0
0.12648220577524416,0.9177680443708346,33.01456141791259,/home/lmres/storage/projects/cwru-fault-detection/data/mat_files/259.mat,12000,1,1772,drive,outer_12,0.021,DE_0
0.019574551545275754,0.6545258731221303,9.502494779967027,/home/lmres/storage/projects/cwru-fault-detection/data/mat_files/259.mat,12000,1,1772,drive,outer_12,0.021,FE_0
0.018964155411144625,0.6427632454928403,9.969203975139878,/home/lmres/storage/projects/cwru-fault-detection/data/mat_files/259.mat,12000,1,1772,drive,outer_12,0.021,FE_0
0.01954759559531377,0.6367043986972994,10.640591956423313,/home/lmres/storage/projects/cwru-fault-detection/data/mat_files/259.mat,12000,1,1772,drive,outer_12,0.021,FE_0
0.019123673881354268,0.6439750525634669,9.283207563835255,/home/lmres/storage/projects/cwru-fault-detection/data/mat_files/259.mat,12000,1,1772,drive,outer_12,0.021,FE_0
0.01992108126130165,0.6247011992554565,9.855438304435083,/home/lmres/storage/projects/cwru-fault-detection/data/mat_files/259.mat,12000,1,1772,drive,outer_12,0.021,FE_0
0.018912353059067216,0.6418274352808514,9.654015402146182,/home/lmres/storage/projects/cwru-fault-detection/data/mat_files/259.mat,12000,1,1772,drive,outer_12,0.021,FE_0
0.01965130486808099,0.6320875857086243,9.228200299341305,/home/lmres/storage/projects/cwru-fault-detection/data/mat_files/259.mat,12000,1,1772,drive,outer_12,0.021,FE_0
0.01988447702679862,0.6419675193755879,9.66357760910684,/home/lmres/storage/projects/cwru-fault-detection/data/mat_files/259.mat,12000,1,1772,drive,outer_12,0.021,FE_0
0.018406406141906334,0.6097711566512494,8.88558748412919,/home/lmres/storage/projects/cwru-fault-detection/data/mat_files/259.mat,12000,1,1772,drive,outer_12,0.021,FE_0
0.020268372403702203,0.6314901344121564,10.198891481322736,/home/lmres/storage/projects/cwru-fault-detection/data/mat_files/259.mat,12000,1,1772,drive,outer_12,0.021,FE_0
0.003458093104543103,0.2423672006547639,8.037566338136006,/home/lmres/storage/projects/cwru-fault-detection/data/mat_files/260.mat,12000,2,1750,drive,outer_12,0.021,BA_0
0.003488484714585287,0.24388862515369555,8.48371211300297,/home/lmres/storage/projects/cwru-fault-detection/data/mat_files/260.mat,12000,2,1750,drive,outer_12,0.021,BA_0
0.0035118141127717497,0.23857519208765254,7.575558399589977,/home/lmres/storage/projects/cwru-fault-detection/data/mat_files/260.mat,12000,2,1750,drive,outer_12,0.021,BA_0
0.0035149427208047974,0.23320492569371323,7.135996635646341,/home/lmres/storage/projects/cwru-fault-detection/data/mat_files/260.mat,12000,2,1750,drive,outer_12,0.021,BA_0
0.00360205947082792,0.23146972860328874,8.116850244728726,/home/lmres/storage/projects/cwru-fault-detection/data/mat_files/260.mat,12000,2,1750,drive,outer_12,0.021,BA_0
0.0036549939978840714,0.2528162818017257,8.623309397051123,/home/lmres/storage/projects/cwru-fault-detection/data/mat_files/260.mat,12000,2,1750,drive,outer_12,0.021,BA_0
0.003551466466457781,0.23394699623517445,8.012206855923147,/home/lmres/storage/projects/cwru-fault-detection/data/mat_files/260.mat,12000,2,1750,drive,outer_12,0.021,BA_0
0.003458521991832008,0.2204396323889343,7.550048085487538,/home/lmres/storage/projects/cwru-fault-detection/data/mat_files/260.mat,12000,2,1750,drive,outer_12,0.021,BA_0
0.0035617389458380906,0.2309042854297245,7.098782120112604,/home/lmres/storage/projects/cwru-fault-detection/data/mat_files/260.mat,12000,2,1750,drive,outer_12,0.021,BA_0
0.0036314242118971134,0.22011552763671008,8.030489976364144,/home/lmres/storage/projects/cwru-fault-detection/data/mat_files/260.mat,12000,2,1750,drive,outer_12,0.021,BA_0
0.11171959474833845,0.912344051945239,36.1396061042259,/home/lmres/storage/projects/cwru-fault-detection/data/mat_files/260.mat,12000,2,1750,drive,outer_12,0.021,DE_0
0.1179869476043093,0.9120936762074451,34.18023498453693,/home/lmres/storage/projects/cwru-fault-detection/data/mat_files/260.mat,12000,2,1750,drive,outer_12,0.021,DE_0
0.11871028780148574,0.9128684824355211,31.337285023864954,/home/lmres/storage/projects/cwru-fault-detection/data/mat_files/260.mat,12000,2,1750,drive,outer_12,0.021,DE_0
0.11859744844163966,0.9112012984971815,32.53469529488369,/home/lmres/storage/projects/cwru-fault-detection/data/mat_files/260.mat,12000,2,1750,drive,outer_12,0.021,DE_0
0.11773938143674549,0.9108990815675223,31.935205591969122,/home/lmres/storage/projects/cwru-fault-detection/data/mat_files/260.mat,12000,2,1750,drive,outer_12,0.021,DE_0
0.13208309918796018,0.9185480858638078,37.47076407101949,/home/lmres/storage/projects/cwru-fault-detection/data/mat_files/260.mat,12000,2,1750,drive,outer_12,0.021,DE_0
0.11834378621384864,0.9107032770516047,33.36098994346589,/home/lmres/storage/projects/cwru-fault-detection/data/mat_files/260.mat,12000,2,1750,drive,outer_12,0.021,DE_0
0.10426245915247638,0.9005834562335288,31.7196179790262,/home/lmres/storage/projects/cwru-fault-detection/data/mat_files/260.mat,12000,2,1750,drive,outer_12,0.021,DE_0
0.12250913976616422,0.913722200473524,32.20946557430796,/home/lmres/storage/projects/cwru-fault-detection/data/mat_files/260.mat,12000,2,1750,drive,outer_12,0.021,DE_0
0.11500590871247872,0.9107949110142921,36.03837338011275,/home/lmres/storage/projects/cwru-fault-detection/data/mat_files/260.mat,12000,2,1750,drive,outer_12,0.021,DE_0
0.01843374664630854,0.5434765862965405,8.642508299893596,/home/lmres/storage/projects/cwru-fault-detection/data/mat_files/260.mat,12000,2,1750,drive,outer_12,0.021,FE_0
0.020543314325267764,0.5904119705560749,10.23326217743024,/home/lmres/storage/projects/cwru-fault-detection/data/mat_files/260.mat,12000,2,1750,drive,outer_12,0.021,FE_0
0.019327160464849308,0.5860945663667344,8.84488659586853,/home/lmres/storage/projects/cwru-fault-detection/data/mat_files/260.mat,12000,2,1750,drive,outer_12,0.021,FE_0
0.018919908388426446,0.5944333185142981,8.08638921019511,/home/lmres/storage/projects/cwru-fault-detection/data/mat_files/260.mat,12000,2,1750,drive,outer_12,0.021,FE_0
0.019490736641848482,0.5725980204283968,8.733474207664814,/home/lmres/storage/projects/cwru-fault-detection/data/mat_files/260.mat,12000,2,1750,drive,outer_12,0.021,FE_0
0.0206090900015854,0.5701304488687218,9.775224365338415,/home/lmres/storage/projects/cwru-fault-detection/data/mat_files/260.mat,12000,2,1750,drive,outer_12,0.021,FE_0
0.02055378546105344,0.5955306565270241,9.903119177139141,/home/lmres/storage/projects/cwru-fault-detection/data/mat_files/260.mat,12000,2,1750,drive,outer_12,0.021,FE_0
0.018589079424247656,0.571792070605367,9.074741483930254,/home/lmres/storage/projects/cwru-fault-detection/data/mat_files/260.mat,12000,2,1750,drive,outer_12,0.021,FE_0
0.019835354690833883,0.5922268341282894,9.115602774380182,/home/lmres/storage/projects/cwru-fault-detection/data/mat_files/260.mat,12000,2,1750,drive,outer_12,0.021,FE_0
0.019244822224160605,0.5621325134128196,8.665281049997748,/home/lmres/storage/projects/cwru-fault-detection/data/mat_files/260.mat,12000,2,1750,drive,outer_12,0.021,FE_0
0.004045177082909125,0.16500521091178771,6.137192073326419,/home/lmres/storage/projects/cwru-fault-detection/data/mat_files/261.mat,12000,3,1730,drive,outer_12,0.021,BA_0
0.003995209553267843,0.17375341792730817,6.01620003035079,/home/lmres/storage/projects/cwru-fault-detection/data/mat_files/261.mat,12000,3,1730,drive,outer_12,0.021,BA_0
0.003964023233244492,0.1753229658514127,6.15780971261897,/home/lmres/storage/projects/cwru-fault-detection/data/mat_files/261.mat,12000,3,1730,drive,outer_12,0.021,BA_0
0.00411720128387665,0.164663865550295,5.959005156006949,/home/lmres/storage/projects/cwru-fault-detection/data/mat_files/261.mat,12000,3,1730,drive,outer_12,0.021,BA_0
0.0038902085834227585,0.17623440412964872,6.472567919978817,/home/lmres/storage/projects/cwru-fault-detection/data/mat_files/261.mat,12000,3,1730,drive,outer_12,0.021,BA_0
0.003967841576134661,0.165827573605803,5.984542311750592,/home/lmres/storage/projects/cwru-fault-detection/data/mat_files/261.mat,12000,3,1730,drive,outer_12,0.021,BA_0
0.0039383079383289955,0.17006507187738776,5.923628870124305,/home/lmres/storage/projects/cwru-fault-detection/data/mat_files/261.mat,12000,3,1730,drive,outer_12,0.021,BA_0
0.0038568166886199483,0.1835473389504676,6.132466452399147,/home/lmres/storage/projects/cwru-fault-detection/data/mat_files/261.mat,12000,3,1730,drive,outer_12,0.021,BA_0
0.003986386773697675,0.17662322351192633,5.995110103730352,/home/lmres/storage/projects/cwru-fault-detection/data/mat_files/261.mat,12000,3,1730,drive,outer_12,0.021,BA_0
0.0038199512181769676,0.18033024934071648,5.697034016623597,/home/lmres/storage/projects/cwru-fault-detection/data/mat_files/261.mat,12000,3,1730,drive,outer_12,0.021,BA_0
0.09508493978896558,0.89067669625887,32.394332855728834,/home/lmres/storage/projects/cwru-fault-detection/data/mat_files/261.mat,12000,3,1730,drive,outer_12,0.021,DE_0
0.09971830220121619,0.893712802534754,32.92510263009443,/home/lmres/storage/projects/cwru-fault-detection/data/mat_files/261.mat,12000,3,1730,drive,outer_12,0.021,DE_0
0.09487972165654943,0.8917291781944773,33.50330429972505,/home/lmres/storage/projects/cwru-fault-detection/data/mat_files/261.mat,12000,3,1730,drive,outer_12,0.021,DE_0
0.09411997352335362,0.8896107076956795,34.97205278324917,/home/lmres/storage/projects/cwru-fault-detection/data/mat_files/261.mat,12000,3,1730,drive,outer_12,0.021,DE_0
0.10062133447160874,0.8971666454084004,32.4504855639255,/home/lmres/storage/projects/cwru-fault-detection/data/mat_files/261.mat,12000,3,1730,drive,outer_12,0.021,DE_0
0.09574956766157419,0.8970046973983961,32.24818817163915,/home/lmres/storage/projects/cwru-fault-detection/data/mat_files/261.mat,12000,3,1730,drive,outer_12,0.021,DE_0
0.09626828351637089,0.8937955073871036,30.749879688598615,/home/lmres/storage/projects/cwru-fault-detection/data/mat_files/261.mat,12000,3,1730,drive,outer_12,0.021,DE_0
0.10198650384315033,0.9034148516273568,33.58746428042083,/home/lmres/storage/projects/cwru-fault-detection/data/mat_files/261.mat,12000,3,1730,drive,outer_12,0.021,DE_0
0.10085407358831495,0.8983572087622538,35.186694475948194,/home/lmres/storage/projects/cwru-fault-detection/data/mat_files/261.mat,12000,3,1730,drive,outer_12,0.021,DE_0
0.09433861092031179,0.8949053859127241,31.906946950148328,/home/lmres/storage/projects/cwru-fault-detection/data/mat_files/261.mat,12000,3,1730,drive,outer_12,0.021,DE_0
0.021089017865138844,0.4761121621996375,6.414552853004871,/home/lmres/storage/projects/cwru-fault-detection/data/mat_files/261.mat,12000,3,1730,drive,outer_12,0.021,FE_0
0.022167073650339944,0.4904669982617863,6.802682010064728,/home/lmres/storage/projects/cwru-fault-detection/data/mat_files/261.mat,12000,3,1730,drive,outer_12,0.021,FE_0
0.020237497528040767,0.4760943974707609,6.349203933270214,/home/lmres/storage/projects/cwru-fault-detection/data/mat_files/261.mat,12000,3,1730,drive,outer_12,0.021,FE_0
0.0212509870617292,0.4700505966570056,6.28023903930526,/home/lmres/storage/projects/cwru-fault-detection/data/mat_files/261.mat,12000,3,1730,drive,outer_12,0.021,FE_0
0.021684689428678783,0.4845339560610992,6.499746211154523,/home/lmres/storage/projects/cwru-fault-detection/data/mat_files/261.mat,12000,3,1730,drive,outer_12,0.021,FE_0
0.0204689501245741,0.48534343696275534,6.755395926576772,/home/lmres/storage/projects/cwru-fault-detection/data/mat_files/261.mat,12000,3,1730,drive,outer_12,0.021,FE_0
0.021406178036933333,0.47899734334969085,6.931526807419953,/home/lmres/storage/projects/cwru-fault-detection/data/mat_files/261.mat,12000,3,1730,drive,outer_12,0.021,FE_0
0.020911615210917077,0.482415220444202,6.876704862665087,/home/lmres/storage/projects/cwru-fault-detection/data/mat_files/261.mat,12000,3,1730,drive,outer_12,0.021,FE_0
0.020814281390803303,0.4564003686371061,6.22477711064282,/home/lmres/storage/projects/cwru-fault-detection/data/mat_files/261.mat,12000,3,1730,drive,outer_12,0.021,FE_0
0.020828499700444352,0.47052012926520176,6.702447248796789,/home/lmres/storage/projects/cwru-fault-detection/data/mat_files/261.mat,12000,3,1730,drive,outer_12,0.021,FE_0
0.34794714771194,0.749156474105988,6.028085868419335,/home/lmres/storage/projects/cwru-fault-detection/data/mat_files/109.mat,48000,0,1797,drive,inner,0.007,DE_0
0.3429229662422061,0.7490016420930767,5.9787381689221295,/home/lmres/storage/projects/cwru-fault-detection/data/mat_files/109.mat,48000,0,1797,drive,inner,0.007,DE_0
0.347712662059962,0.7481449197750911,6.079131479445949,/home/lmres/storage/projects/cwru-fault-detection/data/mat_files/109.mat,48000,0,1797,drive,inner,0.007,DE_0
0.3459918288208971,0.7491934451007259,6.065816424173767,/home/lmres/storage/projects/cwru-fault-detection/data/mat_files/109.mat,48000,0,1797,drive,inner,0.007,DE_0
0.34426398931065477,0.7522317062892537,6.006965874631266,/home/lmres/storage/projects/cwru-fault-detection/data/mat_files/109.mat,48000,0,1797,drive,inner,0.007,DE_0
0.247692267770708,0.2875486587914868,3.5143710421513132,/home/lmres/storage/projects/cwru-fault-detection/data/mat_files/109.mat,48000,0,1797,drive,inner,0.007,FE_0
0.24778526947225016,0.2908522240886044,3.453483365116266,/home/lmres/storage/projects/cwru-fault-detection/data/mat_files/109.mat,48000,0,1797,drive,inner,0.007,FE_0
0.2510032612458134,0.28416782087436715,3.378801653505763,/home/lmres/storage/projects/cwru-fault-detection/data/mat_files/109.mat,48000,0,1797,drive,inner,0.007,FE_0
0.2525046687693376,0.2819513746747036,3.3333368896329927,/home/lmres/storage/projects/cwru-fault-detection/data/mat_files/109.mat,48000,0,1797,drive,inner,0.007,FE_0
0.2542344539504989,0.28971535403730203,3.483072933843545,/home/lmres/storage/projects/cwru-fault-detection/data/mat_files/109.mat,48000,0,1797,drive,inner,0.007,FE_0
0.07913565818418937,0.7623554005160819,7.448781062612051,/home/lmres/storage/projects/cwru-fault-detection/data/mat_files/110.mat,48000,1,1772,drive,inner,0.007,DE_0
0.07847606877465983,0.7608666392767143,7.382987552659089,/home/lmres/storage/projects/cwru-fault-detection/data/mat_files/110.mat,48000,1,1772,drive,inner,0.007,DE_0
0.07763311174121311,0.7604548136730258,7.31336704180373,/home/lmres/storage/projects/cwru-fault-detection/data/mat_files/110.mat,48000,1,1772,drive,inner,0.007,DE_0
0.07786476864436573,0.7562358736234197,7.350867896250026,/home/lmres/storage/projects/cwru-fault-detection/data/mat_files/110.mat,48000,1,1772,drive,inner,0.007,DE_0
0.07852098331146283,0.7613417526207154,7.450307472734589,/home/lmres/storage/projects/cwru-fault-detection/data/mat_files/110.mat,48000,1,1772,drive,inner,0.007,DE_0
0.07729032420010948,0.7593838778845261,7.233737138717762,/home/lmres/storage/projects/cwru-fault-detection/data/mat_files/110.mat,48000,1,1772,drive,inner,0.007,DE_0
0.07619930891972505,0.7534596399049682,7.379053249259472,/home/lmres/storage/projects/cwru-fault-detection/data/mat_files/110.mat,48000,1,1772,drive,inner,0.007,DE_0
0.07802249404483377,0.7565125090606669,7.422510377149277,/home/lmres/storage/projects/cwru-fault-detection/data/mat_files/110.mat,48000,1,1772,drive,inner,0.007,DE_0
0.07728532707598636,0.7569207111562768,7.408098589820954,/home/lmres/storage/projects/cwru-fault-detection/data/mat_files/110.mat,48000,1,1772,drive,inner,0.007,DE_0
0.07631267615335142,0.7563932049140912,7.288407857243267,/home/lmres/storage/projects/cwru-fault-detection/data/mat_files/110.mat,48000,1,1772,drive,inner,0.007,DE_0
0.054787134693968655,0.2764320017411064,3.4386827612970383,/home/lmres/storage/projects/cwru-fault-detection/data/mat_files/110.mat,48000,1,1772,drive,inner,0.007,FE_0
0.05483624907744944,0.27408337598031624,3.389218641636965,/home/lmres/storage/projects/cwru-fault-detection/data/mat_files/110.mat,48000,1,1772,drive,inner,0.007,FE_0
0.05427304745312582,0.27429332917967414,3.425585273418919,/home/lmres/storage/projects/cwru-fault-detection/data/mat_files/110.mat,48000,1,1772,drive,inner,0.007,FE_0
0.055179084243377544,0.277876626296385,3.512808755032331,/home/lmres/storage/projects/cwru-fault-detection/data/mat_files/110.mat,48000,1,1772,drive,inner,0.007,FE_0
0.053808847962736356,0.2752159477476142,3.5168469824647093,/home/lmres/storage/projects/cwru-fault-detection/data/mat_files/110.mat,48000,1,1772,drive,inner,0.007,FE_0
0.05370734481261197,0.27324590527035014,3.4093668506942763,/home/lmres/storage/projects/cwru-fault-detection/data/mat_files/110.mat,48000,1,1772,drive,inner,0.007,FE_0
0.05504922509543202,0.27855583517501936,3.410627136638181,/home/lmres/storage/projects/cwru-fault-detection/data/mat_files/110.mat,48000,1,1772,drive,inner,0.007,FE_0
0.055347179588449244,0.280106104278146,3.4040276494523702,/home/lmres/storage/projects/cwru-fault-detection/data/mat_files/110.mat,48000,1,1772,drive,inner,0.007,FE_0
0.054650982742744825,0.2749085242086933,3.464409495878484,/home/lmres/storage/projects/cwru-fault-detection/data/mat_files/110.mat,48000,1,1772,drive,inner,0.007,FE_0
0.054016029196581675,0.2729132307533315,3.350865719738808,/home/lmres/storage/projects/cwru-fault-detection/data/mat_files/110.mat,48000,1,1772,drive,inner,0.007,FE_0
0.0789678397949892,0.745503431688824,7.445786024288706,/home/lmres/storage/projects/cwru-fault-detection/data/mat_files/111.mat,48000,2,1750,drive,inner,0.007,DE_0
0.07837489587770406,0.747279396356536,7.693216267011431,/home/lmres/storage/projects/cwru-fault-detection/data/mat_files/111.mat,48000,2,1750,drive,inner,0.007,DE_0
0.07776316600724385,0.7452370549856602,7.642723953937407,/home/lmres/storage/projects/cwru-fault-detection/data/mat_files/111.mat,48000,2,1750,drive,inner,0.007,DE_0
0.07839713833359635,0.7465663915703269,7.560632316452205,/home/lmres/storage/projects/cwru-fault-detection/data/mat_files/111.mat,48000,2,1750,drive,inner,0.007,DE_0
0.07802307666393017,0.7435607866832687,7.482992769826128,/home/lmres/storage/projects/cwru-fault-detection/data/mat_files/111.mat,48000,2,1750,drive,inner,0.007,DE_0
0.07807783576970363,0.7426493328349031,7.47276187968861,/home/lmres/storage/projects/cwru-fault-detection/data/mat_files/111.mat,48000,2,1750,drive,inner,0.007,DE_0
0.07961148820479273,0.7434586148004655,7.45858348629321,/home/lmres/storage/projects/cwru-fault-detection/data/mat_files/111.mat,48000,2,1750,drive,inner,0.007,DE_0
0.0795008973156451,0.7369252894701132,7.431197414235366,/home/lmres/storage/projects/cwru-fault-detection/data/mat_files/111.mat,48000,2,1750,drive,inner,0.007,DE_0
0.07924626990146491,0.7392752454633102,7.484164388535371,/home/lmres/storage/projects/cwru-fault-detection/data/mat_files/111.mat,48000,2,1750,drive,inner,0.007,DE_0
0.07976790475525831,0.7404327067120485,7.4438603560059144,/home/lmres/storage/projects/cwru-fault-detection/data/mat_files/111.mat,48000,2,1750,drive,inner,0.007,DE_0
0.0543812569620763,0.3042794044815816,3.2066956570048903,/home/lmres/storage/projects/cwru-fault-detection/data/mat_files/111.mat,48000,2,1750,drive,inner,0.007,FE_0
0.053548159033772656,0.30571541741604724,3.248402077603776,/home/lmres/storage/projects/cwru-fault-detection/data/mat_files/111.mat,48000,2,1750,drive,inner,0.007,FE_0
0.05366423535565625,0.30883311777563827,3.2003635801824144,/home/lmres/storage/projects/cwru-fault-detection/data/mat_files/111.mat,48000,2,1750,drive,inner,0.007,FE_0
0.053801639602811084,0.31092819118538784,3.190987888802177,/home/lmres/storage/projects/cwru-fault-detection/data/mat_files/111.mat,48000,2,1750,drive,inner,0.007,FE_0
0.054216341135819135,0.3107515829227179,3.157982927564373,/home/lmres/storage/projects/cwru-fault-detection/data/mat_files/111.mat,48000,2,1750,drive,inner,0.007,FE_0
0.05517779020196239,0.3092457461151882,3.145612460107271,/home/lmres/storage/projects/cwru-fault-detection/data/mat_files/111.mat,48000,2,1750,drive,inner,0.007,FE_0
0.05589905883846156,0.31151781491963365,3.1762189066000603,/home/lmres/storage/projects/cwru-fault-detection/data/mat_files/111.mat,48000,2,1750,drive,inner,0.007,FE_0
0.05624633522791832,0.30304923013762763,3.0917771327030765,/home/lmres/storage/projects/cwru-fault-detection/data/mat_files/111.mat,48000,2,1750,drive,inner,0.007,FE_0
0.05619146641807905,0.3085029849631586,3.153656818692686,/home/lmres/storage/projects/cwru-fault-detection/data/mat_files/111.mat,48000,2,1750,drive,inner,0.007,FE_0
0.055847862236487744,0.3021892349114287,3.1262803126835186,/home/lmres/storage/projects/cwru-fault-detection/data/mat_files/111.mat,48000,2,1750,drive,inner,0.007,FE_0
0.07907669061971545,0.7189058026664406,6.860206766472189,/home/lmres/storage/projects/cwru-fault-detection/data/mat_files/112.mat,48000,3,1730,drive,inner,0.007,DE_0
0.07806582961515053,0.718386706674366,6.7841346187680225,/home/lmres/storage/projects/cwru-fault-detection/data/mat_files/112.mat,48000,3,1730,drive,inner,0.007,DE_0
0.07829184902444776,0.7177710750113503,6.793753921108653,/home/lmres/storage/projects/cwru-fault-detection/data/mat_files/112.mat,48000,3,1730,drive,inner,0.007,DE_0
0.0787558874242048,0.7138297899872933,6.764395236142755,/home/lmres/storage/projects/cwru-fault-detection/data/mat_files/112.mat,48000,3,1730,drive,inner,0.007,DE_0
0.07812248013743572,0.7136477291733496,6.747419298572226,/home/lmres/storage/projects/cwru-fault-detection/data/mat_files/112.mat,48000,3,1730,drive,inner,0.007,DE_0
0.07689850611982693,0.7138141624723848,6.83989328043946,/home/lmres/storage/projects/cwru-fault-detection/data/mat_files/112.mat,48000,3,1730,drive,inner,0.007,DE_0
0.07725439711383195,0.7141433959317185,6.88310594743086,/home/lmres/storage/projects/cwru-fault-detection/data/mat_files/112.mat,48000,3,1730,drive,inner,0.007,DE_0
0.07901510872897263,0.717420967878024,6.86835387326785,/home/lmres/storage/projects/cwru-fault-detection/data/mat_files/112.mat,48000,3,1730,drive,inner,0.007,DE_0
0.07893967009018686,0.7223616701978822,6.9164487658871,/home/lmres/storage/projects/cwru-fault-detection/data/mat_files/112.mat,48000,3,1730,drive,inner,0.007,DE_0
0.07797420752642235,0.7188679727757732,6.8173434916894395,/home/lmres/storage/projects/cwru-fault-detection/data/mat_files/112.mat,48000,3,1730,drive,inner,0.007,DE_0
0.05226621119216501,0.2702844685115145,3.3874498286308277,/home/lmres/storage/projects/cwru-fault-detection/data/mat_files/112.mat,48000,3,1730,drive,inner,0.007,FE_0
0.052046591093251784,0.2645014243988774,3.4119745981610383,/home/lmres/storage/projects/cwru-fault-detection/data/mat_files/112.mat,48000,3,1730,drive,inner,0.007,FE_0
0.05141236546890881,0.2664328232457707,3.3962092823623515,/home/lmres/storage/projects/cwru-fault-detection/data/mat_files/112.mat,48000,3,1730,drive,inner,0.007,FE_0
0.051059137022039326,0.2578218517549449,3.269557273067333,/home/lmres/storage/projects/cwru-fault-detection/data/mat_files/112.mat,48000,3,1730,drive,inner,0.007,FE_0
0.05089164677191246,0.2593935142727023,3.333394141111776,/home/lmres/storage/projects/cwru-fault-detection/data/mat_files/112.mat,48000,3,1730,drive,inner,0.007,FE_0
0.05056791772877321,0.26370137567313784,3.401472305958075,/home/lmres/storage/projects/cwru-fault-detection/data/mat_files/112.mat,48000,3,1730,drive,inner,0.007,FE_0
0.05138191375280682,0.26851959072883913,3.253299195737189,/home/lmres/storage/projects/cwru-fault-detection/data/mat_files/112.mat,48000,3,1730,drive,inner,0.007,FE_0
0.05163266412496962,0.27796306851296476,3.2581784661987334,/home/lmres/storage/projects/cwru-fault-detection/data/mat_files/112.mat,48000,3,1730,drive,inner,0.007,FE_0
0.05109591951160647,0.2847711201123389,3.3739479932519996,/home/lmres/storage/projects/cwru-fault-detection/data/mat_files/112.mat,48000,3,1730,drive,inner,0.007,FE_0
0.05012341337175034,0.2821677996729073,3.356126819109094,/home/lmres/storage/projects/cwru-fault-detection/data/mat_files/112.mat,48000,3,1730,drive,inner,0.007,FE_0
0.03395111964558188,0.8748459103391231,11.833798593740994,/home/lmres/storage/projects/cwru-fault-detection/data/mat_files/174.mat,48000,0,1797,drive,inner,0.014,DE_0
0.009885118075085674,0.5022021214683395,4.222884226895879,/home/lmres/storage/projects/cwru-fault-detection/data/mat_files/174.mat,48000,0,1797,drive,inner,0.014,FE_0
0.03781567105877077,0.502967300269038,3.9070239988143256,/home/lmres/storage/projects/cwru-fault-detection/data/mat_files/175.mat,48000,1,1772,drive,inner,0.014,DE_0
0.03900869573405651,0.49901859249046626,4.171057859396241,/home/lmres/storage/projects/cwru-fault-detection/data/mat_files/175.mat,48000,1,1772,drive,inner,0.014,DE_0
0.04000543356516681,0.5061502607114632,4.486850652103622,/home/lmres/storage/projects/cwru-fault-detection/data/mat_files/175.mat,48000,1,1772,drive,inner,0.014,DE_0
0.040881076028683384,0.5058441881393939,4.714902174981887,/home/lmres/storage/projects/cwru-fault-detection/data/mat_files/175.mat,48000,1,1772,drive,inner,0.014,DE_0
0.038595837223487924,0.4955890427354391,4.867097990963732,/home/lmres/storage/projects/cwru-fault-detection/data/mat_files/175.mat,48000,1,1772,drive,inner,0.014,DE_0
0.037424297229073915,0.49490077959803014,4.106838061463677,/home/lmres/storage/projects/cwru-fault-detection/data/mat_files/175.mat,48000,1,1772,drive,inner,0.014,DE_0
0.03676185267053993,0.48624594248874475,4.16931027092314,/home/lmres/storage/projects/cwru-fault-detection/data/mat_files/175.mat,48000,1,1772,drive,inner,0.014,DE_0
0.03928121826102,0.4925759769754236,4.372212443125958,/home/lmres/storage/projects/cwru-fault-detection/data/mat_files/175.mat,48000,1,1772,drive,inner,0.014,DE_0
0.039991345130947806,0.5041639777991637,4.245679330566373,/home/lmres/storage/projects/cwru-fault-detection/data/mat_files/175.mat,48000,1,1772,drive,inner,0.014,DE_0
0.041702960522871334,0.5185732392507121,4.390694182464398,/home/lmres/storage/projects/cwru-fault-detection/data/mat_files/175.mat,48000,1,1772,drive,inner,0.014,DE_0
0.05743897088772037,0.9440241374594859,22.26560179547882,/home/lmres/storage/projects/cwru-fault-detection/data/mat_files/176.mat,48000,2,1750,drive,inner,0.014,DE_0
0.053654606721300374,0.9423576522169901,19.79785253788271,/home/lmres/storage/projects/cwru-fault-detection/data/mat_files/176.mat,48000,2,1750,drive,inner,0.014,DE_0
0.06103840337781689,0.9474857435929462,21.161571380084684,/home/lmres/storage/projects/cwru-fault-detection/data/mat_files/176.mat,48000,2,1750,drive,inner,0.014,DE_0
0.056445667681523475,0.9442600379811914,20.65711096811593,/home/lmres/storage/projects/cwru-fault-detection/data/mat_files/176.mat,48000,2,1750,drive,inner,0.014,DE_0
0.05567742933755263,0.9445183406790189,19.86676746314229,/home/lmres/storage/projects/cwru-fault-detection/data/mat_files/176.mat,48000,2,1750,drive,inner,0.014,DE_0
0.05403941550251952,0.9440722296554368,19.610151464613562,/home/lmres/storage/projects/cwru-fault-detection/data/mat_files/176.mat,48000,2,1750,drive,inner,0.014,DE_0
0.055223689041803664,0.9443134409308549,19.224736770801233,/home/lmres/storage/projects/cwru-fault-detection/data/mat_files/176.mat,48000,2,1750,drive,inner,0.014,DE_0
0.06029198169965729,0.9452552029684019,19.75116130753421,/home/lmres/storage/projects/cwru-fault-detection/data/mat_files/176.mat,48000,2,1750,drive,inner,0.014,DE_0
0.05525599536818481,0.9431182175154833,17.76669754591547,/home/lmres/storage/projects/cwru-fault-detection/data/mat_files/176.mat,48000,2,1750,drive,inner,0.014,DE_0
0.05642292229499159,0.9468580535799238,20.204334359269346,/home/lmres/storage/projects/cwru-fault-detection/data/mat_files/176.mat,48000,2,1750,drive,inner,0.014,DE_0
0.010189819297019488,0.4323156581183223,4.210809843136104,/home/lmres/storage/projects/cwru-fault-detection/data/mat_files/176.mat,48000,2,1750,drive,inner,0.014,FE_0
0.009908264595282023,0.426915063784488,3.6379410803243015,/home/lmres/storage/projects/cwru-fault-detection/data/mat_files/176.mat,48000,2,1750,drive,inner,0.014,FE_0
0.009892604143172796,0.4385310417675763,3.9578194617669715,/home/lmres/storage/projects/cwru-fault-detection/data/mat_files/176.mat,48000,2,1750,drive,inner,0.014,FE_0
0.010024688967391665,0.4326719174433351,3.587276555834956,/home/lmres/storage/projects/cwru-fault-detection/data/mat_files/176.mat,48000,2,1750,drive,inner,0.014,FE_0
0.010342020213886293,0.4271748365416037,3.7641883428235636,/home/lmres/storage/projects/cwru-fault-detection/data/mat_files/176.mat,48000,2,1750,drive,inner,0.014,FE_0
0.0096191449610531,0.4325520492862666,3.9086687152072477,/home/lmres/storage/projects/cwru-fault-detection/data/mat_files/176.mat,48000,2,1750,drive,inner,0.014,FE_0
0.009656965893062877,0.43043157868132437,3.61852590419768,/home/lmres/storage/projects/cwru-fault-detection/data/mat_files/176.mat,48000,2,1750,drive,inner,0.014,FE_0
0.010480705864488018,0.4465435824045576,4.115661700741451,/home/lmres/storage/projects/cwru-fault-detection/data/mat_files/176.mat,48000,2,1750,drive,inner,0.014,FE_0
0.010077036763309297,0.4300485650285811,3.624300919161438,/home/lmres/storage/projects/cwru-fault-detection/data/mat_files/176.mat,48000,2,1750,drive,inner,0.014,FE_0
0.010088727648146487,0.42213912852201313,3.906797826364433,/home/lmres/storage/projects/cwru-fault-detection/data/mat_files/176.mat,48000,2,1750,drive,inner,0.014,FE_0
0.13131236128982188,0.3042727820544035,8.997787931690244,/home/lmres/storage/projects/cwru-fault-detection/data/mat_files/177.mat,48000,3,1730,drive,inner,0.014,DE_0
0.06704000966638851,0.8982817571040113,17.344814956005322,/home/lmres/storage/projects/cwru-fault-detection/data/mat_files/177.mat,48000,3,1730,drive,inner,0.014,DE_0
0.0634691090038399,0.8917450289853603,15.038835551491093,/home/lmres/storage/projects/cwru-fault-detection/data/mat_files/177.mat,48000,3,1730,drive,inner,0.014,DE_0
0.06684542367850181,0.8965752904934671,16.676438106760816,/home/lmres/storage/projects/cwru-fault-detection/data/mat_files/177.mat,48000,3,1730,drive,inner,0.014,DE_0
0.07090138768824085,0.9021462356647861,16.13048998363354,/home/lmres/storage/projects/cwru-fault-detection/data/mat_files/177.mat,48000,3,1730,drive,inner,0.014,DE_0
0.06456657273835384,0.8938262801714963,15.942063281866078,/home/lmres/storage/projects/cwru-fault-detection/data/mat_files/177.mat,48000,3,1730,drive,inner,0.014,DE_0
0.06542650922814548,0.896914628929433,16.06520378364959,/home/lmres/storage/projects/cwru-fault-detection/data/mat_files/177.mat,48000,3,1730,drive,inner,0.014,DE_0
0.06052466496877211,0.887535153794934,15.295566575229799,/home/lmres/storage/projects/cwru-fault-detection/data/mat_files/177.mat,48000,3,1730,drive,inner,0.014,DE_0
0.06853402384659822,0.9001968424406595,15.915608615833703,/home/lmres/storage/projects/cwru-fault-detection/data/mat_files/177.mat,48000,3,1730,drive,inner,0.014,DE_0
0.06305090783367648,0.8911406648396268,15.368502046598428,/home/lmres/storage/projects/cwru-fault-detection/data/mat_files/177.mat,48000,3,1730,drive,inner,0.014,DE_0
0.010283641998073535,0.309540284409077,3.4242826908734787,/home/lmres/storage/projects/cwru-fault-detection/data/mat_files/177.mat,48000,3,1730,drive,inner,0.014,FE_0
0.010816031159400412,0.4134733052289868,4.172355655631993,/home/lmres/storage/projects/cwru-fault-detection/data/mat_files/177.mat,48000,3,1730,drive,inner,0.014,FE_0
0.010687998163130508,0.39615056809778487,4.0523006836030575,/home/lmres/storage/projects/cwru-fault-detection/data/mat_files/177.mat,48000,3,1730,drive,inner,0.014,FE_0
0.010984628813363978,0.3978269318042812,3.9711986059692506,/home/lmres/storage/projects/cwru-fault-detection/data/mat_files/177.mat,48000,3,1730,drive,inner,0.014,FE_0
0.010952335112729888,0.4082279021382692,3.8963336343482826,/home/lmres/storage/projects/cwru-fault-detection/data/mat_files/177.mat,48000,3,1730,drive,inner,0.014,FE_0
0.010859653599498828,0.4149643680117777,3.9307513979623305,/home/lmres/storage/projects/cwru-fault-detection/data/mat_files/177.mat,48000,3,1730,drive,inner,0.014,FE_0
0.010751780361108056,0.41948890883938034,3.9363042308989766,/home/lmres/storage/projects/cwru-fault-detection/data/mat_files/177.mat,48000,3,1730,drive,inner,0.014,FE_0
0.010543074805902547,0.4028922491312563,3.8743273304789922,/home/lmres/storage/projects/cwru-fault-detection/data/mat_files/177.mat,48000,3,1730,drive,inner,0.014,FE_0
0.010757010198780234,0.40524240268608364,3.8976121178411467,/home/lmres/storage/projects/cwru-fault-detection/data/mat_files/177.mat,48000,3,1730,drive,inner,0.014,FE_0
0.010186682646692768,0.4015637746649429,3.695498010502437,/home/lmres/storage/projects/cwru-fault-detection/data/mat_files/177.mat,48000,3,1730,drive,inner,0.014,FE_0
0.3304529124231286,0.9152821086450303,4.0600695103814,/home/lmres/storage/projects/cwru-fault-detection/data/mat_files/213.mat,48000,0,1797,drive,inner,0.021,DE_0
0.3336560856325961,0.9196792318889103,4.115994845984505,/home/lmres/storage/projects/cwru-fault-detection/data/mat_files/213.mat,48000,0,1797,drive,inner,0.021,DE_0
0.3382271573378633,0.9252179025198763,4.207234752105685,/home/lmres/storage/projects/cwru-fault-detection/data/mat_files/213.mat,48000,0,1797,drive,inner,0.021,DE_0
0.34889285920738605,0.9254981792696475,4.393839428399243,/home/lmres/storage/projects/cwru-fault-detection/data/mat_files/213.mat,48000,0,1797,drive,inner,0.021,DE_0
0.35623820067881495,0.9236386098104656,4.073527291510784,/home/lmres/storage/projects/cwru-fault-detection/data/mat_files/213.mat,48000,0,1797,drive,inner,0.021,DE_0
0.32051504935438896,0.91528210864503,4.060069510381399,/home/lmres/storage/projects/cwru-fault-detection/data/mat_files/213.mat,48000,0,1797,drive,inner,0.021,FE_0
0.32362189205640923,0.9196792318889102,4.115994845984505,/home/lmres/storage/projects/cwru-fault-detection/data/mat_files/213.mat,48000,0,1797,drive,inner,0.021,FE_0
0.32805549581094406,0.9252179025198765,4.207234752105685,/home/lmres/storage/projects/cwru-fault-detection/data/mat_files/213.mat,48000,0,1797,drive,inner,0.021,FE_0
0.33840044310174605,0.9254981792696476,4.393839428399241,/home/lmres/storage/projects/cwru-fault-detection/data/mat_files/213.mat,48000,0,1797,drive,inner,0.021,FE_0
0.34552488472635295,0.9236386098104654,4.073527291510786,/home/lmres/storage/projects/cwru-fault-detection/data/mat_files/213.mat,48000,0,1797,drive,inner,0.021,FE_0
0.3360906558968986,0.9552672037651759,3.6903712607340986,/home/lmres/storage/projects/cwru-fault-detection/data/mat_files/214.mat,48000,1,1772,drive,inner,0.021,DE_0
0.3433386254070595,0.957160765400746,3.795215324478364,/home/lmres/storage/projects/cwru-fault-detection/data/mat_files/214.mat,48000,1,1772,drive,inner,0.021,DE_0
0.3506386835617832,0.9578830685059363,3.787547770297099,/home/lmres/storage/projects/cwru-fault-detection/data/mat_files/214.mat,48000,1,1772,drive,inner,0.021,DE_0
0.3751766068747217,0.9594612262063125,3.9942615722356845,/home/lmres/storage/projects/cwru-fault-detection/data/mat_files/214.mat,48000,1,1772,drive,inner,0.021,DE_0
0.39199503480149556,0.9617088281133532,3.84273719010487,/home/lmres/storage/projects/cwru-fault-detection/data/mat_files/214.mat,48000,1,1772,drive,inner,0.021,DE_0
0.3932833215909436,0.9611517430180713,3.9113811664102007,/home/lmres/storage/projects/cwru-fault-detection/data/mat_files/214.mat,48000,1,1772,drive,inner,0.021,DE_0
0.38090648832144225,0.960502143470906,4.140250758630344,/home/lmres/storage/projects/cwru-fault-detection/data/mat_files/214.mat,48000,1,1772,drive,inner,0.021,DE_0
0.37789208275082753,0.9612198733037295,4.260495183784449,/home/lmres/storage/projects/cwru-fault-detection/data/mat_files/214.mat,48000,1,1772,drive,inner,0.021,DE_0
0.35994412120689695,0.9582180845224735,3.7996164120236067,/home/lmres/storage/projects/cwru-fault-detection/data/mat_files/214.mat,48000,1,1772,drive,inner,0.021,DE_0
0.39491690095449317,0.9606863141843861,3.9725773510485274,/home/lmres/storage/projects/cwru-fault-detection/data/mat_files/214.mat,48000,1,1772,drive,inner,0.021,DE_0
0.03756861884392795,0.5330016098130272,3.9692321231315573,/home/lmres/storage/projects/cwru-fault-detection/data/mat_files/214.mat,48000,1,1772,drive,inner,0.021,FE_0
0.03793250557421804,0.5512977840819155,4.012396399071558,/home/lmres/storage/projects/cwru-fault-detection/data/mat_files/214.mat,48000,1,1772,drive,inner,0.021,FE_0
0.037032860442345106,0.5418253621573225,3.8318030432704386,/home/lmres/storage/projects/cwru-fault-detection/data/mat_files/214.mat,48000,1,1772,drive,inner,0.021,FE_0
0.03889408326517169,0.5341657656039344,3.8953633369827814,/home/lmres/storage/projects/cwru-fault-detection/data/mat_files/214.mat,48000,1,1772,drive,inner,0.021,FE_0
0.03857003107399463,0.5370249250877938,3.905656908239396,/home/lmres/storage/projects/cwru-fault-detection/data/mat_files/214.mat,48000,1,1772,drive,inner,0.021,FE_0
0.040409218650734914,0.5538631990421112,3.9632411180257323,/home/lmres/storage/projects/cwru-fault-detection/data/mat_files/214.mat,48000,1,1772,drive,inner,0.021,FE_0
0.03707111275901467,0.5363371077675969,4.058047676073345,/home/lmres/storage/projects/cwru-fault-detection/data/mat_files/214.mat,48000,1,1772,drive,inner,0.021,FE_0
0.0386293024890522,0.5440109905489513,4.068413409641615,/home/lmres/storage/projects/cwru-fault-detection/data/mat_files/214.mat,48000,1,1772,drive,inner,0.021,FE_0
0.038220419815726374,0.5501214801339679,3.9535501374528565,/home/lmres/storage/projects/cwru-fault-detection/data/mat_files/214.mat,48000,1,1772,drive,inner,0.021,FE_0
0.04087614856752541,0.5328208246727356,3.8651843445580214,/home/lmres/storage/projects/cwru-fault-detection/data/mat_files/214.mat,48000,1,1772,drive,inner,0.021,FE_0
0.5649904596349489,0.9769369770991868,3.6797637698514816,/home/lmres/storage/projects/cwru-fault-detection/data/mat_files/215.mat,48000,2,1750,drive,inner,0.021,DE_0
0.5587254928418737,0.9765132740119549,3.4855541189812898,/home/lmres/storage/projects/cwru-fault-detection/data/mat_files/215.mat,48000,2,1750,drive,inner,0.021,DE_0
0.5758877145063467,0.9769204607169335,3.645812811129657,/home/lmres/storage/projects/cwru-fault-detection/data/mat_files/215.mat,48000,2,1750,drive,inner,0.021,DE_0
0.5967492543845442,0.9774964922086982,3.629724838506769,/home/lmres/storage/projects/cwru-fault-detection/data/mat_files/215.mat,48000,2,1750,drive,inner,0.021,DE_0
0.6132338241953816,0.9776692208227481,3.9157795110967952,/home/lmres/storage/projects/cwru-fault-detection/data/mat_files/215.mat,48000,2,1750,drive,inner,0.021,DE_0
0.5887098666753284,0.9765398789369241,3.779014158719734,/home/lmres/storage/projects/cwru-fault-detection/data/mat_files/215.mat,48000,2,1750,drive,inner,0.021,DE_0
0.6069920826653108,0.9772758737258654,3.617310637382322,/home/lmres/storage/projects/cwru-fault-detection/data/mat_files/215.mat,48000,2,1750,drive,inner,0.021,DE_0
0.58569703241524,0.9768949044508245,3.638283677683147,/home/lmres/storage/projects/cwru-fault-detection/data/mat_files/215.mat,48000,2,1750,drive,inner,0.021,DE_0
0.573709445623164,0.9774153331716511,3.484362179834686,/home/lmres/storage/projects/cwru-fault-detection/data/mat_files/215.mat,48000,2,1750,drive,inner,0.021,DE_0
0.5670420623353428,0.9764299931719684,3.5745164978237765,/home/lmres/storage/projects/cwru-fault-detection/data/mat_files/215.mat,48000,2,1750,drive,inner,0.021,DE_0
0.03598679672532941,0.5615758318485137,4.203157132780803,/home/lmres/storage/projects/cwru-fault-detection/data/mat_files/215.mat,48000,2,1750,drive,inner,0.021,FE_0
0.03561093959309862,0.5343915667302637,3.9990690736646455,/home/lmres/storage/projects/cwru-fault-detection/data/mat_files/215.mat,48000,2,1750,drive,inner,0.021,FE_0
0.035988484323681534,0.5343927830179986,4.100389480951731,/home/lmres/storage/projects/cwru-fault-detection/data/mat_files/215.mat,48000,2,1750,drive,inner,0.021,FE_0
0.03731888387988154,0.5509102620770168,3.964037329040977,/home/lmres/storage/projects/cwru-fault-detection/data/mat_files/215.mat,48000,2,1750,drive,inner,0.021,FE_0
0.038315759870813156,0.5504249343728393,3.981729899945774,/home/lmres/storage/projects/cwru-fault-detection/data/mat_files/215.mat,48000,2,1750,drive,inner,0.021,FE_0
0.036063277978735056,0.5355195524209471,4.061787735744779,/home/lmres/storage/projects/cwru-fault-detection/data/mat_files/215.mat,48000,2,1750,drive,inner,0.021,FE_0
0.0371464623351719,0.562890159817561,4.07291987669545,/home/lmres/storage/projects/cwru-fault-detection/data/mat_files/215.mat,48000,2,1750,drive,inner,0.021,FE_0
0.03521161604028636,0.5383591255133486,4.073695540977422,/home/lmres/storage/projects/cwru-fault-detection/data/mat_files/215.mat,48000,2,1750,drive,inner,0.021,FE_0
0.03531798886841267,0.5446908065107761,3.956635575823126,/home/lmres/storage/projects/cwru-fault-detection/data/mat_files/215.mat,48000,2,1750,drive,inner,0.021,FE_0
0.03474959413751824,0.53306478330964,4.2249393954563415,/home/lmres/storage/projects/cwru-fault-detection/data/mat_files/215.mat,48000,2,1750,drive,inner,0.021,FE_0
0.5649904596349489,0.9769369770991868,3.6797637698514816,/home/lmres/storage/projects/cwru-fault-detection/data/mat_files/217.mat,48000,3,1730,drive,inner,0.021,DE_0
0.5587254928418737,0.9765132740119549,3.4855541189812898,/home/lmres/storage/projects/cwru-fault-detection/data/mat_files/217.mat,48000,3,1730,drive,inner,0.021,DE_0
0.5758877145063467,0.9769204607169335,3.645812811129657,/home/lmres/storage/projects/cwru-fault-detection/data/mat_files/217.mat,48000,3,1730,drive,inner,0.021,DE_0
0.5967492543845442,0.9774964922086982,3.629724838506769,/home/lmres/storage/projects/cwru-fault-detection/data/mat_files/217.mat,48000,3,1730,drive,inner,0.021,DE_0
0.6132338241953816,0.9776692208227481,3.9157795110967952,/home/lmres/storage/projects/cwru-fault-detection/data/mat_files/217.mat,48000,3,1730,drive,inner,0.021,DE_0
0.5887098666753284,0.9765398789369241,3.779014158719734,/home/lmres/storage/projects/cwru-fault-detection/data/mat_files/217.mat,48000,3,1730,drive,inner,0.021,DE_0
0.6069920826653108,0.9772758737258654,3.617310637382322,/home/lmres/storage/projects/cwru-fault-detection/data/mat_files/217.mat,48000,3,1730,drive,inner,0.021,DE_0
0.58569703241524,0.9768949044508245,3.638283677683147,/home/lmres/storage/projects/cwru-fault-detection/data/mat_files/217.mat,48000,3,1730,drive,inner,0.021,DE_0
0.573709445623164,0.9774153331716511,3.484362179834686,/home/lmres/storage/projects/cwru-fault-detection/data/mat_files/217.mat,48000,3,1730,drive,inner,0.021,DE_0
0.5670420623353428,0.9764299931719684,3.5745164978237765,/home/lmres/storage/projects/cwru-fault-detection/data/mat_files/217.mat,48000,3,1730,drive,inner,0.021,DE_0
0.03598679672532941,0.5615758318485137,4.203157132780803,/home/lmres/storage/projects/cwru-fault-detection/data/mat_files/217.mat,48000,3,1730,drive,inner,0.021,FE_0
0.03561093959309862,0.5343915667302637,3.9990690736646455,/home/lmres/storage/projects/cwru-fault-detection/data/mat_files/217.mat,48000,3,1730,drive,inner,0.021,FE_0
0.035988484323681534,0.5343927830179986,4.100389480951731,/home/lmres/storage/projects/cwru-fault-detection/data/mat_files/217.mat,48000,3,1730,drive,inner,0.021,FE_0
0.03731888387988154,0.5509102620770168,3.964037329040977,/home/lmres/storage/projects/cwru-fault-detection/data/mat_files/217.mat,48000,3,1730,drive,inner,0.021,FE_0
0.038315759870813156,0.5504249343728393,3.981729899945774,/home/lmres/storage/projects/cwru-fault-detection/data/mat_files/217.mat,48000,3,1730,drive,inner,0.021,FE_0
0.036063277978735056,0.5355195524209471,4.061787735744779,/home/lmres/storage/projects/cwru-fault-detection/data/mat_files/217.mat,48000,3,1730,drive,inner,0.021,FE_0
0.0371464623351719,0.562890159817561,4.07291987669545,/home/lmres/storage/projects/cwru-fault-detection/data/mat_files/217.mat,48000,3,1730,drive,inner,0.021,FE_0
0.03521161604028636,0.5383591255133486,4.073695540977422,/home/lmres/storage/projects/cwru-fault-detection/data/mat_files/217.mat,48000,3,1730,drive,inner,0.021,FE_0
0.03531798886841267,0.5446908065107761,3.956635575823126,/home/lmres/storage/projects/cwru-fault-detection/data/mat_files/217.mat,48000,3,1730,drive,inner,0.021,FE_0
0.03474959413751824,0.53306478330964,4.2249393954563415,/home/lmres/storage/projects/cwru-fault-detection/data/mat_files/217.mat,48000,3,1730,drive,inner,0.021,FE_0
0.02346608044941195,0.8379611073753301,3.0909615979100886,/home/lmres/storage/projects/cwru-fault-detection/data/mat_files/122.mat,48000,0,1797,drive,ball,0.007,DE_0
0.02211885218323697,0.8215800170418144,3.17558791952711,/home/lmres/storage/projects/cwru-fault-detection/data/mat_files/122.mat,48000,0,1797,drive,ball,0.007,DE_0
0.022302883732291383,0.8190902547144042,3.075961460641231,/home/lmres/storage/projects/cwru-fault-detection/data/mat_files/122.mat,48000,0,1797,drive,ball,0.007,DE_0
0.021832037733457134,0.829544451865681,3.1115070178649793,/home/lmres/storage/projects/cwru-fault-detection/data/mat_files/122.mat,48000,0,1797,drive,ball,0.007,DE_0
0.021926524899276142,0.827590790185216,3.194901679685557,/home/lmres/storage/projects/cwru-fault-detection/data/mat_files/122.mat,48000,0,1797,drive,ball,0.007,DE_0
0.012357749942641872,0.5976063326297937,2.7349239546827917,/home/lmres/storage/projects/cwru-fault-detection/data/mat_files/122.mat,48000,0,1797,drive,ball,0.007,FE_0
0.012634073878052616,0.5960380661333238,2.7664517474719,/home/lmres/storage/projects/cwru-fault-detection/data/mat_files/122.mat,48000,0,1797,drive,ball,0.007,FE_0
0.012860748915421417,0.5903673043420664,2.714194571720575,/home/lmres/storage/projects/cwru-fault-detection/data/mat_files/122.mat,48000,0,1797,drive,ball,0.007,FE_0
0.012971788310905922,0.6076843723368462,2.698654390063648,/home/lmres/storage/projects/cwru-fault-detection/data/mat_files/122.mat,48000,0,1797,drive,ball,0.007,FE_0
0.01324897184449201,0.5922922675664022,2.759341113641714,/home/lmres/storage/projects/cwru-fault-detection/data/mat_files/122.mat,48000,0,1797,drive,ball,0.007,FE_0
0.01983592831039853,0.8771051634667091,3.072511140119667,/home/lmres/storage/projects/cwru-fault-detection/data/mat_files/123.mat,48000,1,1772,drive,ball,0.007,DE_0
0.01902678721957896,0.8689033539113574,3.0000750036706787,/home/lmres/storage/projects/cwru-fault-detection/data/mat_files/123.mat,48000,1,1772,drive,ball,0.007,DE_0
0.01896525932039929,0.8701207931297064,2.9853949748396986,/home/lmres/storage/projects/cwru-fault-detection/data/mat_files/123.mat,48000,1,1772,drive,ball,0.007,DE_0
0.018753042549714175,0.8777431246428382,2.9897506919889794,/home/lmres/storage/projects/cwru-fault-detection/data/mat_files/123.mat,48000,1,1772,drive,ball,0.007,DE_0
0.019453545668539667,0.8842550290618119,3.024635270842514,/home/lmres/storage/projects/cwru-fault-detection/data/mat_files/123.mat,48000,1,1772,drive,ball,0.007,DE_0
0.0204432766135053,0.8813659206885011,3.0099768465165893,/home/lmres/storage/projects/cwru-fault-detection/data/mat_files/123.mat,48000,1,1772,drive,ball,0.007,DE_0
0.020108274134651077,0.8750663254301273,3.1139115772314594,/home/lmres/storage/projects/cwru-fault-detection/data/mat_files/123.mat,48000,1,1772,drive,ball,0.007,DE_0
0.02045097639213259,0.8790526657427545,3.064094782012018,/home/lmres/storage/projects/cwru-fault-detection/data/mat_files/123.mat,48000,1,1772,drive,ball,0.007,DE_0
0.02100959112099117,0.8713585824079002,3.156011624599163,/home/lmres/storage/projects/cwru-fault-detection/data/mat_files/123.mat,48000,1,1772,drive,ball,0.007,DE_0
0.021552266279949512,0.8819949394276458,3.2114728637205845,/home/lmres/storage/projects/cwru-fault-detection/data/mat_files/123.mat,48000,1,1772,drive,ball,0.007,DE_0
0.008538858629418732,0.4082122586675383,2.926039806497491,/home/lmres/storage/projects/cwru-fault-detection/data/mat_files/123.mat,48000,1,1772,drive,ball,0.007,FE_0
0.008518667286732161,0.4021429817434526,2.926852391871016,/home/lmres/storage/projects/cwru-fault-detection/data/mat_files/123.mat,48000,1,1772,drive,ball,0.007,FE_0
0.008702555215801445,0.4031943536376109,2.8938767301105015,/home/lmres/storage/projects/cwru-fault-detection/data/mat_files/123.mat,48000,1,1772,drive,ball,0.007,FE_0
0.008631992904831678,0.38876636355944794,2.9137171464974085,/home/lmres/storage/projects/cwru-fault-detection/data/mat_files/123.mat,48000,1,1772,drive,ball,0.007,FE_0
0.008605060952147383,0.4024714333253472,2.9890535988245066,/home/lmres/storage/projects/cwru-fault-detection/data/mat_files/123.mat,48000,1,1772,drive,ball,0.007,FE_0
0.008662911931157367,0.41441010624133195,2.9641161830157152,/home/lmres/storage/projects/cwru-fault-detection/data/mat_files/123.mat,48000,1,1772,drive,ball,0.007,FE_0
0.008701537012047934,0.39086434492914224,2.9348912857331237,/home/lmres/storage/projects/cwru-fault-detection/data/mat_files/123.mat,48000,1,1772,drive,ball,0.007,FE_0
0.008782917452860743,0.4083518377384627,2.8957004328276934,/home/lmres/storage/projects/cwru-fault-detection/data/mat_files/123.mat,48000,1,1772,drive,ball,0.007,FE_0
0.008526528978874173,0.4220987238195903,2.895814755268727,/home/lmres/storage/projects/cwru-fault-detection/data/mat_files/123.mat,48000,1,1772,drive,ball,0.007,FE_0
0.008441281543146212,0.40866381008193575,2.9391103190763284,/home/lmres/storage/projects/cwru-fault-detection/data/mat_files/123.mat,48000,1,1772,drive,ball,0.007,FE_0
0.021330444716727053,0.8816198727440384,3.213922057696322,/home/lmres/storage/projects/cwru-fault-detection/data/mat_files/124.mat,48000,2,1750,drive,ball,0.007,DE_0
0.021653447107587626,0.8856962082696447,3.0508490829114168,/home/lmres/storage/projects/cwru-fault-detection/data/mat_files/124.mat,48000,2,1750,drive,ball,0.007,DE_0
0.021696325227043806,0.8811090575168194,3.1063052591330247,/home/lmres/storage/projects/cwru-fault-detection/data/mat_files/124.mat,48000,2,1750,drive,ball,0.007,DE_0
0.021758623106896902,0.8828887944674898,2.9233765079541656,/home/lmres/storage/projects/cwru-fault-detection/data/mat_files/124.mat,48000,2,1750,drive,ball,0.007,DE_0
0.02068575779826014,0.8898536113556869,3.0166321320186977,/home/lmres/storage/projects/cwru-fault-detection/data/mat_files/124.mat,48000,2,1750,drive,ball,0.007,DE_0
0.02046784478936847,0.8772157792403295,3.1406471192196306,/home/lmres/storage/projects/cwru-fault-detection/data/mat_files/124.mat,48000,2,1750,drive,ball,0.007,DE_0
0.018665781778669916,0.8664397730648036,3.0914161483570806,/home/lmres/storage/projects/cwru-fault-detection/data/mat_files/124.mat,48000,2,1750,drive,ball,0.007,DE_0
0.019003294271792023,0.8763887701733868,3.0400146484471096,/home/lmres/storage/projects/cwru-fault-detection/data/mat_files/124.mat,48000,2,1750,drive,ball,0.007,DE_0
0.0209347990934853,0.8810859587649925,3.0083335140881027,/home/lmres/storage/projects/cwru-fault-detection/data/mat_files/124.mat,48000,2,1750,drive,ball,0.007,DE_0
0.0201564742496973,0.8759414221785047,3.2321196191158736,/home/lmres/storage/projects/cwru-fault-detection/data/mat_files/124.mat,48000,2,1750,drive,ball,0.007,DE_0
0.010358391759469697,0.28747023440582636,2.940489614182064,/home/lmres/storage/projects/cwru-fault-detection/data/mat_files/124.mat,48000,2,1750,drive,ball,0.007,FE_0
0.010356355564779339,0.29279853630705266,3.028926804296588,/home/lmres/storage/projects/cwru-fault-detection/data/mat_files/124.mat,48000,2,1750,drive,ball,0.007,FE_0
0.010363826233557989,0.29445331127480734,2.9685696848954644,/home/lmres/storage/projects/cwru-fault-detection/data/mat_files/124.mat,48000,2,1750,drive,ball,0.007,FE_0
0.010401197171761363,0.29191783594110104,2.9651250782865977,/home/lmres/storage/projects/cwru-fault-detection/data/mat_files/124.mat,48000,2,1750,drive,ball,0.007,FE_0
0.01011908195577369,0.29007638384935824,2.9981623066664143,/home/lmres/storage/projects/cwru-fault-detection/data/mat_files/124.mat,48000,2,1750,drive,ball,0.007,FE_0
0.010321998311080922,0.29213501393001207,2.936182540596003,/home/lmres/storage/projects/cwru-fault-detection/data/mat_files/124.mat,48000,2,1750,drive,ball,0.007,FE_0
0.010248629750297658,0.29236785353596423,2.9238798929088827,/home/lmres/storage/projects/cwru-fault-detection/data/mat_files/124.mat,48000,2,1750,drive,ball,0.007,FE_0
0.010298957513279888,0.2971397419369176,2.9801243212051913,/home/lmres/storage/projects/cwru-fault-detection/data/mat_files/124.mat,48000,2,1750,drive,ball,0.007,FE_0
0.010330999600417216,0.3042713056094548,2.9432169728157067,/home/lmres/storage/projects/cwru-fault-detection/data/mat_files/124.mat,48000,2,1750,drive,ball,0.007,FE_0
0.010283592041779407,0.28220418359228044,2.957608490432705,/home/lmres/storage/projects/cwru-fault-detection/data/mat_files/124.mat,48000,2,1750,drive,ball,0.007,FE_0
0.020853139318112165,0.83641411570306,3.0372076643658406,/home/lmres/storage/projects/cwru-fault-detection/data/mat_files/125.mat,48000,3,1730,drive,ball,0.007,DE_0
0.02058512912636002,0.8354788736206205,3.0692203052142126,/home/lmres/storage/projects/cwru-fault-detection/data/mat_files/125.mat,48000,3,1730,drive,ball,0.007,DE_0
0.020633832764027717,0.8327847547282173,3.044146367802544,/home/lmres/storage/projects/cwru-fault-detection/data/mat_files/125.mat,48000,3,1730,drive,ball,0.007,DE_0
0.01951928114422544,0.8244546458569386,3.0695778425597258,/home/lmres/storage/projects/cwru-fault-detection/data/mat_files/125.mat,48000,3,1730,drive,ball,0.007,DE_0
0.019427373368691336,0.8212800147101583,3.0468566516306796,/home/lmres/storage/projects/cwru-fault-detection/data/mat_files/125.mat,48000,3,1730,drive,ball,0.007,DE_0
0.021010108519360044,0.8332543308181948,2.960948340579361,/home/lmres/storage/projects/cwru-fault-detection/data/mat_files/125.mat,48000,3,1730,drive,ball,0.007,DE_0
0.02037212081337387,0.8326087003844445,3.1681560321059847,/home/lmres/storage/projects/cwru-fault-detection/data/mat_files/125.mat,48000,3,1730,drive,ball,0.007,DE_0
0.020969673070919077,0.841457354579609,2.9932071742416353,/home/lmres/storage/projects/cwru-fault-detection/data/mat_files/125.mat,48000,3,1730,drive,ball,0.007,DE_0
0.02068453524372859,0.844511653520574,3.0462852836820575,/home/lmres/storage/projects/cwru-fault-detection/data/mat_files/125.mat,48000,3,1730,drive,ball,0.007,DE_0
0.02051854232043962,0.8349454613347611,2.9784799656201035,/home/lmres/storage/projects/cwru-fault-detection/data/mat_files/125.mat,48000,3,1730,drive,ball,0.007,DE_0
0.020819154141455784,0.18302535831333658,2.6410142172508526,/home/lmres/storage/projects/cwru-fault-detection/data/mat_files/125.mat,48000,3,1730,drive,ball,0.007,FE_0
0.020906288012258127,0.1713747924799756,2.6561020227782124,/home/lmres/storage/projects/cwru-fault-detection/data/mat_files/125.mat,48000,3,1730,drive,ball,0.007,FE_0
0.020814460733694765,0.17500118438615078,2.639558543016866,/home/lmres/storage/projects/cwru-fault-detection/data/mat_files/125.mat,48000,3,1730,drive,ball,0.007,FE_0
0.0209627528354126,0.17432219563589144,2.6433717138690582,/home/lmres/storage/projects/cwru-fault-detection/data/mat_files/125.mat,48000,3,1730,drive,ball,0.007,FE_0
0.020797453075577066,0.17965892546048903,2.632467222591049,/home/lmres/storage/projects/cwru-fault-detection/data/mat_files/125.mat,48000,3,1730,drive,ball,0.007,FE_0
0.02075368641789008,0.17617909271527704,2.6368466778702784,/home/lmres/storage/projects/cwru-fault-detection/data/mat_files/125.mat,48000,3,1730,drive,ball,0.007,FE_0
0.021075191391433882,0.1821753391479237,2.622736924861761,/home/lmres/storage/projects/cwru-fault-detection/data/mat_files/125.mat,48000,3,1730,drive,ball,0.007,FE_0
0.020775975601747727,0.17791938376621752,2.6487819930186354,/home/lmres/storage/projects/cwru-fault-detection/data/mat_files/125.mat,48000,3,1730,drive,ball,0.007,FE_0
0.0209266043662688,0.18058842749660173,2.633855413835289,/home/lmres/storage/projects/cwru-fault-detection/data/mat_files/125.mat,48000,3,1730,drive,ball,0.007,FE_0
0.021066367488306887,0.18305404860780827,2.6131144613393875,/home/lmres/storage/projects/cwru-fault-detection/data/mat_files/125.mat,48000,3,1730,drive,ball,0.007,FE_0
0.01343030410398795,0.61134694876066,5.058287035803689,/home/lmres/storage/projects/cwru-fault-detection/data/mat_files/189.mat,48000,0,1797,drive,ball,0.014,DE_0
0.0176752446186889,0.7397338811660412,9.230789411556822,/home/lmres/storage/projects/cwru-fault-detection/data/mat_files/189.mat,48000,0,1797,drive,ball,0.014,DE_0
0.020744000127356662,0.8072409384948533,13.12550610499124,/home/lmres/storage/projects/cwru-fault-detection/data/mat_files/189.mat,48000,0,1797,drive,ball,0.014,DE_0
0.01967630473234658,0.7829032013391809,9.7075882063204,/home/lmres/storage/projects/cwru-fault-detection/data/mat_files/189.mat,48000,0,1797,drive,ball,0.014,DE_0
0.0221259965801782,0.7857003581319979,9.695401979562421,/home/lmres/storage/projects/cwru-fault-detection/data/mat_files/189.mat,48000,0,1797,drive,ball,0.014,DE_0
0.013026408365323483,0.6113469487606601,5.058287035803688,/home/lmres/storage/projects/cwru-fault-detection/data/mat_files/189.mat,48000,0,1797,drive,ball,0.014,FE_0
0.017143688823223275,0.7397338811660412,9.230789411556826,/home/lmres/storage/projects/cwru-fault-detection/data/mat_files/189.mat,48000,0,1797,drive,ball,0.014,FE_0
0.020120156230046347,0.8072409384948532,13.12550610499124,/home/lmres/storage/projects/cwru-fault-detection/data/mat_files/189.mat,48000,0,1797,drive,ball,0.014,FE_0
0.019084570131809985,0.7829032013391808,9.707588206320404,/home/lmres/storage/projects/cwru-fault-detection/data/mat_files/189.mat,48000,0,1797,drive,ball,0.014,FE_0
0.021460591265209574,0.7857003581319981,9.695401979562426,/home/lmres/storage/projects/cwru-fault-detection/data/mat_files/189.mat,48000,0,1797,drive,ball,0.014,FE_0
0.03012550441576075,0.838296122622322,29.060182927604345,/home/lmres/storage/projects/cwru-fault-detection/data/mat_files/190.mat,48000,1,1772,drive,ball,0.014,DE_0
0.01442954982865434,0.735360718017815,8.19530623739354,/home/lmres/storage/projects/cwru-fault-detection/data/mat_files/190.mat,48000,1,1772,drive,ball,0.014,DE_0
0.015173993172711406,0.7763817229674378,6.959628300087678,/home/lmres/storage/projects/cwru-fault-detection/data/mat_files/190.mat,48000,1,1772,drive,ball,0.014,DE_0
0.01672964822741915,0.7900425171952745,8.50180888228466,/home/lmres/storage/projects/cwru-fault-detection/data/mat_files/190.mat,48000,1,1772,drive,ball,0.014,DE_0
0.016448436588472896,0.7581646408002803,7.677594200641518,/home/lmres/storage/projects/cwru-fault-detection/data/mat_files/190.mat,48000,1,1772,drive,ball,0.014,DE_0
0.03141489675882894,0.8427125435161155,16.658574875390617,/home/lmres/storage/projects/cwru-fault-detection/data/mat_files/190.mat,48000,1,1772,drive,ball,0.014,DE_0
0.015560483625141584,0.7628126829889695,10.124737338687027,/home/lmres/storage/projects/cwru-fault-detection/data/mat_files/190.mat,48000,1,1772,drive,ball,0.014,DE_0
0.019952380948472945,0.8088763171925865,6.77915615868326,/home/lmres/storage/projects/cwru-fault-detection/data/mat_files/190.mat,48000,1,1772,drive,ball,0.014,DE_0
0.0214254499128671,0.7885725456209476,12.525952990743276,/home/lmres/storage/projects/cwru-fault-detection/data/mat_files/190.mat,48000,1,1772,drive,ball,0.014,DE_0
0.03719259227126315,0.8551323599271344,17.758420737654305,/home/lmres/storage/projects/cwru-fault-detection/data/mat_files/190.mat,48000,1,1772,drive,ball,0.014,DE_0
0.009482792345697795,0.3364812663477155,6.796554055057724,/home/lmres/storage/projects/cwru-fault-detection/data/mat_files/190.mat,48000,1,1772,drive,ball,0.014,FE_0
0.007240822152086155,0.269687363147911,4.3653458315585425,/home/lmres/storage/projects/cwru-fault-detection/data/mat_files/190.mat,48000,1,1772,drive,ball,0.014,FE_0
0.008042126143641666,0.3613941209602763,5.0977624576009735,/home/lmres/storage/projects/cwru-fault-detection/data/mat_files/190.mat,48000,1,1772,drive,ball,0.014,FE_0
0.006304420612999448,0.259402763636733,3.3539989153628027,/home/lmres/storage/projects/cwru-fault-detection/data/mat_files/190.mat,48000,1,1772,drive,ball,0.014,FE_0
0.008219445567199793,0.30630067242980846,4.084861366278207,/home/lmres/storage/projects/cwru-fault-detection/data/mat_files/190.mat,48000,1,1772,drive,ball,0.014,FE_0
0.010736443922373828,0.34377435032693704,4.289674804334168,/home/lmres/storage/projects/cwru-fault-detection/data/mat_files/190.mat,48000,1,1772,drive,ball,0.014,FE_0
0.0082089414808865,0.3376026989778218,4.9017944774517535,/home/lmres/storage/projects/cwru-fault-detection/data/mat_files/190.mat,48000,1,1772,drive,ball,0.014,FE_0
0.009948539513636914,0.350914634348546,4.645997142641571,/home/lmres/storage/projects/cwru-fault-detection/data/mat_files/190.mat,48000,1,1772,drive,ball,0.014,FE_0
0.010187792745914118,0.38683956944513864,5.22831427834148,/home/lmres/storage/projects/cwru-fault-detection/data/mat_files/190.mat,48000,1,1772,drive,ball,0.014,FE_0
0.011859899485185607,0.37876303366521763,4.561991146906271,/home/lmres/storage/projects/cwru-fault-detection/data/mat_files/190.mat,48000,1,1772,drive,ball,0.014,FE_0
0.07688156056730634,0.953136314073837,36.59919485702788,/home/lmres/storage/projects/cwru-fault-detection/data/mat_files/191.mat,48000,2,1750,drive,ball,0.014,DE_0
0.015720960808274627,0.7876534922560382,9.028774633139566,/home/lmres/storage/projects/cwru-fault-detection/data/mat_files/191.mat,48000,2,1750,drive,ball,0.014,DE_0
0.02078820740632537,0.8327594710945283,10.256451938689098,/home/lmres/storage/projects/cwru-fault-detection/data/mat_files/191.mat,48000,2,1750,drive,ball,0.014,DE_0
0.034870498468195815,0.8787136429452257,25.797553950708764,/home/lmres/storage/projects/cwru-fault-detection/data/mat_files/191.mat,48000,2,1750,drive,ball,0.014,DE_0
0.024274360516739216,0.8172365890276742,13.729000159079908,/home/lmres/storage/projects/cwru-fault-detection/data/mat_files/191.mat,48000,2,1750,drive,ball,0.014,DE_0
0.02716440016058102,0.8393440854260481,31.42306144567847,/home/lmres/storage/projects/cwru-fault-detection/data/mat_files/191.mat,48000,2,1750,drive,ball,0.014,DE_0
0.03266821437454821,0.8593476232566548,23.48162861124031,/home/lmres/storage/projects/cwru-fault-detection/data/mat_files/191.mat,48000,2,1750,drive,ball,0.014,DE_0
0.019959824252441822,0.8130040377133023,15.255715419348787,/home/lmres/storage/projects/cwru-fault-detection/data/mat_files/191.mat,48000,2,1750,drive,ball,0.014,DE_0
0.019039328320280307,0.8263027254301124,7.574898420672249,/home/lmres/storage/projects/cwru-fault-detection/data/mat_files/191.mat,48000,2,1750,drive,ball,0.014,DE_0
0.023584759127656545,0.8571062755538064,10.738406017616954,/home/lmres/storage/projects/cwru-fault-detection/data/mat_files/191.mat,48000,2,1750,drive,ball,0.014,DE_0
0.013374113987529336,0.42323782304242824,6.223154002860181,/home/lmres/storage/projects/cwru-fault-detection/data/mat_files/191.mat,48000,2,1750,drive,ball,0.014,FE_0
0.009600356421410055,0.25383778611579233,4.9547119846893155,/home/lmres/storage/projects/cwru-fault-detection/data/mat_files/191.mat,48000,2,1750,drive,ball,0.014,FE_0
0.009052316049889462,0.30800781749418565,3.6754329114180067,/home/lmres/storage/projects/cwru-fault-detection/data/mat_files/191.mat,48000,2,1750,drive,ball,0.014,FE_0
0.012260626389791803,0.3728755935057315,4.539200922741109,/home/lmres/storage/projects/cwru-fault-detection/data/mat_files/191.mat,48000,2,1750,drive,ball,0.014,FE_0
0.011201713436495727,0.32904448013549287,5.80736097757568,/home/lmres/storage/projects/cwru-fault-detection/data/mat_files/191.mat,48000,2,1750,drive,ball,0.014,FE_0
0.010845365013749173,0.3139057089878935,4.150119095537951,/home/lmres/storage/projects/cwru-fault-detection/data/mat_files/191.mat,48000,2,1750,drive,ball,0.014,FE_0
0.011598699032896002,0.32989717142559416,3.9547431885605704,/home/lmres/storage/projects/cwru-fault-detection/data/mat_files/191.mat,48000,2,1750,drive,ball,0.014,FE_0
0.022334093978402202,0.4570509878518428,8.129274898745644,/home/lmres/storage/projects/cwru-fault-detection/data/mat_files/191.mat,48000,2,1750,drive,ball,0.014,FE_0
0.009845190488480716,0.26672168887979736,4.30180965612045,/home/lmres/storage/projects/cwru-fault-detection/data/mat_files/191.mat,48000,2,1750,drive,ball,0.014,FE_0
0.01060243428221033,0.31006396830056154,4.754314230264931,/home/lmres/storage/projects/cwru-fault-detection/data/mat_files/191.mat,48000,2,1750,drive,ball,0.014,FE_0
0.02588345763813337,0.799045215157384,21.09983148644721,/home/lmres/storage/projects/cwru-fault-detection/data/mat_files/192.mat,48000,3,1730,drive,ball,0.014,DE_0
0.030430482310472164,0.8146189924082973,17.55389182619106,/home/lmres/storage/projects/cwru-fault-detection/data/mat_files/192.mat,48000,3,1730,drive,ball,0.014,DE_0
0.03931709423986615,0.8410246509713443,15.337933381548503,/home/lmres/storage/projects/cwru-fault-detection/data/mat_files/192.mat,48000,3,1730,drive,ball,0.014,DE_0
0.024460955797808943,0.7857918934365391,16.659238969543438,/home/lmres/storage/projects/cwru-fault-detection/data/mat_files/192.mat,48000,3,1730,drive,ball,0.014,DE_0
0.028335363023093037,0.8108165871192109,16.878279649205325,/home/lmres/storage/projects/cwru-fault-detection/data/mat_files/192.mat,48000,3,1730,drive,ball,0.014,DE_0
0.032543032619289584,0.827890113635809,24.740829747943735,/home/lmres/storage/projects/cwru-fault-detection/data/mat_files/192.mat,48000,3,1730,drive,ball,0.014,DE_0
0.019646673973177348,0.7554235991995878,7.545296470975722,/home/lmres/storage/projects/cwru-fault-detection/data/mat_files/192.mat,48000,3,1730,drive,ball,0.014,DE_0
0.021434825413755902,0.7609959934805457,5.879357454397831,/home/lmres/storage/projects/cwru-fault-detection/data/mat_files/192.mat,48000,3,1730,drive,ball,0.014,DE_0
0.028373951428581724,0.7988539327718593,17.39282800191177,/home/lmres/storage/projects/cwru-fault-detection/data/mat_files/192.mat,48000,3,1730,drive,ball,0.014,DE_0
0.023079047362233297,0.7772274594030603,9.461210255863787,/home/lmres/storage/projects/cwru-fault-detection/data/mat_files/192.mat,48000,3,1730,drive,ball,0.014,DE_0
0.01370378272888533,0.24609519429124016,3.463456497934917,/home/lmres/storage/projects/cwru-fault-detection/data/mat_files/192.mat,48000,3,1730,drive,ball,0.014,FE_0
0.016455056377968662,0.32642793483870236,4.467454089020145,/home/lmres/storage/projects/cwru-fault-detection/data/mat_files/192.mat,48000,3,1730,drive,ball,0.014,FE_0
0.017489901617417973,0.30742776693836416,3.8601582930608376,/home/lmres/storage/projects/cwru-fault-detection/data/mat_files/192.mat,48000,3,1730,drive,ball,0.014,FE_0
0.015254958733030372,0.2885728413963989,3.7317770897147895,/home/lmres/storage/projects/cwru-fault-detection/data/mat_files/192.mat,48000,3,1730,drive,ball,0.014,FE_0
0.015127638780760951,0.2939740797544655,3.611645442413802,/home/lmres/storage/projects/cwru-fault-detection/data/mat_files/192.mat,48000,3,1730,drive,ball,0.014,FE_0
0.017146321891275757,0.3271556299769699,4.1376213884968065,/home/lmres/storage/projects/cwru-fault-detection/data/mat_files/192.mat,48000,3,1730,drive,ball,0.014,FE_0
0.013508414120684023,0.26444198087243487,3.260829960464036,/home/lmres/storage/projects/cwru-fault-detection/data/mat_files/192.mat,48000,3,1730,drive,ball,0.014,FE_0
0.014008100962604061,0.2787280919072896,3.342893118145621,/home/lmres/storage/projects/cwru-fault-detection/data/mat_files/192.mat,48000,3,1730,drive,ball,0.014,FE_0
0.01580312891744118,0.3143106602888985,3.742556177452433,/home/lmres/storage/projects/cwru-fault-detection/data/mat_files/192.mat,48000,3,1730,drive,ball,0.014,FE_0
0.014874324225431267,0.26653232614454064,3.8224279445119307,/home/lmres/storage/projects/cwru-fault-detection/data/mat_files/192.mat,48000,3,1730,drive,ball,0.014,FE_0
0.19975038499129236,0.38380248904372266,3.084637259088894,/home/lmres/storage/projects/cwru-fault-detection/data/mat_files/226.mat,48000,0,1797,drive,ball,0.021,DE_0
0.18483741235503676,0.42021034319151085,3.019095718526936,/home/lmres/storage/projects/cwru-fault-detection/data/mat_files/226.mat,48000,0,1797,drive,ball,0.021,DE_0
0.19636212178153914,0.5159879372384282,3.8515853864956755,/home/lmres/storage/projects/cwru-fault-detection/data/mat_files/226.mat,48000,0,1797,drive,ball,0.021,DE_0
0.17028396004868035,0.5229826834878979,2.923962178268327,/home/lmres/storage/projects/cwru-fault-detection/data/mat_files/226.mat,48000,0,1797,drive,ball,0.021,DE_0
0.16259831878413067,0.5752690407121864,2.9494296708966914,/home/lmres/storage/projects/cwru-fault-detection/data/mat_files/226.mat,48000,0,1797,drive,ball,0.021,DE_0
0.1937431994004156,0.3838024890437226,3.0846372590888933,/home/lmres/storage/projects/cwru-fault-detection/data/mat_files/226.mat,48000,0,1797,drive,ball,0.021,FE_0
0.17927871147842753,0.4202103431915111,3.019095718526935,/home/lmres/storage/projects/cwru-fault-detection/data/mat_files/226.mat,48000,0,1797,drive,ball,0.021,FE_0
0.1904568329951797,0.5159879372384284,3.8515853864956755,/home/lmres/storage/projects/cwru-fault-detection/data/mat_files/226.mat,48000,0,1797,drive,ball,0.021,FE_0
0.16516293186539818,0.522982683487898,2.9239621782683276,/home/lmres/storage/projects/cwru-fault-detection/data/mat_files/226.mat,48000,0,1797,drive,ball,0.021,FE_0
0.15770842444053076,0.5752690407121865,2.949429670896691,/home/lmres/storage/projects/cwru-fault-detection/data/mat_files/226.mat,48000,0,1797,drive,ball,0.021,FE_0
0.03458328544428106,0.9436264742270453,4.308258634013707,/home/lmres/storage/projects/cwru-fault-detection/data/mat_files/227.mat,48000,1,1772,drive,ball,0.021,DE_0
0.049869965673340184,0.9546034340276174,8.236583108889796,/home/lmres/storage/projects/cwru-fault-detection/data/mat_files/227.mat,48000,1,1772,drive,ball,0.021,DE_0
0.06264394799116559,0.9628556841226814,13.136871091737818,/home/lmres/storage/projects/cwru-fault-detection/data/mat_files/227.mat,48000,1,1772,drive,ball,0.021,DE_0
0.044815463271998056,0.9514334736987137,6.225454630276493,/home/lmres/storage/projects/cwru-fault-detection/data/mat_files/227.mat,48000,1,1772,drive,ball,0.021,DE_0
0.05378447569905067,0.9600949585124674,8.26257984920355,/home/lmres/storage/projects/cwru-fault-detection/data/mat_files/227.mat,48000,1,1772,drive,ball,0.021,DE_0
0.044444890339142916,0.950475577579554,6.565117190626297,/home/lmres/storage/projects/cwru-fault-detection/data/mat_files/227.mat,48000,1,1772,drive,ball,0.021,DE_0
0.03182869494056088,0.9354968805811938,2.892456199278682,/home/lmres/storage/projects/cwru-fault-detection/data/mat_files/227.mat,48000,1,1772,drive,ball,0.021,DE_0
0.03136575052616329,0.9341730892798294,2.99738030888666,/home/lmres/storage/projects/cwru-fault-detection/data/mat_files/227.mat,48000,1,1772,drive,ball,0.021,DE_0
0.03143147647813953,0.9367623808727473,3.1295401420401596,/home/lmres/storage/projects/cwru-fault-detection/data/mat_files/227.mat,48000,1,1772,drive,ball,0.021,DE_0
0.07288359126656414,0.9711080972606709,13.746084539980913,/home/lmres/storage/projects/cwru-fault-detection/data/mat_files/227.mat,48000,1,1772,drive,ball,0.021,DE_0
0.00807946052134876,0.3731397747141115,3.0434573502217,/home/lmres/storage/projects/cwru-fault-detection/data/mat_files/227.mat,48000,1,1772,drive,ball,0.021,FE_0
0.00907406124972369,0.3822095817356479,3.742610726055569,/home/lmres/storage/projects/cwru-fault-detection/data/mat_files/227.mat,48000,1,1772,drive,ball,0.021,FE_0
0.010025390959875414,0.40019319413520466,4.175705628863261,/home/lmres/storage/projects/cwru-fault-detection/data/mat_files/227.mat,48000,1,1772,drive,ball,0.021,FE_0
0.00983369432122004,0.394876116796006,3.8019177605782697,/home/lmres/storage/projects/cwru-fault-detection/data/mat_files/227.mat,48000,1,1772,drive,ball,0.021,FE_0
0.010407901935341874,0.37635888359146263,4.030061873826137,/home/lmres/storage/projects/cwru-fault-detection/data/mat_files/227.mat,48000,1,1772,drive,ball,0.021,FE_0
0.010274068294561707,0.4498184352991888,4.470967213703308,/home/lmres/storage/projects/cwru-fault-detection/data/mat_files/227.mat,48000,1,1772,drive,ball,0.021,FE_0
0.008960904989720454,0.4340303085424306,2.8972496205431426,/home/lmres/storage/projects/cwru-fault-detection/data/mat_files/227.mat,48000,1,1772,drive,ball,0.021,FE_0
0.008836767499643182,0.4469336517326758,2.9207813583042577,/home/lmres/storage/projects/cwru-fault-detection/data/mat_files/227.mat,48000,1,1772,drive,ball,0.021,FE_0
0.008342121880028926,0.41191639768263333,2.968275950711528,/home/lmres/storage/projects/cwru-fault-detection/data/mat_files/227.mat,48000,1,1772,drive,ball,0.021,FE_0
0.009746121420187258,0.3966464785063591,4.050426733853803,/home/lmres/storage/projects/cwru-fault-detection/data/mat_files/227.mat,48000,1,1772,drive,ball,0.021,FE_0
0.05926478141848232,0.939665186694803,12.588787658530427,/home/lmres/storage/projects/cwru-fault-detection/data/mat_files/228.mat,48000,2,1750,drive,ball,0.021,DE_0
0.11478579786704109,0.9658553096908283,19.959933844866608,/home/lmres/storage/projects/cwru-fault-detection/data/mat_files/228.mat,48000,2,1750,drive,ball,0.021,DE_0
0.10226657400144278,0.9620649252050871,20.629576803928323,/home/lmres/storage/projects/cwru-fault-detection/data/mat_files/228.mat,48000,2,1750,drive,ball,0.021,DE_0
0.13961030691747583,0.9719478910492045,13.545074479439787,/home/lmres/storage/projects/cwru-fault-detection/data/mat_files/228.mat,48000,2,1750,drive,ball,0.021,DE_0
0.1487523918647281,0.9730467582927682,13.156337965128735,/home/lmres/storage/projects/cwru-fault-detection/data/mat_files/228.mat,48000,2,1750,drive,ball,0.021,DE_0
0.1117187426415419,0.9666821176554155,18.005127967432383,/home/lmres/storage/projects/cwru-fault-detection/data/mat_files/228.mat,48000,2,1750,drive,ball,0.021,DE_0
0.11660344275546072,0.964932670188969,16.36837737555467,/home/lmres/storage/projects/cwru-fault-detection/data/mat_files/228.mat,48000,2,1750,drive,ball,0.021,DE_0
0.10137419293024635,0.9634219357916549,19.09839658086662,/home/lmres/storage/projects/cwru-fault-detection/data/mat_files/228.mat,48000,2,1750,drive,ball,0.021,DE_0
0.14862827838153855,0.9731959636413231,11.584157182526873,/home/lmres/storage/projects/cwru-fault-detection/data/mat_files/228.mat,48000,2,1750,drive,ball,0.021,DE_0
0.08191610041846174,0.9531605337552964,19.68501441866921,/home/lmres/storage/projects/cwru-fault-detection/data/mat_files/228.mat,48000,2,1750,drive,ball,0.021,DE_0
0.009704933768963567,0.3379446495316334,3.3344066450861733,/home/lmres/storage/projects/cwru-fault-detection/data/mat_files/228.mat,48000,2,1750,drive,ball,0.021,FE_0
0.012302542810584712,0.3685738098563503,4.0659030795224504,/home/lmres/storage/projects/cwru-fault-detection/data/mat_files/228.mat,48000,2,1750,drive,ball,0.021,FE_0
0.01240049419828292,0.3736522249635626,4.6778579753932625,/home/lmres/storage/projects/cwru-fault-detection/data/mat_files/228.mat,48000,2,1750,drive,ball,0.021,FE_0
0.012602975740119694,0.38814944690897046,4.340310668031376,/home/lmres/storage/projects/cwru-fault-detection/data/mat_files/228.mat,48000,2,1750,drive,ball,0.021,FE_0
0.01378875550887562,0.422693884455114,5.19059650985572,/home/lmres/storage/projects/cwru-fault-detection/data/mat_files/228.mat,48000,2,1750,drive,ball,0.021,FE_0
0.012470044325044971,0.39043934588381723,4.86314403239451,/home/lmres/storage/projects/cwru-fault-detection/data/mat_files/228.mat,48000,2,1750,drive,ball,0.021,FE_0
0.01242321524959518,0.39466202626320807,3.9322763088128716,/home/lmres/storage/projects/cwru-fault-detection/data/mat_files/228.mat,48000,2,1750,drive,ball,0.021,FE_0
0.01144845581918409,0.3775025099580763,4.226247828781999,/home/lmres/storage/projects/cwru-fault-detection/data/mat_files/228.mat,48000,2,1750,drive,ball,0.021,FE_0
0.012959671647633125,0.42004255506470006,4.660163353132007,/home/lmres/storage/projects/cwru-fault-detection/data/mat_files/228.mat,48000,2,1750,drive,ball,0.021,FE_0
0.01029888641052803,0.36435651537847946,3.530022401823319,/home/lmres/storage/projects/cwru-fault-detection/data/mat_files/228.mat,48000,2,1750,drive,ball,0.021,FE_0
0.06240669399648248,0.8641704335551814,28.01654829103117,/home/lmres/storage/projects/cwru-fault-detection/data/mat_files/229.mat,48000,3,1730,drive,ball,0.021,DE_0
0.13269720861964024,0.9389397317304843,11.826078397754845,/home/lmres/storage/projects/cwru-fault-detection/data/mat_files/229.mat,48000,3,1730,drive,ball,0.021,DE_0
0.1196935222124549,0.9312487481832546,16.32760422997474,/home/lmres/storage/projects/cwru-fault-detection/data/mat_files/229.mat,48000,3,1730,drive,ball,0.021,DE_0
0.05275170550042672,0.8441694186752754,5.642252679615064,/home/lmres/storage/projects/cwru-fault-detection/data/mat_files/229.mat,48000,3,1730,drive,ball,0.021,DE_0
0.10605774106048176,0.9239867352819999,16.63395780899586,/home/lmres/storage/projects/cwru-fault-detection/data/mat_files/229.mat,48000,3,1730,drive,ball,0.021,DE_0
0.15167238044704118,0.9452893157718578,14.230927291093943,/home/lmres/storage/projects/cwru-fault-detection/data/mat_files/229.mat,48000,3,1730,drive,ball,0.021,DE_0
0.17344920471743785,0.9516281673101175,16.357734909486023,/home/lmres/storage/projects/cwru-fault-detection/data/mat_files/229.mat,48000,3,1730,drive,ball,0.021,DE_0
0.12399627906065216,0.934810212465937,18.821925047056226,/home/lmres/storage/projects/cwru-fault-detection/data/mat_files/229.mat,48000,3,1730,drive,ball,0.021,DE_0
0.08849402709549131,0.9075361262942121,22.161543904893655,/home/lmres/storage/projects/cwru-fault-detection/data/mat_files/229.mat,48000,3,1730,drive,ball,0.021,DE_0
0.038110981027382126,0.7848677222222094,3.177436472183274,/home/lmres/storage/projects/cwru-fault-detection/data/mat_files/229.mat,48000,3,1730,drive,ball,0.021,DE_0
0.01333015828884263,0.27079878292137444,3.5028516884076804,/home/lmres/storage/projects/cwru-fault-detection/data/mat_files/229.mat,48000,3,1730,drive,ball,0.021,FE_0
0.015380449636855163,0.3094810256749066,3.564639612501308,/home/lmres/storage/projects/cwru-fault-detection/data/mat_files/229.mat,48000,3,1730,drive,ball,0.021,FE_0
0.014773001408411432,0.2961745704508701,3.764218002523082,/home/lmres/storage/projects/cwru-fault-detection/data/mat_files/229.mat,48000,3,1730,drive,ball,0.021,FE_0
0.013145422023293182,0.26158346041231134,2.9935634252545618,/home/lmres/storage/projects/cwru-fault-detection/data/mat_files/229.mat,48000,3,1730,drive,ball,0.021,FE_0
0.014450674957257851,0.28823446061170577,3.6955310314362326,/home/lmres/storage/projects/cwru-fault-detection/data/mat_files/229.mat,48000,3,1730,drive,ball,0.021,FE_0
0.017023767202292216,0.3230566946413452,4.039388721646314,/home/lmres/storage/projects/cwru-fault-detection/data/mat_files/229.mat,48000,3,1730,drive,ball,0.021,FE_0
0.017163233395833467,0.2942100755177237,3.8555793519179202,/home/lmres/storage/projects/cwru-fault-detection/data/mat_files/229.mat,48000,3,1730,drive,ball,0.021,FE_0
0.01527389202582128,0.2982005624699066,3.9530153174229863,/home/lmres/storage/projects/cwru-fault-detection/data/mat_files/229.mat,48000,3,1730,drive,ball,0.021,FE_0
0.01397580930131646,0.27368606059528083,3.451426796029123,/home/lmres/storage/projects/cwru-fault-detection/data/mat_files/229.mat,48000,3,1730,drive,ball,0.021,FE_0
0.011897009314047727,0.261490438782797,2.959469307433344,/home/lmres/storage/projects/cwru-fault-detection/data/mat_files/229.mat,48000,3,1730,drive,ball,0.021,FE_0
1.6402708825260057,0.9960076821948581,6.844364983612406,/home/lmres/storage/projects/cwru-fault-detection/data/mat_files/135.mat,48000,0,1797,drive,outer_6,0.007,DE_0
1.5807844568759295,0.9958364382606176,6.526689669128227,/home/lmres/storage/projects/cwru-fault-detection/data/mat_files/135.mat,48000,0,1797,drive,outer_6,0.007,DE_0
1.4371096089867381,0.9957194164663244,6.68557584927031,/home/lmres/storage/projects/cwru-fault-detection/data/mat_files/135.mat,48000,0,1797,drive,outer_6,0.007,DE_0
1.5797895494890417,0.9956165964206717,6.806260541323053,/home/lmres/storage/projects/cwru-fault-detection/data/mat_files/135.mat,48000,0,1797,drive,outer_6,0.007,DE_0
1.6739428689004163,0.9958599799867959,6.749090037479548,/home/lmres/storage/projects/cwru-fault-detection/data/mat_files/135.mat,48000,0,1797,drive,outer_6,0.007,DE_0
0.054929557339281475,0.6970425205086884,3.4783456240531745,/home/lmres/storage/projects/cwru-fault-detection/data/mat_files/135.mat,48000,0,1797,drive,outer_6,0.007,FE_0
0.05503848790187789,0.6846986861038211,3.570716837281574,/home/lmres/storage/projects/cwru-fault-detection/data/mat_files/135.mat,48000,0,1797,drive,outer_6,0.007,FE_0
0.05770525723409814,0.6427382729330244,3.5294313604521497,/home/lmres/storage/projects/cwru-fault-detection/data/mat_files/135.mat,48000,0,1797,drive,outer_6,0.007,FE_0
0.0568456181997126,0.663880907278139,3.6086744729589975,/home/lmres/storage/projects/cwru-fault-detection/data/mat_files/135.mat,48000,0,1797,drive,outer_6,0.007,FE_0
0.05577404240323924,0.7041119977294831,3.564870110573279,/home/lmres/storage/projects/cwru-fault-detection/data/mat_files/135.mat,48000,0,1797,drive,outer_6,0.007,FE_0
1.1232586525737722,0.9953186654924414,6.821260273509761,/home/lmres/storage/projects/cwru-fault-detection/data/mat_files/136.mat,48000,1,1772,drive,outer_6,0.007,DE_0
1.1060778838519851,0.995117849561793,6.879921381369723,/home/lmres/storage/projects/cwru-fault-detection/data/mat_files/136.mat,48000,1,1772,drive,outer_6,0.007,DE_0
1.092515076947196,0.9949846450272541,6.913134282802319,/home/lmres/storage/projects/cwru-fault-detection/data/mat_files/136.mat,48000,1,1772,drive,outer_6,0.007,DE_0
1.1094197658774614,0.9951744948825484,6.848393582106684,/home/lmres/storage/projects/cwru-fault-detection/data/mat_files/136.mat,48000,1,1772,drive,outer_6,0.007,DE_0
1.1090948059700947,0.9953803050337899,6.8490418854327055,/home/lmres/storage/projects/cwru-fault-detection/data/mat_files/136.mat,48000,1,1772,drive,outer_6,0.007,DE_0
1.113148367427991,0.9950303423333198,6.888316748082217,/home/lmres/storage/projects/cwru-fault-detection/data/mat_files/136.mat,48000,1,1772,drive,outer_6,0.007,DE_0
1.1402175152985992,0.9952329616811998,6.88402524511085,/home/lmres/storage/projects/cwru-fault-detection/data/mat_files/136.mat,48000,1,1772,drive,outer_6,0.007,DE_0
1.125240057329368,0.9953921533404324,6.9026462905223225,/home/lmres/storage/projects/cwru-fault-detection/data/mat_files/136.mat,48000,1,1772,drive,outer_6,0.007,DE_0
1.1460094263556584,0.9954646355799445,6.916816690194895,/home/lmres/storage/projects/cwru-fault-detection/data/mat_files/136.mat,48000,1,1772,drive,outer_6,0.007,DE_0
1.170530343039349,0.9953337118328079,6.780529905338663,/home/lmres/storage/projects/cwru-fault-detection/data/mat_files/136.mat,48000,1,1772,drive,outer_6,0.007,DE_0
0.04700011665592954,0.6164732854297904,3.69310605143949,/home/lmres/storage/projects/cwru-fault-detection/data/mat_files/136.mat,48000,1,1772,drive,outer_6,0.007,FE_0
0.04562749561679786,0.6173666924858027,3.661272584128971,/home/lmres/storage/projects/cwru-fault-detection/data/mat_files/136.mat,48000,1,1772,drive,outer_6,0.007,FE_0
0.04742357740986845,0.6005426173502996,3.646027214210177,/home/lmres/storage/projects/cwru-fault-detection/data/mat_files/136.mat,48000,1,1772,drive,outer_6,0.007,FE_0
0.04843949607696061,0.6058315441407917,3.675925637201474,/home/lmres/storage/projects/cwru-fault-detection/data/mat_files/136.mat,48000,1,1772,drive,outer_6,0.007,FE_0
0.049921454343197655,0.5933065305226036,3.6792004516613903,/home/lmres/storage/projects/cwru-fault-detection/data/mat_files/136.mat,48000,1,1772,drive,outer_6,0.007,FE_0
0.050168648150488764,0.6043010395315837,3.707165942002021,/home/lmres/storage/projects/cwru-fault-detection/data/mat_files/136.mat,48000,1,1772,drive,outer_6,0.007,FE_0
0.048510542691828716,0.6136873637770344,3.7854865969784783,/home/lmres/storage/projects/cwru-fault-detection/data/mat_files/136.mat,48000,1,1772,drive,outer_6,0.007,FE_0
0.04791414832550089,0.613477494666229,3.747179617428745,/home/lmres/storage/projects/cwru-fault-detection/data/mat_files/136.mat,48000,1,1772,drive,outer_6,0.007,FE_0
0.04830846617088787,0.6117514785782343,3.8292738429036572,/home/lmres/storage/projects/cwru-fault-detection/data/mat_files/136.mat,48000,1,1772,drive,outer_6,0.007,FE_0
0.050231949849765145,0.6043224310121003,3.8365575899676996,/home/lmres/storage/projects/cwru-fault-detection/data/mat_files/136.mat,48000,1,1772,drive,outer_6,0.007,FE_0
1.0522967222206203,0.9948294911376774,6.961517355301392,/home/lmres/storage/projects/cwru-fault-detection/data/mat_files/137.mat,48000,2,1750,drive,outer_6,0.007,DE_0
1.016744540444317,0.9943339574185108,7.1080371658768176,/home/lmres/storage/projects/cwru-fault-detection/data/mat_files/137.mat,48000,2,1750,drive,outer_6,0.007,DE_0
1.0323393619757244,0.9943118870384626,6.941032115287859,/home/lmres/storage/projects/cwru-fault-detection/data/mat_files/137.mat,48000,2,1750,drive,outer_6,0.007,DE_0
1.056652241607655,0.9950411526239108,6.870874492550493,/home/lmres/storage/projects/cwru-fault-detection/data/mat_files/137.mat,48000,2,1750,drive,outer_6,0.007,DE_0
1.04099185658717,0.9945404619395066,7.004075233547877,/home/lmres/storage/projects/cwru-fault-detection/data/mat_files/137.mat,48000,2,1750,drive,outer_6,0.007,DE_0
1.0484434406871197,0.9947146985850917,7.050479322947428,/home/lmres/storage/projects/cwru-fault-detection/data/mat_files/137.mat,48000,2,1750,drive,outer_6,0.007,DE_0
1.041489072480823,0.994984917219441,6.878416242476234,/home/lmres/storage/projects/cwru-fault-detection/data/mat_files/137.mat,48000,2,1750,drive,outer_6,0.007,DE_0
1.0316763377549814,0.9944168852272968,6.959822231227859,/home/lmres/storage/projects/cwru-fault-detection/data/mat_files/137.mat,48000,2,1750,drive,outer_6,0.007,DE_0
1.0486187524426274,0.9945653101259733,6.894522354950802,/home/lmres/storage/projects/cwru-fault-detection/data/mat_files/137.mat,48000,2,1750,drive,outer_6,0.007,DE_0
1.051562956700382,0.9948712460697523,6.726427274930964,/home/lmres/storage/projects/cwru-fault-detection/data/mat_files/137.mat,48000,2,1750,drive,outer_6,0.007,DE_0
0.04065230226730475,0.6006356653265128,3.9036260027559093,/home/lmres/storage/projects/cwru-fault-detection/data/mat_files/137.mat,48000,2,1750,drive,outer_6,0.007,FE_0
0.04158128334915503,0.5803184141767057,4.054480750980602,/home/lmres/storage/projects/cwru-fault-detection/data/mat_files/137.mat,48000,2,1750,drive,outer_6,0.007,FE_0
0.041037131894425066,0.5907101078788412,4.040646730662256,/home/lmres/storage/projects/cwru-fault-detection/data/mat_files/137.mat,48000,2,1750,drive,outer_6,0.007,FE_0
0.04139459270812947,0.5867967448559935,4.088789322256528,/home/lmres/storage/projects/cwru-fault-detection/data/mat_files/137.mat,48000,2,1750,drive,outer_6,0.007,FE_0
0.04221688268045791,0.5717249231750002,4.055573571906712,/home/lmres/storage/projects/cwru-fault-detection/data/mat_files/137.mat,48000,2,1750,drive,outer_6,0.007,FE_0
0.04239617102313691,0.5908899807023684,3.9379809855532786,/home/lmres/storage/projects/cwru-fault-detection/data/mat_files/137.mat,48000,2,1750,drive,outer_6,0.007,FE_0
0.042230316461683674,0.5996473091974245,3.9907783173344096,/home/lmres/storage/projects/cwru-fault-detection/data/mat_files/137.mat,48000,2,1750,drive,outer_6,0.007,FE_0
0.041703128537271754,0.588017121210728,3.988207985627263,/home/lmres/storage/projects/cwru-fault-detection/data/mat_files/137.mat,48000,2,1750,drive,outer_6,0.007,FE_0
0.04132423086606267,0.596653824636329,3.954823217635613,/home/lmres/storage/projects/cwru-fault-detection/data/mat_files/137.mat,48000,2,1750,drive,outer_6,0.007,FE_0
0.041667576790231954,0.6072756982383942,3.9573533022205867,/home/lmres/storage/projects/cwru-fault-detection/data/mat_files/137.mat,48000,2,1750,drive,outer_6,0.007,FE_0
1.0013569340011312,0.9926382318308857,7.3555988895185065,/home/lmres/storage/projects/cwru-fault-detection/data/mat_files/138.mat,48000,3,1730,drive,outer_6,0.007,DE_0
1.000214470035222,0.992746045715972,7.3590480390606094,/home/lmres/storage/projects/cwru-fault-detection/data/mat_files/138.mat,48000,3,1730,drive,outer_6,0.007,DE_0
0.9950157738567363,0.9929619088187367,7.413705345975882,/home/lmres/storage/projects/cwru-fault-detection/data/mat_files/138.mat,48000,3,1730,drive,outer_6,0.007,DE_0
0.9825809496083509,0.9928843217792189,7.325025728598685,/home/lmres/storage/projects/cwru-fault-detection/data/mat_files/138.mat,48000,3,1730,drive,outer_6,0.007,DE_0
1.0022794907916739,0.9928934167171131,7.438687195953812,/home/lmres/storage/projects/cwru-fault-detection/data/mat_files/138.mat,48000,3,1730,drive,outer_6,0.007,DE_0
0.9913043675202944,0.9926151494940653,7.450790698970205,/home/lmres/storage/projects/cwru-fault-detection/data/mat_files/138.mat,48000,3,1730,drive,outer_6,0.007,DE_0
1.001714601817067,0.9925927326280641,7.355332739372766,/home/lmres/storage/projects/cwru-fault-detection/data/mat_files/138.mat,48000,3,1730,drive,outer_6,0.007,DE_0
1.0456113690725743,0.9933956338357998,7.427952743726578,/home/lmres/storage/projects/cwru-fault-detection/data/mat_files/138.mat,48000,3,1730,drive,outer_6,0.007,DE_0
1.029686808974488,0.9931079104363385,7.319000220259969,/home/lmres/storage/projects/cwru-fault-detection/data/mat_files/138.mat,48000,3,1730,drive,outer_6,0.007,DE_0
1.0489420641812224,0.9930326327751551,7.429927845786902,/home/lmres/storage/projects/cwru-fault-detection/data/mat_files/138.mat,48000,3,1730,drive,outer_6,0.007,DE_0
0.04575622068759132,0.596426683967926,4.024248290558184,/home/lmres/storage/projects/cwru-fault-detection/data/mat_files/138.mat,48000,3,1730,drive,outer_6,0.007,FE_0
0.046019875076099795,0.6002726428562611,4.104944680861669,/home/lmres/storage/projects/cwru-fault-detection/data/mat_files/138.mat,48000,3,1730,drive,outer_6,0.007,FE_0
0.04542213983725785,0.5985184600499283,3.945994399434777,/home/lmres/storage/projects/cwru-fault-detection/data/mat_files/138.mat,48000,3,1730,drive,outer_6,0.007,FE_0
0.04508955705004966,0.6001938100482245,4.061955312362743,/home/lmres/storage/projects/cwru-fault-detection/data/mat_files/138.mat,48000,3,1730,drive,outer_6,0.007,FE_0
0.046074759704724993,0.5997434100844582,4.075003775883246,/home/lmres/storage/projects/cwru-fault-detection/data/mat_files/138.mat,48000,3,1730,drive,outer_6,0.007,FE_0
0.04642803456937183,0.5990885398715092,4.100062585624626,/home/lmres/storage/projects/cwru-fault-detection/data/mat_files/138.mat,48000,3,1730,drive,outer_6,0.007,FE_0
0.04736019362491728,0.6051051491023621,4.009827037332663,/home/lmres/storage/projects/cwru-fault-detection/data/mat_files/138.mat,48000,3,1730,drive,outer_6,0.007,FE_0
0.04757351687263849,0.6138221087762903,3.991689464348959,/home/lmres/storage/projects/cwru-fault-detection/data/mat_files/138.mat,48000,3,1730,drive,outer_6,0.007,FE_0
0.047745692335325884,0.6143791007154602,4.030590443545735,/home/lmres/storage/projects/cwru-fault-detection/data/mat_files/138.mat,48000,3,1730,drive,outer_6,0.007,FE_0
0.04691698432062844,0.6291150701355979,3.9747659088279033,/home/lmres/storage/projects/cwru-fault-detection/data/mat_files/138.mat,48000,3,1730,drive,outer_6,0.007,FE_0
0.24575590960041693,0.03594484435878984,3.2033252102842704,/home/lmres/storage/projects/cwru-fault-detection/data/mat_files/201.mat,48000,0,1797,drive,outer_6,0.014,DE_0
0.2069461663582113,0.041240630951428735,3.177637802067718,/home/lmres/storage/projects/cwru-fault-detection/data/mat_files/201.mat,48000,0,1797,drive,outer_6,0.014,DE_0
0.18074581428471317,0.06873471012180535,5.8377082872325445,/home/lmres/storage/projects/cwru-fault-detection/data/mat_files/201.mat,48000,0,1797,drive,outer_6,0.014,DE_0
0.14854816718454725,0.06226139811675766,3.5865482487885676,/home/lmres/storage/projects/cwru-fault-detection/data/mat_files/201.mat,48000,0,1797,drive,outer_6,0.014,DE_0
0.12346322354193372,0.0678485696249501,2.9709996949151702,/home/lmres/storage/projects/cwru-fault-detection/data/mat_files/201.mat,48000,0,1797,drive,outer_6,0.014,DE_0
0.23836517861840253,0.03594484435878983,3.2033252102842735,/home/lmres/storage/projects/cwru-fault-detection/data/mat_files/201.mat,48000,0,1797,drive,outer_6,0.014,FE_0
0.2007225787106159,0.04124063095142871,3.1776378020677174,/home/lmres/storage/projects/cwru-fault-detection/data/mat_files/201.mat,48000,0,1797,drive,outer_6,0.014,FE_0
0.17531016192674778,0.06873471012180532,5.837708287232549,/home/lmres/storage/projects/cwru-fault-detection/data/mat_files/201.mat,48000,0,1797,drive,outer_6,0.014,FE_0
0.14408080953964922,0.062261398116757634,3.5865482487885663,/home/lmres/storage/projects/cwru-fault-detection/data/mat_files/201.mat,48000,0,1797,drive,outer_6,0.014,FE_0
0.11975025699372588,0.06784856962495009,2.9709996949151702,/home/lmres/storage/projects/cwru-fault-detection/data/mat_files/201.mat,48000,0,1797,drive,outer_6,0.014,FE_0
0.021749872488832256,0.9251893277718373,4.333946952266172,/home/lmres/storage/projects/cwru-fault-detection/data/mat_files/202.mat,48000,1,1772,drive,outer_6,0.014,DE_0
0.020847421709586315,0.9263755830483204,6.435059163958106,/home/lmres/storage/projects/cwru-fault-detection/data/mat_files/202.mat,48000,1,1772,drive,outer_6,0.014,DE_0
0.0183619193520649,0.9102733712231561,3.103566260516877,/home/lmres/storage/projects/cwru-fault-detection/data/mat_files/202.mat,48000,1,1772,drive,outer_6,0.014,DE_0
0.017947010336240236,0.9156471874805031,3.0963398613091706,/home/lmres/storage/projects/cwru-fault-detection/data/mat_files/202.mat,48000,1,1772,drive,outer_6,0.014,DE_0
0.01800905870922887,0.9097132851198191,3.176516276812317,/home/lmres/storage/projects/cwru-fault-detection/data/mat_files/202.mat,48000,1,1772,drive,outer_6,0.014,DE_0
0.019242387852935857,0.9149599242963355,2.9754031648220494,/home/lmres/storage/projects/cwru-fault-detection/data/mat_files/202.mat,48000,1,1772,drive,outer_6,0.014,DE_0
0.018259742068236,0.9074399385347747,3.183376018264733,/home/lmres/storage/projects/cwru-fault-detection/data/mat_files/202.mat,48000,1,1772,drive,outer_6,0.014,DE_0
0.017953254434360733,0.919685623252882,3.0463942437607074,/home/lmres/storage/projects/cwru-fault-detection/data/mat_files/202.mat,48000,1,1772,drive,outer_6,0.014,DE_0
0.01864412392749131,0.9205087913904181,3.1744128006610035,/home/lmres/storage/projects/cwru-fault-detection/data/mat_files/202.mat,48000,1,1772,drive,outer_6,0.014,DE_0
0.01713117653651652,0.9041760666882631,2.949245805234976,/home/lmres/storage/projects/cwru-fault-detection/data/mat_files/202.mat,48000,1,1772,drive,outer_6,0.014,DE_0
0.01180726416867486,0.6039479931518335,2.9108387068352917,/home/lmres/storage/projects/cwru-fault-detection/data/mat_files/202.mat,48000,1,1772,drive,outer_6,0.014,FE_0
0.011719368224253787,0.6043261776525489,2.866502696176025,/home/lmres/storage/projects/cwru-fault-detection/data/mat_files/202.mat,48000,1,1772,drive,outer_6,0.014,FE_0
0.01134379422613044,0.5952676697854188,2.861464258065074,/home/lmres/storage/projects/cwru-fault-detection/data/mat_files/202.mat,48000,1,1772,drive,outer_6,0.014,FE_0
0.01168691066445985,0.5889481559944508,2.7947720464663117,/home/lmres/storage/projects/cwru-fault-detection/data/mat_files/202.mat,48000,1,1772,drive,outer_6,0.014,FE_0
0.011477279789422931,0.5952667811134248,2.7845441595018907,/home/lmres/storage/projects/cwru-fault-detection/data/mat_files/202.mat,48000,1,1772,drive,outer_6,0.014,FE_0
0.011235954262768733,0.586726002695712,2.8177439928109416,/home/lmres/storage/projects/cwru-fault-detection/data/mat_files/202.mat,48000,1,1772,drive,outer_6,0.014,FE_0
0.011169726499654338,0.601843419641638,2.8186720043692786,/home/lmres/storage/projects/cwru-fault-detection/data/mat_files/202.mat,48000,1,1772,drive,outer_6,0.014,FE_0
0.011651787100156337,0.6141903823101948,2.803869220725541,/home/lmres/storage/projects/cwru-fault-detection/data/mat_files/202.mat,48000,1,1772,drive,outer_6,0.014,FE_0
0.011239098082027135,0.6060536153757209,2.8168125993997113,/home/lmres/storage/projects/cwru-fault-detection/data/mat_files/202.mat,48000,1,1772,drive,outer_6,0.014,FE_0
0.011566024476610537,0.588522825917071,2.7964568138850248,/home/lmres/storage/projects/cwru-fault-detection/data/mat_files/202.mat,48000,1,1772,drive,outer_6,0.014,FE_0
0.019784326463938365,0.9166319662061891,3.085003023667451,/home/lmres/storage/projects/cwru-fault-detection/data/mat_files/203.mat,48000,2,1750,drive,outer_6,0.014,DE_0
0.020782795668994436,0.9178972446351665,3.145935337543524,/home/lmres/storage/projects/cwru-fault-detection/data/mat_files/203.mat,48000,2,1750,drive,outer_6,0.014,DE_0
0.020043473069602864,0.9170267110195804,3.010365521757433,/home/lmres/storage/projects/cwru-fault-detection/data/mat_files/203.mat,48000,2,1750,drive,outer_6,0.014,DE_0
0.019976592669767715,0.9140860861167249,3.165438320293932,/home/lmres/storage/projects/cwru-fault-detection/data/mat_files/203.mat,48000,2,1750,drive,outer_6,0.014,DE_0
0.019331834301719076,0.9144286934648447,3.0053496075228048,/home/lmres/storage/projects/cwru-fault-detection/data/mat_files/203.mat,48000,2,1750,drive,outer_6,0.014,DE_0
0.020777071249529322,0.9181950651703714,3.649533501382808,/home/lmres/storage/projects/cwru-fault-detection/data/mat_files/203.mat,48000,2,1750,drive,outer_6,0.014,DE_0
0.0329120755859782,0.9468467570984412,15.067352262617117,/home/lmres/storage/projects/cwru-fault-detection/data/mat_files/203.mat,48000,2,1750,drive,outer_6,0.014,DE_0
0.020492611761788165,0.9165537983628675,3.0238146507280574,/home/lmres/storage/projects/cwru-fault-detection/data/mat_files/203.mat,48000,2,1750,drive,outer_6,0.014,DE_0
0.02055701890212859,0.9162273463159499,3.2758140605453194,/home/lmres/storage/projects/cwru-fault-detection/data/mat_files/203.mat,48000,2,1750,drive,outer_6,0.014,DE_0
0.02060546409312071,0.9151608757330316,3.1068711587972846,/home/lmres/storage/projects/cwru-fault-detection/data/mat_files/203.mat,48000,2,1750,drive,outer_6,0.014,DE_0
0.009460762898425961,0.5609396725315632,2.91228850370662,/home/lmres/storage/projects/cwru-fault-detection/data/mat_files/203.mat,48000,2,1750,drive,outer_6,0.014,FE_0
0.009424413132856541,0.5649852404495774,2.962266071212594,/home/lmres/storage/projects/cwru-fault-detection/data/mat_files/203.mat,48000,2,1750,drive,outer_6,0.014,FE_0
0.009083791166165152,0.5659368056218742,2.955144151754051,/home/lmres/storage/projects/cwru-fault-detection/data/mat_files/203.mat,48000,2,1750,drive,outer_6,0.014,FE_0
0.009417945732850206,0.5592000669637203,2.927355552095927,/home/lmres/storage/projects/cwru-fault-detection/data/mat_files/203.mat,48000,2,1750,drive,outer_6,0.014,FE_0
0.00933243948831157,0.569303967167475,2.9259649004987804,/home/lmres/storage/projects/cwru-fault-detection/data/mat_files/203.mat,48000,2,1750,drive,outer_6,0.014,FE_0
0.009242727741084847,0.5732239185898664,2.9098009470374895,/home/lmres/storage/projects/cwru-fault-detection/data/mat_files/203.mat,48000,2,1750,drive,outer_6,0.014,FE_0
0.009755967690183883,0.5914887820535152,3.15181497336112,/home/lmres/storage/projects/cwru-fault-detection/data/mat_files/203.mat,48000,2,1750,drive,outer_6,0.014,FE_0
0.009185050330775275,0.5682369792596295,2.8990202907540765,/home/lmres/storage/projects/cwru-fault-detection/data/mat_files/203.mat,48000,2,1750,drive,outer_6,0.014,FE_0
0.009273040371821693,0.5677866571260832,2.9258072789367846,/home/lmres/storage/projects/cwru-fault-detection/data/mat_files/203.mat,48000,2,1750,drive,outer_6,0.014,FE_0
0.009431672268903788,0.5614761919631006,2.8930739731745767,/home/lmres/storage/projects/cwru-fault-detection/data/mat_files/203.mat,48000,2,1750,drive,outer_6,0.014,FE_0
0.022714152874096546,0.8872568024140997,3.0701035910672054,/home/lmres/storage/projects/cwru-fault-detection/data/mat_files/204.mat,48000,3,1730,drive,outer_6,0.014,DE_0
0.0235542101057236,0.8859006587601239,3.0120997921241717,/home/lmres/storage/projects/cwru-fault-detection/data/mat_files/204.mat,48000,3,1730,drive,outer_6,0.014,DE_0
0.023311867829857492,0.8916832826660822,2.9014799228505668,/home/lmres/storage/projects/cwru-fault-detection/data/mat_files/204.mat,48000,3,1730,drive,outer_6,0.014,DE_0
0.02226797335912757,0.8904372317016925,3.0228364732698583,/home/lmres/storage/projects/cwru-fault-detection/data/mat_files/204.mat,48000,3,1730,drive,outer_6,0.014,DE_0
0.023406820390819524,0.8922607843333605,2.964565795859334,/home/lmres/storage/projects/cwru-fault-detection/data/mat_files/204.mat,48000,3,1730,drive,outer_6,0.014,DE_0
0.023631054702983503,0.8953242548988832,3.053269218873094,/home/lmres/storage/projects/cwru-fault-detection/data/mat_files/204.mat,48000,3,1730,drive,outer_6,0.014,DE_0
0.0235501955176168,0.8974441842909681,3.039471183630389,/home/lmres/storage/projects/cwru-fault-detection/data/mat_files/204.mat,48000,3,1730,drive,outer_6,0.014,DE_0
0.022473810297977754,0.8899166868904896,2.9681396079421405,/home/lmres/storage/projects/cwru-fault-detection/data/mat_files/204.mat,48000,3,1730,drive,outer_6,0.014,DE_0
0.022600242986681535,0.8941202393705671,2.996681700915774,/home/lmres/storage/projects/cwru-fault-detection/data/mat_files/204.mat,48000,3,1730,drive,outer_6,0.014,DE_0
0.022336819207265327,0.8846191427032871,2.9515752810833984,/home/lmres/storage/projects/cwru-fault-detection/data/mat_files/204.mat,48000,3,1730,drive,outer_6,0.014,DE_0
0.010441446464175481,0.5573572671301821,3.0622665945518084,/home/lmres/storage/projects/cwru-fault-detection/data/mat_files/204.mat,48000,3,1730,drive,outer_6,0.014,FE_0
0.010411216608569078,0.5742304938490611,3.0067150029631953,/home/lmres/storage/projects/cwru-fault-detection/data/mat_files/204.mat,48000,3,1730,drive,outer_6,0.014,FE_0
0.010004368668357988,0.5671411600894947,2.9743882424416896,/home/lmres/storage/projects/cwru-fault-detection/data/mat_files/204.mat,48000,3,1730,drive,outer_6,0.014,FE_0
0.01018986045330048,0.5606707873311035,3.051523179454562,/home/lmres/storage/projects/cwru-fault-detection/data/mat_files/204.mat,48000,3,1730,drive,outer_6,0.014,FE_0
0.010185672128083264,0.5420481629669998,3.026648486054632,/home/lmres/storage/projects/cwru-fault-detection/data/mat_files/204.mat,48000,3,1730,drive,outer_6,0.014,FE_0
0.010230662836004888,0.5533507869189291,2.9679360289679213,/home/lmres/storage/projects/cwru-fault-detection/data/mat_files/204.mat,48000,3,1730,drive,outer_6,0.014,FE_0
0.010053621278022588,0.5444340112495447,3.008484854079256,/home/lmres/storage/projects/cwru-fault-detection/data/mat_files/204.mat,48000,3,1730,drive,outer_6,0.014,FE_0
0.010011185910823277,0.5453960149104471,3.020578364036003,/home/lmres/storage/projects/cwru-fault-detection/data/mat_files/204.mat,48000,3,1730,drive,outer_6,0.014,FE_0
0.009941419796250343,0.5445207485250704,3.0060373584771227,/home/lmres/storage/projects/cwru-fault-detection/data/mat_files/204.mat,48000,3,1730,drive,outer_6,0.014,FE_0
0.010149542661181336,0.5501234033938215,3.0037338688683715,/home/lmres/storage/projects/cwru-fault-detection/data/mat_files/204.mat,48000,3,1730,drive,outer_6,0.014,FE_0
0.4497445950183179,0.9104853647621303,20.26754935996219,/home/lmres/storage/projects/cwru-fault-detection/data/mat_files/238.mat,48000,0,1797,drive,outer_6,0.021,DE_0
0.42942872858232606,0.9088070441650368,20.028096685160904,/home/lmres/storage/projects/cwru-fault-detection/data/mat_files/238.mat,48000,0,1797,drive,outer_6,0.021,DE_0
0.46933535426375284,0.9135330022068082,22.018077250267183,/home/lmres/storage/projects/cwru-fault-detection/data/mat_files/238.mat,48000,0,1797,drive,outer_6,0.021,DE_0
0.4603321813076796,0.9106508265262403,21.399369230188334,/home/lmres/storage/projects/cwru-fault-detection/data/mat_files/238.mat,48000,0,1797,drive,outer_6,0.021,DE_0
0.4213056690783312,0.9041421466382235,19.687831885034043,/home/lmres/storage/projects/cwru-fault-detection/data/mat_files/238.mat,48000,0,1797,drive,outer_6,0.021,DE_0
0.4362192180790617,0.9104853647621303,20.267549359962192,/home/lmres/storage/projects/cwru-fault-detection/data/mat_files/238.mat,48000,0,1797,drive,outer_6,0.021,FE_0
0.4165143200781285,0.9088070441650369,20.0280966851609,/home/lmres/storage/projects/cwru-fault-detection/data/mat_files/238.mat,48000,0,1797,drive,outer_6,0.021,FE_0
0.4552208153729008,0.9135330022068082,22.01807725026718,/home/lmres/storage/projects/cwru-fault-detection/data/mat_files/238.mat,48000,0,1797,drive,outer_6,0.021,FE_0
0.4464883989956259,0.9106508265262404,21.39936923018834,/home/lmres/storage/projects/cwru-fault-detection/data/mat_files/238.mat,48000,0,1797,drive,outer_6,0.021,FE_0
0.40863554909457056,0.9041421466382231,19.68783188503403,/home/lmres/storage/projects/cwru-fault-detection/data/mat_files/238.mat,48000,0,1797,drive,outer_6,0.021,FE_0
0.3911456007998277,0.9187024773977863,21.99366610991967,/home/lmres/storage/projects/cwru-fault-detection/data/mat_files/239.mat,48000,1,1772,drive,outer_6,0.021,DE_0
0.40944305010044474,0.9189817806751696,20.927520057333147,/home/lmres/storage/projects/cwru-fault-detection/data/mat_files/239.mat,48000,1,1772,drive,outer_6,0.021,DE_0
0.34157047481376307,0.9061958403207956,19.444645125276583,/home/lmres/storage/projects/cwru-fault-detection/data/mat_files/239.mat,48000,1,1772,drive,outer_6,0.021,DE_0
0.35836896876242946,0.9068629354139802,18.489715254049205,/home/lmres/storage/projects/cwru-fault-detection/data/mat_files/239.mat,48000,1,1772,drive,outer_6,0.021,DE_0
0.3700758931558575,0.914522337973891,20.092696131572094,/home/lmres/storage/projects/cwru-fault-detection/data/mat_files/239.mat,48000,1,1772,drive,outer_6,0.021,DE_0
0.395824579601025,0.9187045880303111,20.048302988630475,/home/lmres/storage/projects/cwru-fault-detection/data/mat_files/239.mat,48000,1,1772,drive,outer_6,0.021,DE_0
0.3693211789787764,0.9116803122724997,21.776040856441664,/home/lmres/storage/projects/cwru-fault-detection/data/mat_files/239.mat,48000,1,1772,drive,outer_6,0.021,DE_0
0.39000659866287396,0.917820627710513,18.42889896235155,/home/lmres/storage/projects/cwru-fault-detection/data/mat_files/239.mat,48000,1,1772,drive,outer_6,0.021,DE_0
0.38645661352913213,0.9156053156983758,20.319303025743295,/home/lmres/storage/projects/cwru-fault-detection/data/mat_files/239.mat,48000,1,1772,drive,outer_6,0.021,DE_0
0.4266799611587094,0.9230557552629014,22.75565478074081,/home/lmres/storage/projects/cwru-fault-detection/data/mat_files/239.mat,48000,1,1772,drive,outer_6,0.021,DE_0
0.04766635730096716,0.3237136307795203,14.017931011527574,/home/lmres/storage/projects/cwru-fault-detection/data/mat_files/239.mat,48000,1,1772,drive,outer_6,0.021,FE_0
0.05502622425168075,0.30903992962596094,15.67165684314152,/home/lmres/storage/projects/cwru-fault-detection/data/mat_files/239.mat,48000,1,1772,drive,outer_6,0.021,FE_0
0.04636723791607832,0.3258436565773125,17.465268982745137,/home/lmres/storage/projects/cwru-fault-detection/data/mat_files/239.mat,48000,1,1772,drive,outer_6,0.021,FE_0
0.04689127606590021,0.30732325507894664,14.610286556410164,/home/lmres/storage/projects/cwru-fault-detection/data/mat_files/239.mat,48000,1,1772,drive,outer_6,0.021,FE_0
0.04691082017269681,0.32883906116403644,14.78501771622539,/home/lmres/storage/projects/cwru-fault-detection/data/mat_files/239.mat,48000,1,1772,drive,outer_6,0.021,FE_0
0.05527439203348952,0.33309115344497453,15.998121999511225,/home/lmres/storage/projects/cwru-fault-detection/data/mat_files/239.mat,48000,1,1772,drive,outer_6,0.021,FE_0
0.04642408181009072,0.32421579307406373,15.965194886085296,/home/lmres/storage/projects/cwru-fault-detection/data/mat_files/239.mat,48000,1,1772,drive,outer_6,0.021,FE_0
0.043967245461313136,0.33290343380329085,13.646026260508595,/home/lmres/storage/projects/cwru-fault-detection/data/mat_files/239.mat,48000,1,1772,drive,outer_6,0.021,FE_0
0.0429083558878757,0.31920159016916166,13.385186168827516,/home/lmres/storage/projects/cwru-fault-detection/data/mat_files/239.mat,48000,1,1772,drive,outer_6,0.021,FE_0
0.050900366292932965,0.3432810576665335,13.893310803114193,/home/lmres/storage/projects/cwru-fault-detection/data/mat_files/239.mat,48000,1,1772,drive,outer_6,0.021,FE_0
0.39123783437526133,0.9158346274288913,18.744099479946044,/home/lmres/storage/projects/cwru-fault-detection/data/mat_files/240.mat,48000,2,1750,drive,outer_6,0.021,DE_0
0.40076080530082486,0.9155493004541331,21.173012534466043,/home/lmres/storage/projects/cwru-fault-detection/data/mat_files/240.mat,48000,2,1750,drive,outer_6,0.021,DE_0
0.38128242898036624,0.9135658926031659,24.089670625912273,/home/lmres/storage/projects/cwru-fault-detection/data/mat_files/240.mat,48000,2,1750,drive,outer_6,0.021,DE_0
0.3520777257974285,0.90519910956592,19.96397650617528,/home/lmres/storage/projects/cwru-fault-detection/data/mat_files/240.mat,48000,2,1750,drive,outer_6,0.021,DE_0
0.35903536517774987,0.9080486674606544,19.856883759362127,/home/lmres/storage/projects/cwru-fault-detection/data/mat_files/240.mat,48000,2,1750,drive,outer_6,0.021,DE_0
0.40090240171076563,0.9181551941077523,19.321049256849783,/home/lmres/storage/projects/cwru-fault-detection/data/mat_files/240.mat,48000,2,1750,drive,outer_6,0.021,DE_0
0.3410379704536538,0.9006010237885518,18.837905501675987,/home/lmres/storage/projects/cwru-fault-detection/data/mat_files/240.mat,48000,2,1750,drive,outer_6,0.021,DE_0
0.3867421720753978,0.9150331225212119,25.537322435625832,/home/lmres/storage/projects/cwru-fault-detection/data/mat_files/240.mat,48000,2,1750,drive,outer_6,0.021,DE_0
0.376955069730122,0.9111646865807568,20.275287195942855,/home/lmres/storage/projects/cwru-fault-detection/data/mat_files/240.mat,48000,2,1750,drive,outer_6,0.021,DE_0
0.4009161868924707,0.92054956644298,21.51449084763235,/home/lmres/storage/projects/cwru-fault-detection/data/mat_files/240.mat,48000,2,1750,drive,outer_6,0.021,DE_0
0.049629302961218466,0.31206160246937525,13.361581843260351,/home/lmres/storage/projects/cwru-fault-detection/data/mat_files/240.mat,48000,2,1750,drive,outer_6,0.021,FE_0
0.051608227528114184,0.3233225242369419,16.49978256843303,/home/lmres/storage/projects/cwru-fault-detection/data/mat_files/240.mat,48000,2,1750,drive,outer_6,0.021,FE_0
0.05635751912934289,0.31081255336892133,17.85774124354452,/home/lmres/storage/projects/cwru-fault-detection/data/mat_files/240.mat,48000,2,1750,drive,outer_6,0.021,FE_0
0.05277442943432772,0.30221232127536657,15.599634115841903,/home/lmres/storage/projects/cwru-fault-detection/data/mat_files/240.mat,48000,2,1750,drive,outer_6,0.021,FE_0
0.055527488855621254,0.2777115871028821,13.92254597392295,/home/lmres/storage/projects/cwru-fault-detection/data/mat_files/240.mat,48000,2,1750,drive,outer_6,0.021,FE_0
0.055791797941444496,0.30307785129411524,14.33799948427327,/home/lmres/storage/projects/cwru-fault-detection/data/mat_files/240.mat,48000,2,1750,drive,outer_6,0.021,FE_0
0.05314867811535593,0.31345483836515386,16.34020561090678,/home/lmres/storage/projects/cwru-fault-detection/data/mat_files/240.mat,48000,2,1750,drive,outer_6,0.021,FE_0
0.04293675378709172,0.32165302350560954,12.058327761164419,/home/lmres/storage/projects/cwru-fault-detection/data/mat_files/240.mat,48000,2,1750,drive,outer_6,0.021,FE_0
0.04568288663184317,0.30422776834376825,12.827092679364103,/home/lmres/storage/projects/cwru-fault-detection/data/mat_files/240.mat,48000,2,1750,drive,outer_6,0.021,FE_0
0.05104089393465292,0.30184525017749625,13.113310892172242,/home/lmres/storage/projects/cwru-fault-detection/data/mat_files/240.mat,48000,2,1750,drive,outer_6,0.021,FE_0
0.3436429936385155,0.9124342515800116,18.724383862629256,/home/lmres/storage/projects/cwru-fault-detection/data/mat_files/241.mat,48000,3,1730,drive,outer_6,0.021,DE_0
0.3362172374180852,0.9109323646171671,16.62408551031242,/home/lmres/storage/projects/cwru-fault-detection/data/mat_files/241.mat,48000,3,1730,drive,outer_6,0.021,DE_0
0.3376063439184705,0.9086916759102589,18.030521350396196,/home/lmres/storage/projects/cwru-fault-detection/data/mat_files/241.mat,48000,3,1730,drive,outer_6,0.021,DE_0
0.32344050498455257,0.9046753042361246,20.614057208086606,/home/lmres/storage/projects/cwru-fault-detection/data/mat_files/241.mat,48000,3,1730,drive,outer_6,0.021,DE_0
0.3250508106682195,0.9027173798451733,17.895050346979847,/home/lmres/storage/projects/cwru-fault-detection/data/mat_files/241.mat,48000,3,1730,drive,outer_6,0.021,DE_0
0.4079350156637286,0.9251117049246398,21.039266890010005,/home/lmres/storage/projects/cwru-fault-detection/data/mat_files/241.mat,48000,3,1730,drive,outer_6,0.021,DE_0
0.3959283264352829,0.9205149245614466,22.806691765180453,/home/lmres/storage/projects/cwru-fault-detection/data/mat_files/241.mat,48000,3,1730,drive,outer_6,0.021,DE_0
0.3509470264098564,0.9112397422638011,20.833545916742466,/home/lmres/storage/projects/cwru-fault-detection/data/mat_files/241.mat,48000,3,1730,drive,outer_6,0.021,DE_0
0.324909144257614,0.9048854596603173,21.176930437222907,/home/lmres/storage/projects/cwru-fault-detection/data/mat_files/241.mat,48000,3,1730,drive,outer_6,0.021,DE_0
0.3311344524890831,0.9059389634829038,17.925701497218576,/home/lmres/storage/projects/cwru-fault-detection/data/mat_files/241.mat,48000,3,1730,drive,outer_6,0.021,DE_0
0.05545948183170903,0.3068399418066212,12.74354842126162,/home/lmres/storage/projects/cwru-fault-detection/data/mat_files/241.mat,48000,3,1730,drive,outer_6,0.021,FE_0
0.058238852368537,0.32280020422036304,13.667367312357552,/home/lmres/storage/projects/cwru-fault-detection/data/mat_files/241.mat,48000,3,1730,drive,outer_6,0.021,FE_0
0.05434575132381282,0.3350594343248712,16.20009245600214,/home/lmres/storage/projects/cwru-fault-detection/data/mat_files/241.mat,48000,3,1730,drive,outer_6,0.021,FE_0
0.05007088006659016,0.3099857707990318,13.147983633946733,/home/lmres/storage/projects/cwru-fault-detection/data/mat_files/241.mat,48000,3,1730,drive,outer_6,0.021,FE_0
0.05164460360638109,0.30781107052194856,12.758405040832217,/home/lmres/storage/projects/cwru-fault-detection/data/mat_files/241.mat,48000,3,1730,drive,outer_6,0.021,FE_0
0.0553946389944189,0.3185552174587193,11.893213516095766,/home/lmres/storage/projects/cwru-fault-detection/data/mat_files/241.mat,48000,3,1730,drive,outer_6,0.021,FE_0
0.0603458002260119,0.31403232632009026,14.42389195479828,/home/lmres/storage/projects/cwru-fault-detection/data/mat_files/241.mat,48000,3,1730,drive,outer_6,0.021,FE_0
0.05667213808562394,0.3180269166060134,15.84534145630316,/home/lmres/storage/projects/cwru-fault-detection/data/mat_files/241.mat,48000,3,1730,drive,outer_6,0.021,FE_0
0.05642232883537344,0.2982009354022071,13.493808326345059,/home/lmres/storage/projects/cwru-fault-detection/data/mat_files/241.mat,48000,3,1730,drive,outer_6,0.021,FE_0
0.06595791390062379,0.29901644062603117,12.551328448095132,/home/lmres/storage/projects/cwru-fault-detection/data/mat_files/241.mat,48000,3,1730,drive,outer_6,0.021,FE_0
0.17723020418837557,0.840099281097042,4.216725388452948,/home/lmres/storage/projects/cwru-fault-detection/data/mat_files/148.mat,48000,0,1797,drive,outer_3,0.007,DE_0
0.16558423664009048,0.8553528288703883,4.063489625692583,/home/lmres/storage/projects/cwru-fault-detection/data/mat_files/148.mat,48000,0,1797,drive,outer_3,0.007,DE_0
0.032187847138430994,0.6131719334711997,3.1142722858231093,/home/lmres/storage/projects/cwru-fault-detection/data/mat_files/148.mat,48000,0,1797,drive,outer_3,0.007,FE_0
0.03146304404449063,0.6077966906248813,3.1106549565111092,/home/lmres/storage/projects/cwru-fault-detection/data/mat_files/148.mat,48000,0,1797,drive,outer_3,0.007,FE_0
0.20232993376178415,0.9661789169281519,4.0308501452765695,/home/lmres/storage/projects/cwru-fault-detection/data/mat_files/149.mat,48000,1,1772,drive,outer_3,0.007,DE_0
0.2073449665379695,0.9659538300990127,4.118568503941373,/home/lmres/storage/projects/cwru-fault-detection/data/mat_files/149.mat,48000,1,1772,drive,outer_3,0.007,DE_0
0.21227696464751133,0.967037856166023,4.041395467411183,/home/lmres/storage/projects/cwru-fault-detection/data/mat_files/149.mat,48000,1,1772,drive,outer_3,0.007,DE_0
0.20731386628329326,0.9658597573416581,4.060690905180554,/home/lmres/storage/projects/cwru-fault-detection/data/mat_files/149.mat,48000,1,1772,drive,outer_3,0.007,DE_0
0.2084270037990572,0.965569205549529,4.014971797477017,/home/lmres/storage/projects/cwru-fault-detection/data/mat_files/149.mat,48000,1,1772,drive,outer_3,0.007,DE_0
0.20711372778405548,0.9652253856606339,4.08592151777053,/home/lmres/storage/projects/cwru-fault-detection/data/mat_files/149.mat,48000,1,1772,drive,outer_3,0.007,DE_0
0.20673858248143995,0.9650226861342305,4.216191933792689,/home/lmres/storage/projects/cwru-fault-detection/data/mat_files/149.mat,48000,1,1772,drive,outer_3,0.007,DE_0
0.2074493842481738,0.9654657827697052,4.1247841984881966,/home/lmres/storage/projects/cwru-fault-detection/data/mat_files/149.mat,48000,1,1772,drive,outer_3,0.007,DE_0
0.20699213523330878,0.9662287949351935,4.24786840124533,/home/lmres/storage/projects/cwru-fault-detection/data/mat_files/149.mat,48000,1,1772,drive,outer_3,0.007,DE_0
0.20902970879781302,0.9652538297227085,4.127288802688768,/home/lmres/storage/projects/cwru-fault-detection/data/mat_files/149.mat,48000,1,1772,drive,outer_3,0.007,DE_0
0.03917855074465544,0.5846507738868902,3.28318300182916,/home/lmres/storage/projects/cwru-fault-detection/data/mat_files/149.mat,48000,1,1772,drive,outer_3,0.007,FE_0
0.04089334134272562,0.5947582270388881,3.343670277154447,/home/lmres/storage/projects/cwru-fault-detection/data/mat_files/149.mat,48000,1,1772,drive,outer_3,0.007,FE_0
0.040634068263698274,0.5964425409481634,3.3010516397291543,/home/lmres/storage/projects/cwru-fault-detection/data/mat_files/149.mat,48000,1,1772,drive,outer_3,0.007,FE_0
0.04090806481229835,0.5904730243747934,3.267241474607012,/home/lmres/storage/projects/cwru-fault-detection/data/mat_files/149.mat,48000,1,1772,drive,outer_3,0.007,FE_0
0.0404882066118575,0.5858413531909071,3.263682023308441,/home/lmres/storage/projects/cwru-fault-detection/data/mat_files/149.mat,48000,1,1772,drive,outer_3,0.007,FE_0
0.04090496458352148,0.5742589550264006,3.286939503162245,/home/lmres/storage/projects/cwru-fault-detection/data/mat_files/149.mat,48000,1,1772,drive,outer_3,0.007,FE_0
0.04026595171597624,0.5819444282330629,3.2901112488874715,/home/lmres/storage/projects/cwru-fault-detection/data/mat_files/149.mat,48000,1,1772,drive,outer_3,0.007,FE_0
0.04084270143573429,0.5906305843335532,3.2427382525266775,/home/lmres/storage/projects/cwru-fault-detection/data/mat_files/149.mat,48000,1,1772,drive,outer_3,0.007,FE_0
0.04061133025652589,0.5911687303488615,3.2827870954275276,/home/lmres/storage/projects/cwru-fault-detection/data/mat_files/149.mat,48000,1,1772,drive,outer_3,0.007,FE_0
0.04046122330528037,0.5846169832477779,3.256891968233105,/home/lmres/storage/projects/cwru-fault-detection/data/mat_files/149.mat,48000,1,1772,drive,outer_3,0.007,FE_0
0.1996129544469959,0.961795485386424,4.349022322180175,/home/lmres/storage/projects/cwru-fault-detection/data/mat_files/150.mat,48000,2,1750,drive,outer_3,0.007,DE_0
0.20007752458962,0.9626064300234305,4.512848514315091,/home/lmres/storage/projects/cwru-fault-detection/data/mat_files/150.mat,48000,2,1750,drive,outer_3,0.007,DE_0
0.20112351176858653,0.9612429945422151,4.398301127186543,/home/lmres/storage/projects/cwru-fault-detection/data/mat_files/150.mat,48000,2,1750,drive,outer_3,0.007,DE_0
0.19795747710676495,0.9611064635264439,4.46209323157274,/home/lmres/storage/projects/cwru-fault-detection/data/mat_files/150.mat,48000,2,1750,drive,outer_3,0.007,DE_0
0.19771668592802258,0.9606075161581552,4.399183981128795,/home/lmres/storage/projects/cwru-fault-detection/data/mat_files/150.mat,48000,2,1750,drive,outer_3,0.007,DE_0
0.19459849218942832,0.9592562478465423,4.359767631897856,/home/lmres/storage/projects/cwru-fault-detection/data/mat_files/150.mat,48000,2,1750,drive,outer_3,0.007,DE_0
0.2005960637382357,0.9613829833246389,4.3387200611901,/home/lmres/storage/projects/cwru-fault-detection/data/mat_files/150.mat,48000,2,1750,drive,outer_3,0.007,DE_0
0.20127078065006582,0.9608920386012494,4.3225111386069095,/home/lmres/storage/projects/cwru-fault-detection/data/mat_files/150.mat,48000,2,1750,drive,outer_3,0.007,DE_0
0.19534622344732225,0.9604432904608662,4.366701910660529,/home/lmres/storage/projects/cwru-fault-detection/data/mat_files/150.mat,48000,2,1750,drive,outer_3,0.007,DE_0
0.19470631139349776,0.9600844745614574,4.308668066105167,/home/lmres/storage/projects/cwru-fault-detection/data/mat_files/150.mat,48000,2,1750,drive,outer_3,0.007,DE_0
0.039094581442736503,0.5785769101607372,3.3215514303406835,/home/lmres/storage/projects/cwru-fault-detection/data/mat_files/150.mat,48000,2,1750,drive,outer_3,0.007,FE_0
0.038319093123287115,0.5697396572377988,3.3189015892411753,/home/lmres/storage/projects/cwru-fault-detection/data/mat_files/150.mat,48000,2,1750,drive,outer_3,0.007,FE_0
0.03944638934187362,0.5643216829641979,3.2680173050075925,/home/lmres/storage/projects/cwru-fault-detection/data/mat_files/150.mat,48000,2,1750,drive,outer_3,0.007,FE_0
0.0390085048389783,0.5634909494836063,3.3238231312295445,/home/lmres/storage/projects/cwru-fault-detection/data/mat_files/150.mat,48000,2,1750,drive,outer_3,0.007,FE_0
0.039524315665295726,0.5625555197670057,3.271462484687867,/home/lmres/storage/projects/cwru-fault-detection/data/mat_files/150.mat,48000,2,1750,drive,outer_3,0.007,FE_0
0.038872289935353306,0.5678639828105987,3.3138267216262283,/home/lmres/storage/projects/cwru-fault-detection/data/mat_files/150.mat,48000,2,1750,drive,outer_3,0.007,FE_0
0.039343734090256675,0.5702706990926458,3.259811638815403,/home/lmres/storage/projects/cwru-fault-detection/data/mat_files/150.mat,48000,2,1750,drive,outer_3,0.007,FE_0
0.03989781273808106,0.5700495896374747,3.2784226545333217,/home/lmres/storage/projects/cwru-fault-detection/data/mat_files/150.mat,48000,2,1750,drive,outer_3,0.007,FE_0
0.03922729010647562,0.5709688086558778,3.319276555008145,/home/lmres/storage/projects/cwru-fault-detection/data/mat_files/150.mat,48000,2,1750,drive,outer_3,0.007,FE_0
0.039139392251101586,0.5713314937263219,3.351032908588648,/home/lmres/storage/projects/cwru-fault-detection/data/mat_files/150.mat,48000,2,1750,drive,outer_3,0.007,FE_0
0.19365889596999647,0.9578586369694695,3.9994121297016467,/home/lmres/storage/projects/cwru-fault-detection/data/mat_files/151.mat,48000,3,1730,drive,outer_3,0.007,DE_0
0.1961184489472093,0.9587552798856346,4.076662261560463,/home/lmres/storage/projects/cwru-fault-detection/data/mat_files/151.mat,48000,3,1730,drive,outer_3,0.007,DE_0
0.19409992187516067,0.9580627330681054,4.037379879768308,/home/lmres/storage/projects/cwru-fault-detection/data/mat_files/151.mat,48000,3,1730,drive,outer_3,0.007,DE_0
0.19328242274366586,0.9584584465424825,4.114299112579271,/home/lmres/storage/projects/cwru-fault-detection/data/mat_files/151.mat,48000,3,1730,drive,outer_3,0.007,DE_0
0.1977585535641259,0.9594128908645683,4.137538888702424,/home/lmres/storage/projects/cwru-fault-detection/data/mat_files/151.mat,48000,3,1730,drive,outer_3,0.007,DE_0
0.19792579910999478,0.9596048849929754,4.001605197378042,/home/lmres/storage/projects/cwru-fault-detection/data/mat_files/151.mat,48000,3,1730,drive,outer_3,0.007,DE_0
0.19819264220215121,0.960867810092515,4.1241781528000185,/home/lmres/storage/projects/cwru-fault-detection/data/mat_files/151.mat,48000,3,1730,drive,outer_3,0.007,DE_0
0.193044703116291,0.9596045323414728,4.206280633598257,/home/lmres/storage/projects/cwru-fault-detection/data/mat_files/151.mat,48000,3,1730,drive,outer_3,0.007,DE_0
0.20117303909107495,0.9600883699032001,4.146613599733508,/home/lmres/storage/projects/cwru-fault-detection/data/mat_files/151.mat,48000,3,1730,drive,outer_3,0.007,DE_0
0.19688008317088176,0.9591148265684578,4.143528004527402,/home/lmres/storage/projects/cwru-fault-detection/data/mat_files/151.mat,48000,3,1730,drive,outer_3,0.007,DE_0
0.040545586886130025,0.5299067743348976,3.3468035462634576,/home/lmres/storage/projects/cwru-fault-detection/data/mat_files/151.mat,48000,3,1730,drive,outer_3,0.007,FE_0
0.04052034426159283,0.5302067533730372,3.251938189948147,/home/lmres/storage/projects/cwru-fault-detection/data/mat_files/151.mat,48000,3,1730,drive,outer_3,0.007,FE_0
0.04069610221848835,0.5404148334940103,3.3645714397539237,/home/lmres/storage/projects/cwru-fault-detection/data/mat_files/151.mat,48000,3,1730,drive,outer_3,0.007,FE_0
0.04000333404539187,0.5308240379886524,3.3915964736375983,/home/lmres/storage/projects/cwru-fault-detection/data/mat_files/151.mat,48000,3,1730,drive,outer_3,0.007,FE_0
0.04175758984012947,0.5429471483934879,3.411289514665176,/home/lmres/storage/projects/cwru-fault-detection/data/mat_files/151.mat,48000,3,1730,drive,outer_3,0.007,FE_0
0.04056351941382238,0.5369747742939142,3.381852236851769,/home/lmres/storage/projects/cwru-fault-detection/data/mat_files/151.mat,48000,3,1730,drive,outer_3,0.007,FE_0
0.040456699019934365,0.5394148949361662,3.3939296273566817,/home/lmres/storage/projects/cwru-fault-detection/data/mat_files/151.mat,48000,3,1730,drive,outer_3,0.007,FE_0
0.040706475366269555,0.5448284299662247,3.3767018083783964,/home/lmres/storage/projects/cwru-fault-detection/data/mat_files/151.mat,48000,3,1730,drive,outer_3,0.007,FE_0
0.04139369016495785,0.5384021115637002,3.5261198517323704,/home/lmres/storage/projects/cwru-fault-detection/data/mat_files/151.mat,48000,3,1730,drive,outer_3,0.007,FE_0
0.04121807499837217,0.5447253097127087,3.3561222244121915,/home/lmres/storage/projects/cwru-fault-detection/data/mat_files/151.mat,48000,3,1730,drive,outer_3,0.007,FE_0
0.17133885009153277,0.8247401856345166,8.112086194110457,/home/lmres/storage/projects/cwru-fault-detection/data/mat_files/250.mat,48000,0,1797,drive,outer_3,0.021,DE_0
0.17096776961920007,0.8290128316129161,8.4556033204109,/home/lmres/storage/projects/cwru-fault-detection/data/mat_files/250.mat,48000,0,1797,drive,outer_3,0.021,DE_0
0.05263422472912559,0.3665068172714414,4.3783251884308605,/home/lmres/storage/projects/cwru-fault-detection/data/mat_files/250.mat,48000,0,1797,drive,outer_3,0.021,FE_0
0.05321924017386186,0.35705895875836613,4.668589362605873,/home/lmres/storage/projects/cwru-fault-detection/data/mat_files/250.mat,48000,0,1797,drive,outer_3,0.021,FE_0
0.5816893993576722,0.8515584033046765,7.032957900616287,/home/lmres/storage/projects/cwru-fault-detection/data/mat_files/251.mat,48000,1,1772,drive,outer_3,0.021,DE_0
0.5545361300242234,0.8510093191269553,7.527973012157065,/home/lmres/storage/projects/cwru-fault-detection/data/mat_files/251.mat,48000,1,1772,drive,outer_3,0.021,DE_0
0.6082173380939266,0.8545282809788055,7.159615400478759,/home/lmres/storage/projects/cwru-fault-detection/data/mat_files/251.mat,48000,1,1772,drive,outer_3,0.021,DE_0
0.5777817652978692,0.8496514581140404,7.5253788883222885,/home/lmres/storage/projects/cwru-fault-detection/data/mat_files/251.mat,48000,1,1772,drive,outer_3,0.021,DE_0
0.5763600369347246,0.8523344132149236,7.524759628283462,/home/lmres/storage/projects/cwru-fault-detection/data/mat_files/251.mat,48000,1,1772,drive,outer_3,0.021,DE_0
0.5782594489196826,0.855705630432746,7.3877406260928575,/home/lmres/storage/projects/cwru-fault-detection/data/mat_files/251.mat,48000,1,1772,drive,outer_3,0.021,DE_0
0.5751034089202487,0.8511332983088515,7.335306072675779,/home/lmres/storage/projects/cwru-fault-detection/data/mat_files/251.mat,48000,1,1772,drive,outer_3,0.021,DE_0
0.6120182785135492,0.8632202399383899,7.070719394764073,/home/lmres/storage/projects/cwru-fault-detection/data/mat_files/251.mat,48000,1,1772,drive,outer_3,0.021,DE_0
0.5706625734835578,0.8522178625536574,7.190808394646035,/home/lmres/storage/projects/cwru-fault-detection/data/mat_files/251.mat,48000,1,1772,drive,outer_3,0.021,DE_0
0.5678840866050049,0.8484834454568139,7.379380637175604,/home/lmres/storage/projects/cwru-fault-detection/data/mat_files/251.mat,48000,1,1772,drive,outer_3,0.021,DE_0
0.0542564109959867,0.3298493794974216,6.276915463966729,/home/lmres/storage/projects/cwru-fault-detection/data/mat_files/251.mat,48000,1,1772,drive,outer_3,0.021,FE_0
0.04995663391090874,0.32383932310400915,5.874704117638768,/home/lmres/storage/projects/cwru-fault-detection/data/mat_files/251.mat,48000,1,1772,drive,outer_3,0.021,FE_0
0.052133276927457575,0.3425263651009586,5.761752932670481,/home/lmres/storage/projects/cwru-fault-detection/data/mat_files/251.mat,48000,1,1772,drive,outer_3,0.021,FE_0
0.05230413227452022,0.31483746514414485,5.864438821782962,/home/lmres/storage/projects/cwru-fault-detection/data/mat_files/251.mat,48000,1,1772,drive,outer_3,0.021,FE_0
0.05081515248917846,0.3274896735770679,5.412003208943692,/home/lmres/storage/projects/cwru-fault-detection/data/mat_files/251.mat,48000,1,1772,drive,outer_3,0.021,FE_0
0.05602680243521076,0.3305443123693252,5.727324235560948,/home/lmres/storage/projects/cwru-fault-detection/data/mat_files/251.mat,48000,1,1772,drive,outer_3,0.021,FE_0
0.05087286373310099,0.33150954646586117,5.8477136328055375,/home/lmres/storage/projects/cwru-fault-detection/data/mat_files/251.mat,48000,1,1772,drive,outer_3,0.021,FE_0
0.05467538522686357,0.3448198672795836,5.6488864903635205,/home/lmres/storage/projects/cwru-fault-detection/data/mat_files/251.mat,48000,1,1772,drive,outer_3,0.021,FE_0
0.053863006534397455,0.3302468703410022,5.896566249591108,/home/lmres/storage/projects/cwru-fault-detection/data/mat_files/251.mat,48000,1,1772,drive,outer_3,0.021,FE_0
0.04937391661208651,0.3272698745301872,6.010728942848933,/home/lmres/storage/projects/cwru-fault-detection/data/mat_files/251.mat,48000,1,1772,drive,outer_3,0.021,FE_0
0.5082303254616674,0.8497563110786888,7.8106340014867675,/home/lmres/storage/projects/cwru-fault-detection/data/mat_files/252.mat,48000,2,1750,drive,outer_3,0.021,DE_0
0.4852284151294795,0.8397620822152325,7.38563781868536,/home/lmres/storage/projects/cwru-fault-detection/data/mat_files/252.mat,48000,2,1750,drive,outer_3,0.021,DE_0
0.5320867092346713,0.8386503097342736,6.935808210666672,/home/lmres/storage/projects/cwru-fault-detection/data/mat_files/252.mat,48000,2,1750,drive,outer_3,0.021,DE_0
0.503763554960114,0.8382768184484338,6.772481568422669,/home/lmres/storage/projects/cwru-fault-detection/data/mat_files/252.mat,48000,2,1750,drive,outer_3,0.021,DE_0
0.5269407653604707,0.8481754620119668,6.993037200566399,/home/lmres/storage/projects/cwru-fault-detection/data/mat_files/252.mat,48000,2,1750,drive,outer_3,0.021,DE_0
0.5219379492895633,0.8484333612151775,7.4028065560729095,/home/lmres/storage/projects/cwru-fault-detection/data/mat_files/252.mat,48000,2,1750,drive,outer_3,0.021,DE_0
0.506025007102964,0.8539423133401166,7.719859900106637,/home/lmres/storage/projects/cwru-fault-detection/data/mat_files/252.mat,48000,2,1750,drive,outer_3,0.021,DE_0
0.4868050410012987,0.8408598918603948,7.151764994908005,/home/lmres/storage/projects/cwru-fault-detection/data/mat_files/252.mat,48000,2,1750,drive,outer_3,0.021,DE_0
0.4977832913197899,0.8345247897472442,6.954038306375413,/home/lmres/storage/projects/cwru-fault-detection/data/mat_files/252.mat,48000,2,1750,drive,outer_3,0.021,DE_0
0.5134814012776188,0.841235074594444,6.8804055722294475,/home/lmres/storage/projects/cwru-fault-detection/data/mat_files/252.mat,48000,2,1750,drive,outer_3,0.021,DE_0
0.05314512230133814,0.30300206841256677,5.485430838606035,/home/lmres/storage/projects/cwru-fault-detection/data/mat_files/252.mat,48000,2,1750,drive,outer_3,0.021,FE_0
0.050378411365199875,0.3004505042275571,5.699612052715759,/home/lmres/storage/projects/cwru-fault-detection/data/mat_files/252.mat,48000,2,1750,drive,outer_3,0.021,FE_0
0.0521371888514851,0.3027792360496299,5.754940298211918,/home/lmres/storage/projects/cwru-fault-detection/data/mat_files/252.mat,48000,2,1750,drive,outer_3,0.021,FE_0
0.05623213543655108,0.2994924346569863,5.150361115282271,/home/lmres/storage/projects/cwru-fault-detection/data/mat_files/252.mat,48000,2,1750,drive,outer_3,0.021,FE_0
0.05638785872660464,0.2790792204786448,5.535455454574952,/home/lmres/storage/projects/cwru-fault-detection/data/mat_files/252.mat,48000,2,1750,drive,outer_3,0.021,FE_0
0.05697364026925,0.28817619553578283,5.601899451266972,/home/lmres/storage/projects/cwru-fault-detection/data/mat_files/252.mat,48000,2,1750,drive,outer_3,0.021,FE_0
0.05541337419732489,0.2951499945015999,5.784682311887781,/home/lmres/storage/projects/cwru-fault-detection/data/mat_files/252.mat,48000,2,1750,drive,outer_3,0.021,FE_0
0.050178823403103846,0.31464891109013954,5.930625477776058,/home/lmres/storage/projects/cwru-fault-detection/data/mat_files/252.mat,48000,2,1750,drive,outer_3,0.021,FE_0
0.05218465295649916,0.3028821663109781,5.814243741813739,/home/lmres/storage/projects/cwru-fault-detection/data/mat_files/252.mat,48000,2,1750,drive,outer_3,0.021,FE_0
0.05449413316103326,0.2839450033685561,5.4221264380971235,/home/lmres/storage/projects/cwru-fault-detection/data/mat_files/252.mat,48000,2,1750,drive,outer_3,0.021,FE_0
0.44724196852426873,0.8161446240519089,7.058609944836353,/home/lmres/storage/projects/cwru-fault-detection/data/mat_files/253.mat,48000,3,1730,drive,outer_3,0.021,DE_0
0.44350635162772944,0.8176847482053888,7.620205385750201,/home/lmres/storage/projects/cwru-fault-detection/data/mat_files/253.mat,48000,3,1730,drive,outer_3,0.021,DE_0
0.4519191324896544,0.8181152582298444,7.734502206101274,/home/lmres/storage/projects/cwru-fault-detection/data/mat_files/253.mat,48000,3,1730,drive,outer_3,0.021,DE_0
0.4627892657437078,0.8275191780301828,7.534398578497131,/home/lmres/storage/projects/cwru-fault-detection/data/mat_files/253.mat,48000,3,1730,drive,outer_3,0.021,DE_0
0.45819409351484264,0.8204065796300678,7.249827982107007,/home/lmres/storage/projects/cwru-fault-detection/data/mat_files/253.mat,48000,3,1730,drive,outer_3,0.021,DE_0
0.4649357159381621,0.8253805286180624,6.766670849580164,/home/lmres/storage/projects/cwru-fault-detection/data/mat_files/253.mat,48000,3,1730,drive,outer_3,0.021,DE_0
0.4729297586291782,0.8264098622563086,7.649617894868574,/home/lmres/storage/projects/cwru-fault-detection/data/mat_files/253.mat,48000,3,1730,drive,outer_3,0.021,DE_0
0.46710916946596853,0.8247030747628277,8.094977829816576,/home/lmres/storage/projects/cwru-fault-detection/data/mat_files/253.mat,48000,3,1730,drive,outer_3,0.021,DE_0
0.477603569863161,0.8210332245724646,7.740835511683824,/home/lmres/storage/projects/cwru-fault-detection/data/mat_files/253.mat,48000,3,1730,drive,outer_3,0.021,DE_0
0.46687599745491215,0.826486806177296,7.8873346738927905,/home/lmres/storage/projects/cwru-fault-detection/data/mat_files/253.mat,48000,3,1730,drive,outer_3,0.021,DE_0
0.05025885858404811,0.2690861585987438,5.872691686362702,/home/lmres/storage/projects/cwru-fault-detection/data/mat_files/253.mat,48000,3,1730,drive,outer_3,0.021,FE_0
0.05098219125168903,0.2678907509855331,6.116113575398078,/home/lmres/storage/projects/cwru-fault-detection/data/mat_files/253.mat,48000,3,1730,drive,outer_3,0.021,FE_0
0.04960698287789648,0.2752909959438952,5.87502403253376,/home/lmres/storage/projects/cwru-fault-detection/data/mat_files/253.mat,48000,3,1730,drive,outer_3,0.021,FE_0
0.04907996506856129,0.2745314298296263,5.893212443892821,/home/lmres/storage/projects/cwru-fault-detection/data/mat_files/253.mat,48000,3,1730,drive,outer_3,0.021,FE_0
0.04839506158258907,0.2696614426147343,5.9445289675794495,/home/lmres/storage/projects/cwru-fault-detection/data/mat_files/253.mat,48000,3,1730,drive,outer_3,0.021,FE_0
0.047164780501597024,0.2732549152060914,5.947178542322014,/home/lmres/storage/projects/cwru-fault-detection/data/mat_files/253.mat,48000,3,1730,drive,outer_3,0.021,FE_0
0.049087972687062616,0.2690996816890659,6.344094006806889,/home/lmres/storage/projects/cwru-fault-detection/data/mat_files/253.mat,48000,3,1730,drive,outer_3,0.021,FE_0
0.0501253196848538,0.274141239248891,6.107094631955213,/home/lmres/storage/projects/cwru-fault-detection/data/mat_files/253.mat,48000,3,1730,drive,outer_3,0.021,FE_0
0.04968223163356258,0.2723567543826828,6.201189918443747,/home/lmres/storage/projects/cwru-fault-detection/data/mat_files/253.mat,48000,3,1730,drive,outer_3,0.021,FE_0
0.050485197363538445,0.2784732821379986,6.355981820953936,/home/lmres/storage/projects/cwru-fault-detection/data/mat_files/253.mat,48000,3,1730,drive,outer_3,0.021,FE_0
0.06375526042454165,0.5942574075737088,5.778508895792828,/home/lmres/storage/projects/cwru-fault-detection/data/mat_files/161.mat,48000,0,1797,drive,outer_12,0.007,DE_0
0.05243051752039449,0.5876025911069254,4.815572125728793,/home/lmres/storage/projects/cwru-fault-detection/data/mat_files/161.mat,48000,0,1797,drive,outer_12,0.007,DE_0
0.022577673342602963,0.6437795503448371,3.6292623044140773,/home/lmres/storage/projects/cwru-fault-detection/data/mat_files/161.mat,48000,0,1797,drive,outer_12,0.007,FE_0
0.023115095682073417,0.6169445743082441,3.9853117514717593,/home/lmres/storage/projects/cwru-fault-detection/data/mat_files/161.mat,48000,0,1797,drive,outer_12,0.007,FE_0
0.0839688266055918,0.9554490617749374,10.993782367337596,/home/lmres/storage/projects/cwru-fault-detection/data/mat_files/162.mat,48000,1,1772,drive,outer_12,0.007,DE_0
0.08497098168842769,0.9578514999729784,13.107732193351849,/home/lmres/storage/projects/cwru-fault-detection/data/mat_files/162.mat,48000,1,1772,drive,outer_12,0.007,DE_0
0.08316230902565439,0.9607037927311733,13.829367407025199,/home/lmres/storage/projects/cwru-fault-detection/data/mat_files/162.mat,48000,1,1772,drive,outer_12,0.007,DE_0
0.0763400838471497,0.9602612738949512,12.209339715043386,/home/lmres/storage/projects/cwru-fault-detection/data/mat_files/162.mat,48000,1,1772,drive,outer_12,0.007,DE_0
0.06968262693573081,0.9572615678291813,9.227435360131382,/home/lmres/storage/projects/cwru-fault-detection/data/mat_files/162.mat,48000,1,1772,drive,outer_12,0.007,DE_0
0.06623296346960968,0.9568812075655884,9.288778937735628,/home/lmres/storage/projects/cwru-fault-detection/data/mat_files/162.mat,48000,1,1772,drive,outer_12,0.007,DE_0
0.07233517311219237,0.9594650544976602,12.096375325210222,/home/lmres/storage/projects/cwru-fault-detection/data/mat_files/162.mat,48000,1,1772,drive,outer_12,0.007,DE_0
0.07461863178611113,0.9589125829189563,12.71264875110025,/home/lmres/storage/projects/cwru-fault-detection/data/mat_files/162.mat,48000,1,1772,drive,outer_12,0.007,DE_0
0.07469764126743572,0.9588047013562018,13.60052427844486,/home/lmres/storage/projects/cwru-fault-detection/data/mat_files/162.mat,48000,1,1772,drive,outer_12,0.007,DE_0
0.07641796089739362,0.9617691552770629,14.766739117870381,/home/lmres/storage/projects/cwru-fault-detection/data/mat_files/162.mat,48000,1,1772,drive,outer_12,0.007,DE_0
0.0332409420147177,0.629269038632878,5.46773861294272,/home/lmres/storage/projects/cwru-fault-detection/data/mat_files/162.mat,48000,1,1772,drive,outer_12,0.007,FE_0
0.031470446128261706,0.6349972111783617,5.7562343655967485,/home/lmres/storage/projects/cwru-fault-detection/data/mat_files/162.mat,48000,1,1772,drive,outer_12,0.007,FE_0
0.03040871276756735,0.6450657443509821,5.4819855200159795,/home/lmres/storage/projects/cwru-fault-detection/data/mat_files/162.mat,48000,1,1772,drive,outer_12,0.007,FE_0
0.02709540383678147,0.6499302120530107,4.837252457434962,/home/lmres/storage/projects/cwru-fault-detection/data/mat_files/162.mat,48000,1,1772,drive,outer_12,0.007,FE_0
0.02690541731283333,0.655744406326642,4.833538231011669,/home/lmres/storage/projects/cwru-fault-detection/data/mat_files/162.mat,48000,1,1772,drive,outer_12,0.007,FE_0
0.024917918124715083,0.6378485716118132,4.204015378845827,/home/lmres/storage/projects/cwru-fault-detection/data/mat_files/162.mat,48000,1,1772,drive,outer_12,0.007,FE_0
0.025801417613258052,0.6512004442573807,4.067116602823002,/home/lmres/storage/projects/cwru-fault-detection/data/mat_files/162.mat,48000,1,1772,drive,outer_12,0.007,FE_0
0.02468368650043402,0.6319085823530435,4.8102532550885355,/home/lmres/storage/projects/cwru-fault-detection/data/mat_files/162.mat,48000,1,1772,drive,outer_12,0.007,FE_0
0.026107613381565697,0.650096506901784,4.665683359572397,/home/lmres/storage/projects/cwru-fault-detection/data/mat_files/162.mat,48000,1,1772,drive,outer_12,0.007,FE_0
0.027006983927174173,0.6552202381134085,4.479719853740784,/home/lmres/storage/projects/cwru-fault-detection/data/mat_files/162.mat,48000,1,1772,drive,outer_12,0.007,FE_0
0.07327686360931449,0.9504448669250596,12.723983139024714,/home/lmres/storage/projects/cwru-fault-detection/data/mat_files/163.mat,48000,2,1750,drive,outer_12,0.007,DE_0
0.07273183626818165,0.9519169306787755,11.600708606696722,/home/lmres/storage/projects/cwru-fault-detection/data/mat_files/163.mat,48000,2,1750,drive,outer_12,0.007,DE_0
0.07077295745287668,0.9510578844905547,11.424828590974206,/home/lmres/storage/projects/cwru-fault-detection/data/mat_files/163.mat,48000,2,1750,drive,outer_12,0.007,DE_0
0.068935938678166,0.9489781162866562,11.817123940676487,/home/lmres/storage/projects/cwru-fault-detection/data/mat_files/163.mat,48000,2,1750,drive,outer_12,0.007,DE_0
0.0695496137753662,0.9494710775037394,11.714906712829123,/home/lmres/storage/projects/cwru-fault-detection/data/mat_files/163.mat,48000,2,1750,drive,outer_12,0.007,DE_0
0.07001584475628227,0.9481926805120153,10.756745811756117,/home/lmres/storage/projects/cwru-fault-detection/data/mat_files/163.mat,48000,2,1750,drive,outer_12,0.007,DE_0
0.06518987932929095,0.9439362632027553,12.021298779620762,/home/lmres/storage/projects/cwru-fault-detection/data/mat_files/163.mat,48000,2,1750,drive,outer_12,0.007,DE_0
0.06688344258327814,0.9460339796567497,10.519903808504326,/home/lmres/storage/projects/cwru-fault-detection/data/mat_files/163.mat,48000,2,1750,drive,outer_12,0.007,DE_0
0.0698424237067565,0.9508213136110395,11.407385880085418,/home/lmres/storage/projects/cwru-fault-detection/data/mat_files/163.mat,48000,2,1750,drive,outer_12,0.007,DE_0
0.06681640693537207,0.9479232877071957,12.139374546074466,/home/lmres/storage/projects/cwru-fault-detection/data/mat_files/163.mat,48000,2,1750,drive,outer_12,0.007,DE_0
0.026725292355299586,0.6195559593938297,4.1384465397972585,/home/lmres/storage/projects/cwru-fault-detection/data/mat_files/163.mat,48000,2,1750,drive,outer_12,0.007,FE_0
0.02800176239703912,0.634501172874457,5.0625703550290515,/home/lmres/storage/projects/cwru-fault-detection/data/mat_files/163.mat,48000,2,1750,drive,outer_12,0.007,FE_0
0.02648203737294566,0.620965274179559,4.845513873382093,/home/lmres/storage/projects/cwru-fault-detection/data/mat_files/163.mat,48000,2,1750,drive,outer_12,0.007,FE_0
0.025726775857419486,0.6125264559231198,4.270484446800464,/home/lmres/storage/projects/cwru-fault-detection/data/mat_files/163.mat,48000,2,1750,drive,outer_12,0.007,FE_0
0.026443907588549857,0.6313434621686436,4.99261321100224,/home/lmres/storage/projects/cwru-fault-detection/data/mat_files/163.mat,48000,2,1750,drive,outer_12,0.007,FE_0
0.026882154625516252,0.6376068488467561,5.194449618086987,/home/lmres/storage/projects/cwru-fault-detection/data/mat_files/163.mat,48000,2,1750,drive,outer_12,0.007,FE_0
0.024691929621601237,0.6220205464276963,4.50605716538183,/home/lmres/storage/projects/cwru-fault-detection/data/mat_files/163.mat,48000,2,1750,drive,outer_12,0.007,FE_0
0.026404111086458678,0.6340808654166921,4.576280584119623,/home/lmres/storage/projects/cwru-fault-detection/data/mat_files/163.mat,48000,2,1750,drive,outer_12,0.007,FE_0
0.024956617607015837,0.6214373276929233,4.740339306296982,/home/lmres/storage/projects/cwru-fault-detection/data/mat_files/163.mat,48000,2,1750,drive,outer_12,0.007,FE_0
0.02530216581961033,0.6203003071979597,4.422003370551847,/home/lmres/storage/projects/cwru-fault-detection/data/mat_files/163.mat,48000,2,1750,drive,outer_12,0.007,FE_0
0.05955250621847702,0.9134810007978303,9.808292106019671,/home/lmres/storage/projects/cwru-fault-detection/data/mat_files/164.mat,48000,3,1730,drive,outer_12,0.007,DE_0
0.057996455368591875,0.9094890966946759,11.352878394079418,/home/lmres/storage/projects/cwru-fault-detection/data/mat_files/164.mat,48000,3,1730,drive,outer_12,0.007,DE_0
0.06142581822638463,0.912686503412867,10.521823676041631,/home/lmres/storage/projects/cwru-fault-detection/data/mat_files/164.mat,48000,3,1730,drive,outer_12,0.007,DE_0
0.05800194829681597,0.908752955875537,10.19626050574057,/home/lmres/storage/projects/cwru-fault-detection/data/mat_files/164.mat,48000,3,1730,drive,outer_12,0.007,DE_0
0.057712777147809015,0.9121526104808746,9.080668074965976,/home/lmres/storage/projects/cwru-fault-detection/data/mat_files/164.mat,48000,3,1730,drive,outer_12,0.007,DE_0
0.05741227873404972,0.907510531954262,9.048407821297959,/home/lmres/storage/projects/cwru-fault-detection/data/mat_files/164.mat,48000,3,1730,drive,outer_12,0.007,DE_0
0.06360348792643356,0.9131094198286039,11.497061601167875,/home/lmres/storage/projects/cwru-fault-detection/data/mat_files/164.mat,48000,3,1730,drive,outer_12,0.007,DE_0
0.061136943695958734,0.9160583839823859,9.593252784906117,/home/lmres/storage/projects/cwru-fault-detection/data/mat_files/164.mat,48000,3,1730,drive,outer_12,0.007,DE_0
0.06270676724968884,0.9184827074402306,10.222436543493442,/home/lmres/storage/projects/cwru-fault-detection/data/mat_files/164.mat,48000,3,1730,drive,outer_12,0.007,DE_0
0.057403174794883945,0.910267310558897,9.78931014733643,/home/lmres/storage/projects/cwru-fault-detection/data/mat_files/164.mat,48000,3,1730,drive,outer_12,0.007,DE_0
0.024594481677230856,0.5766663171772749,4.114172560565066,/home/lmres/storage/projects/cwru-fault-detection/data/mat_files/164.mat,48000,3,1730,drive,outer_12,0.007,FE_0
0.022502738228662878,0.5592348331933247,3.74882682278015,/home/lmres/storage/projects/cwru-fault-detection/data/mat_files/164.mat,48000,3,1730,drive,outer_12,0.007,FE_0
0.02311948696052038,0.5700520432896169,4.251593347319606,/home/lmres/storage/projects/cwru-fault-detection/data/mat_files/164.mat,48000,3,1730,drive,outer_12,0.007,FE_0
0.02362858971580489,0.5768190620683454,4.133192200290433,/home/lmres/storage/projects/cwru-fault-detection/data/mat_files/164.mat,48000,3,1730,drive,outer_12,0.007,FE_0
0.024049777033716944,0.576307761121271,4.047822716154029,/home/lmres/storage/projects/cwru-fault-detection/data/mat_files/164.mat,48000,3,1730,drive,outer_12,0.007,FE_0
0.023232038064020244,0.5542049612018117,3.6676208582988514,/home/lmres/storage/projects/cwru-fault-detection/data/mat_files/164.mat,48000,3,1730,drive,outer_12,0.007,FE_0
0.02404963141347307,0.576885002180527,3.709310704777137,/home/lmres/storage/projects/cwru-fault-detection/data/mat_files/164.mat,48000,3,1730,drive,outer_12,0.007,FE_0
0.023716292221308267,0.5746351126344512,3.789457226847934,/home/lmres/storage/projects/cwru-fault-detection/data/mat_files/164.mat,48000,3,1730,drive,outer_12,0.007,FE_0
0.024988945025900478,0.5842579429328175,3.8769604283980224,/home/lmres/storage/projects/cwru-fault-detection/data/mat_files/164.mat,48000,3,1730,drive,outer_12,0.007,FE_0
0.02432785007853175,0.5799073009015205,3.6916777549883926,/home/lmres/storage/projects/cwru-fault-detection/data/mat_files/164.mat,48000,3,1730,drive,outer_12,0.007,FE_0
0.41046677342135185,0.9086623317368783,24.994311004671864,/home/lmres/storage/projects/cwru-fault-detection/data/mat_files/262.mat,48000,0,1797,drive,outer_12,0.021,DE_0
0.35850520371361927,0.906232802028454,25.257765870018815,/home/lmres/storage/projects/cwru-fault-detection/data/mat_files/262.mat,48000,0,1797,drive,outer_12,0.021,DE_0
0.020848224931539944,0.6418398213756833,8.300360616224802,/home/lmres/storage/projects/cwru-fault-detection/data/mat_files/262.mat,48000,0,1797,drive,outer_12,0.021,FE_0
0.021144843970073966,0.6222239182876497,9.98607688385576,/home/lmres/storage/projects/cwru-fault-detection/data/mat_files/262.mat,48000,0,1797,drive,outer_12,0.021,FE_0
0.2712299201980431,0.9532259230876085,20.988348184790507,/home/lmres/storage/projects/cwru-fault-detection/data/mat_files/263.mat,48000,1,1772,drive,outer_12,0.021,DE_0
0.30625501879779315,0.9581920681573926,23.045755336697777,/home/lmres/storage/projects/cwru-fault-detection/data/mat_files/263.mat,48000,1,1772,drive,outer_12,0.021,DE_0
0.28830563242509494,0.9560567673632167,24.720005151386786,/home/lmres/storage/projects/cwru-fault-detection/data/mat_files/263.mat,48000,1,1772,drive,outer_12,0.021,DE_0
0.29268827706245976,0.9574885561359443,20.912109417986212,/home/lmres/storage/projects/cwru-fault-detection/data/mat_files/263.mat,48000,1,1772,drive,outer_12,0.021,DE_0
0.32277308466981375,0.9599483175367017,23.31520872617469,/home/lmres/storage/projects/cwru-fault-detection/data/mat_files/263.mat,48000,1,1772,drive,outer_12,0.021,DE_0
0.3066650420963936,0.9590697720864649,22.228291244393574,/home/lmres/storage/projects/cwru-fault-detection/data/mat_files/263.mat,48000,1,1772,drive,outer_12,0.021,DE_0
0.3253240418405278,0.9590236828442644,22.254299244659606,/home/lmres/storage/projects/cwru-fault-detection/data/mat_files/263.mat,48000,1,1772,drive,outer_12,0.021,DE_0
0.3024194610973333,0.9572247618790586,22.31008081166342,/home/lmres/storage/projects/cwru-fault-detection/data/mat_files/263.mat,48000,1,1772,drive,outer_12,0.021,DE_0
0.30857002886578594,0.9577955638207873,25.283508632825043,/home/lmres/storage/projects/cwru-fault-detection/data/mat_files/263.mat,48000,1,1772,drive,outer_12,0.021,DE_0
0.3180220674341617,0.957738712942536,22.92829031215939,/home/lmres/storage/projects/cwru-fault-detection/data/mat_files/263.mat,48000,1,1772,drive,outer_12,0.021,DE_0
0.020457050174623553,0.5927408725239067,9.067286483016241,/home/lmres/storage/projects/cwru-fault-detection/data/mat_files/263.mat,48000,1,1772,drive,outer_12,0.021,FE_0
0.02009528110999263,0.6102082568588348,9.987855558107023,/home/lmres/storage/projects/cwru-fault-detection/data/mat_files/263.mat,48000,1,1772,drive,outer_12,0.021,FE_0
0.01929710470734676,0.5921218090366591,9.681784835584612,/home/lmres/storage/projects/cwru-fault-detection/data/mat_files/263.mat,48000,1,1772,drive,outer_12,0.021,FE_0
0.018642128756236432,0.5646364375586703,9.039483827879158,/home/lmres/storage/projects/cwru-fault-detection/data/mat_files/263.mat,48000,1,1772,drive,outer_12,0.021,FE_0
0.01927158687744208,0.5478545737326498,9.569155039018689,/home/lmres/storage/projects/cwru-fault-detection/data/mat_files/263.mat,48000,1,1772,drive,outer_12,0.021,FE_0
0.01938939584797617,0.5885282492943887,8.706099925066004,/home/lmres/storage/projects/cwru-fault-detection/data/mat_files/263.mat,48000,1,1772,drive,outer_12,0.021,FE_0
0.01975711690582307,0.5908825461505643,9.530042375660988,/home/lmres/storage/projects/cwru-fault-detection/data/mat_files/263.mat,48000,1,1772,drive,outer_12,0.021,FE_0
0.018825598869906954,0.5954043096353634,9.081866264246786,/home/lmres/storage/projects/cwru-fault-detection/data/mat_files/263.mat,48000,1,1772,drive,outer_12,0.021,FE_0
0.019262528356251786,0.5663338925208681,9.183223390375414,/home/lmres/storage/projects/cwru-fault-detection/data/mat_files/263.mat,48000,1,1772,drive,outer_12,0.021,FE_0
0.02096237281519855,0.5741084174189999,9.76865479421567,/home/lmres/storage/projects/cwru-fault-detection/data/mat_files/263.mat,48000,1,1772,drive,outer_12,0.021,FE_0
0.2200922397364838,0.946798088795269,23.988166835511795,/home/lmres/storage/projects/cwru-fault-detection/data/mat_files/264.mat,48000,2,1750,drive,outer_12,0.021,DE_0
0.21786353376816875,0.9442820825184106,20.599553928987294,/home/lmres/storage/projects/cwru-fault-detection/data/mat_files/264.mat,48000,2,1750,drive,outer_12,0.021,DE_0
0.23019941774825986,0.9462918008192588,20.692280348155837,/home/lmres/storage/projects/cwru-fault-detection/data/mat_files/264.mat,48000,2,1750,drive,outer_12,0.021,DE_0
0.21028143067842087,0.9445587426324767,22.324039486769276,/home/lmres/storage/projects/cwru-fault-detection/data/mat_files/264.mat,48000,2,1750,drive,outer_12,0.021,DE_0
0.23931654156872711,0.9486776850005716,23.952115224499156,/home/lmres/storage/projects/cwru-fault-detection/data/mat_files/264.mat,48000,2,1750,drive,outer_12,0.021,DE_0
0.24886538256579274,0.9519018472941257,22.161894419231498,/home/lmres/storage/projects/cwru-fault-detection/data/mat_files/264.mat,48000,2,1750,drive,outer_12,0.021,DE_0
0.20819567821566234,0.9433910457220739,20.434529384967277,/home/lmres/storage/projects/cwru-fault-detection/data/mat_files/264.mat,48000,2,1750,drive,outer_12,0.021,DE_0
0.24104057406531365,0.949456483129229,23.073737240813053,/home/lmres/storage/projects/cwru-fault-detection/data/mat_files/264.mat,48000,2,1750,drive,outer_12,0.021,DE_0
0.21826857855795376,0.9437788126659329,24.30304630990677,/home/lmres/storage/projects/cwru-fault-detection/data/mat_files/264.mat,48000,2,1750,drive,outer_12,0.021,DE_0
0.23386949228074075,0.9487359924790437,22.764456133482415,/home/lmres/storage/projects/cwru-fault-detection/data/mat_files/264.mat,48000,2,1750,drive,outer_12,0.021,DE_0
0.020214234689465562,0.5459626696838409,9.396535532229937,/home/lmres/storage/projects/cwru-fault-detection/data/mat_files/264.mat,48000,2,1750,drive,outer_12,0.021,FE_0
0.019157150154078786,0.5272154072299574,8.114808785248915,/home/lmres/storage/projects/cwru-fault-detection/data/mat_files/264.mat,48000,2,1750,drive,outer_12,0.021,FE_0
0.018675675154690836,0.5519274602025945,8.167110801240655,/home/lmres/storage/projects/cwru-fault-detection/data/mat_files/264.mat,48000,2,1750,drive,outer_12,0.021,FE_0
0.019136396851395728,0.5442812152727886,8.669413538140768,/home/lmres/storage/projects/cwru-fault-detection/data/mat_files/264.mat,48000,2,1750,drive,outer_12,0.021,FE_0
0.019249320676025618,0.5426337680835588,8.352816326855395,/home/lmres/storage/projects/cwru-fault-detection/data/mat_files/264.mat,48000,2,1750,drive,outer_12,0.021,FE_0
0.01802711314439194,0.5303877408576012,7.765185245091382,/home/lmres/storage/projects/cwru-fault-detection/data/mat_files/264.mat,48000,2,1750,drive,outer_12,0.021,FE_0
0.0194152176653834,0.5517790563276054,8.648647351970974,/home/lmres/storage/projects/cwru-fault-detection/data/mat_files/264.mat,48000,2,1750,drive,outer_12,0.021,FE_0
0.018476160949934293,0.5478118232957352,8.856704822927624,/home/lmres/storage/projects/cwru-fault-detection/data/mat_files/264.mat,48000,2,1750,drive,outer_12,0.021,FE_0
0.019524208981861704,0.5480378820564177,8.989806002089448,/home/lmres/storage/projects/cwru-fault-detection/data/mat_files/264.mat,48000,2,1750,drive,outer_12,0.021,FE_0
0.01836252383243154,0.5159377330616816,8.546570837955585,/home/lmres/storage/projects/cwru-fault-detection/data/mat_files/264.mat,48000,2,1750,drive,outer_12,0.021,FE_0
0.1989874516432721,0.9404264659104291,23.65976049903111,/home/lmres/storage/projects/cwru-fault-detection/data/mat_files/265.mat,48000,3,1730,drive,outer_12,0.021,DE_0
0.1557013206908471,0.928185384377238,18.855384111979557,/home/lmres/storage/projects/cwru-fault-detection/data/mat_files/265.mat,48000,3,1730,drive,outer_12,0.021,DE_0
0.14495525960194608,0.9207690878878578,20.98756765420963,/home/lmres/storage/projects/cwru-fault-detection/data/mat_files/265.mat,48000,3,1730,drive,outer_12,0.021,DE_0
0.1444342136815628,0.9215045381927228,18.471428458799945,/home/lmres/storage/projects/cwru-fault-detection/data/mat_files/265.mat,48000,3,1730,drive,outer_12,0.021,DE_0
0.14685795270659643,0.9202997913303782,17.463582545269897,/home/lmres/storage/projects/cwru-fault-detection/data/mat_files/265.mat,48000,3,1730,drive,outer_12,0.021,DE_0
0.17131517752638487,0.9316503851467757,21.948555480670095,/home/lmres/storage/projects/cwru-fault-detection/data/mat_files/265.mat,48000,3,1730,drive,outer_12,0.021,DE_0
0.1898256447424619,0.9347247406249648,21.567909291783206,/home/lmres/storage/projects/cwru-fault-detection/data/mat_files/265.mat,48000,3,1730,drive,outer_12,0.021,DE_0
0.17865597436237468,0.9325745531482668,22.020082147588795,/home/lmres/storage/projects/cwru-fault-detection/data/mat_files/265.mat,48000,3,1730,drive,outer_12,0.021,DE_0
0.17203552828570695,0.9275268366455138,20.993428306481917,/home/lmres/storage/projects/cwru-fault-detection/data/mat_files/265.mat,48000,3,1730,drive,outer_12,0.021,DE_0
0.15483367525266828,0.9195133357264269,18.710689733250927,/home/lmres/storage/projects/cwru-fault-detection/data/mat_files/265.mat,48000,3,1730,drive,outer_12,0.021,DE_0
0.020709337499079546,0.4399941545871481,6.533104422228236,/home/lmres/storage/projects/cwru-fault-detection/data/mat_files/265.mat,48000,3,1730,drive,outer_12,0.021,FE_0
0.020990451118048967,0.4043777715951622,6.0037040294050295,/home/lmres/storage/projects/cwru-fault-detection/data/mat_files/265.mat,48000,3,1730,drive,outer_12,0.021,FE_0
0.02148246158629387,0.43149740672154124,7.139518443791767,/home/lmres/storage/projects/cwru-fault-detection/data/mat_files/265.mat,48000,3,1730,drive,outer_12,0.021,FE_0
0.02152762692963746,0.46267301329804217,7.129787164523194,/home/lmres/storage/projects/cwru-fault-detection/data/mat_files/265.mat,48000,3,1730,drive,outer_12,0.021,FE_0
0.02032478957263209,0.4069060185790256,6.219130023793686,/home/lmres/storage/projects/cwru-fault-detection/data/mat_files/265.mat,48000,3,1730,drive,outer_12,0.021,FE_0
0.020541165864509294,0.4293380269993739,5.952337230097702,/home/lmres/storage/projects/cwru-fault-detection/data/mat_files/265.mat,48000,3,1730,drive,outer_12,0.021,FE_0
0.02132910423333388,0.43283535524922445,6.225536968698164,/home/lmres/storage/projects/cwru-fault-detection/data/mat_files/265.mat,48000,3,1730,drive,outer_12,0.021,FE_0
0.020557891632881475,0.4385839028058624,6.594127664476029,/home/lmres/storage/projects/cwru-fault-detection/data/mat_files/265.mat,48000,3,1730,drive,outer_12,0.021,FE_0
0.02057368030087651,0.4240346301381414,5.975492408680051,/home/lmres/storage/projects/cwru-fault-detection/data/mat_files/265.mat,48000,3,1730,drive,outer_12,0.021,FE_0
0.020883800069066115,0.4607170808896342,6.82195088005822,/home/lmres/storage/projects/cwru-fault-detection/data/mat_files/265.mat,48000,3,1730,drive,outer_12,0.021,FE_0
0.005488110514546082,0.04690716819168493,2.869599386070164,/home/lmres/storage/projects/cwru-fault-detection/data/mat_files/97.mat,12000,0,1797,,,,DE_0
0.0053783164871591006,0.04815683862570983,2.7310024881379515,/home/lmres/storage/projects/cwru-fault-detection/data/mat_files/97.mat,12000,0,1797,,,,DE_0
0.00535727585287129,0.049791102426533736,2.729594874330614,/home/lmres/storage/projects/cwru-fault-detection/data/mat_files/97.mat,12000,0,1797,,,,DE_0
0.005376249124103004,0.04912847101218914,2.829681578548372,/home/lmres/storage/projects/cwru-fault-detection/data/mat_files/97.mat,12000,0,1797,,,,DE_0
0.005353909925128899,0.048003862337227386,2.8764834062572935,/home/lmres/storage/projects/cwru-fault-detection/data/mat_files/97.mat,12000,0,1797,,,,DE_0
0.00526422816981813,0.04873566725533185,2.825978751593745,/home/lmres/storage/projects/cwru-fault-detection/data/mat_files/97.mat,12000,0,1797,,,,DE_0
0.005113990426024898,0.05090778492446897,2.764957550799102,/home/lmres/storage/projects/cwru-fault-detection/data/mat_files/97.mat,12000,0,1797,,,,DE_0
0.00550609198898755,0.04681191884480855,2.6408129847921535,/home/lmres/storage/projects/cwru-fault-detection/data/mat_files/97.mat,12000,0,1797,,,,DE_0
0.005078187860617562,0.0492308708839966,2.6845129023640864,/home/lmres/storage/projects/cwru-fault-detection/data/mat_files/97.mat,12000,0,1797,,,,DE_0
0.005254298048849893,0.04791609181787583,2.825399675363457,/home/lmres/storage/projects/cwru-fault-detection/data/mat_files/97.mat,12000,0,1797,,,,DE_0
0.005373367458494485,0.04770559112625845,2.7138311316827943,/home/lmres/storage/projects/cwru-fault-detection/data/mat_files/97.mat,12000,0,1797,,,,DE_0
0.005629799553978319,0.04623324768715909,2.597946416519699,/home/lmres/storage/projects/cwru-fault-detection/data/mat_files/97.mat,12000,0,1797,,,,DE_0
0.005780163702711479,0.044734258607767606,2.6919972005073607,/home/lmres/storage/projects/cwru-fault-detection/data/mat_files/97.mat,12000,0,1797,,,,DE_0
0.005618281066122035,0.0477232265803974,2.859414105685228,/home/lmres/storage/projects/cwru-fault-detection/data/mat_files/97.mat,12000,0,1797,,,,DE_0
0.0055286311423415856,0.04779706801720593,2.8130130463434044,/home/lmres/storage/projects/cwru-fault-detection/data/mat_files/97.mat,12000,0,1797,,,,DE_0
0.0055294684889345335,0.04699411079410631,2.820924694432424,/home/lmres/storage/projects/cwru-fault-detection/data/mat_files/97.mat,12000,0,1797,,,,DE_0
0.005699949638958391,0.04437659252445738,2.6770272333161778,/home/lmres/storage/projects/cwru-fault-detection/data/mat_files/97.mat,12000,0,1797,,,,DE_0
0.005701947688558012,0.04417289657393595,2.7235502191082905,/home/lmres/storage/projects/cwru-fault-detection/data/mat_files/97.mat,12000,0,1797,,,,DE_0
0.005438397011877586,0.04740736317514324,2.819292395597964,/home/lmres/storage/projects/cwru-fault-detection/data/mat_files/97.mat,12000,0,1797,,,,DE_0
0.005311438325903431,0.04844886663741178,2.799398111648318,/home/lmres/storage/projects/cwru-fault-detection/data/mat_files/97.mat,12000,0,1797,,,,DE_0
0.0069062609578272715,0.056269871124688134,2.721624240354499,/home/lmres/storage/projects/cwru-fault-detection/data/mat_files/97.mat,12000,0,1797,,,,FE_0
0.00710824326166391,0.056003574720785855,2.8022490431451343,/home/lmres/storage/projects/cwru-fault-detection/data/mat_files/97.mat,12000,0,1797,,,,FE_0
0.007024364224790908,0.055498483501807416,2.740316370002138,/home/lmres/storage/projects/cwru-fault-detection/data/mat_files/97.mat,12000,0,1797,,,,FE_0
0.0068249998719881536,0.05548856870423473,2.749019616786372,/home/lmres/storage/projects/cwru-fault-detection/data/mat_files/97.mat,12000,0,1797,,,,FE_0
0.007165233025267767,0.05246485719449663,2.703632849395942,/home/lmres/storage/projects/cwru-fault-detection/data/mat_files/97.mat,12000,0,1797,,,,FE_0
0.0073083123049732775,0.05232215037700113,2.7377157533909484,/home/lmres/storage/projects/cwru-fault-detection/data/mat_files/97.mat,12000,0,1797,,,,FE_0
0.007266561287580165,0.05223262168223862,2.6945744087449324,/home/lmres/storage/projects/cwru-fault-detection/data/mat_files/97.mat,12000,0,1797,,,,FE_0
0.007089970615123691,0.05445918949849022,2.6875863959282844,/home/lmres/storage/projects/cwru-fault-detection/data/mat_files/97.mat,12000,0,1797,,,,FE_0
0.007022982590849862,0.054471011446725455,2.6544814303970594,/home/lmres/storage/projects/cwru-fault-detection/data/mat_files/97.mat,12000,0,1797,,,,FE_0
0.006698703297027823,0.057819478847134495,2.7098406409073332,/home/lmres/storage/projects/cwru-fault-detection/data/mat_files/97.mat,12000,0,1797,,,,FE_0
0.0069508342795011014,0.05677262948148639,2.799821476191769,/home/lmres/storage/projects/cwru-fault-detection/data/mat_files/97.mat,12000,0,1797,,,,FE_0
0.007164398249254545,0.05450440607995153,2.8144523845612808,/home/lmres/storage/projects/cwru-fault-detection/data/mat_files/97.mat,12000,0,1797,,,,FE_0
0.0068744991432046825,0.05801903474897336,2.791253513344622,/home/lmres/storage/projects/cwru-fault-detection/data/mat_files/97.mat,12000,0,1797,,,,FE_0
0.00721520517511763,0.053557390218893566,2.757648608770897,/home/lmres/storage/projects/cwru-fault-detection/data/mat_files/97.mat,12000,0,1797,,,,FE_0
0.007247526500586226,0.05279939594441212,2.705498087153596,/home/lmres/storage/projects/cwru-fault-detection/data/mat_files/97.mat,12000,0,1797,,,,FE_0
0.0077085467183953165,0.050596888929358555,2.9452013900910496,/home/lmres/storage/projects/cwru-fault-detection/data/mat_files/97.mat,12000,0,1797,,,,FE_0
0.007762130676630027,0.04888278958199165,2.6797393023278917,/home/lmres/storage/projects/cwru-fault-detection/data/mat_files/97.mat,12000,0,1797,,,,FE_0
0.0074887561691614314,0.05237629185944342,2.7290245297342888,/home/lmres/storage/projects/cwru-fault-detection/data/mat_files/97.mat,12000,0,1797,,,,FE_0
0.007176307360874655,0.05509864967570581,2.8613900837296633,/home/lmres/storage/projects/cwru-fault-detection/data/mat_files/97.mat,12000,0,1797,,,,FE_0
0.00741508005927438,0.053445224899181,2.797200526355303,/home/lmres/storage/projects/cwru-fault-detection/data/mat_files/97.mat,12000,0,1797,,,,FE_0
0.004239871013468024,0.12848322145313298,2.9324712611479367,/home/lmres/storage/projects/cwru-fault-detection/data/mat_files/98.mat,12000,1,1772,,,,DE_0
0.00432178693437671,0.12350168422171774,2.8555493676765162,/home/lmres/storage/projects/cwru-fault-detection/data/mat_files/98.mat,12000,1,1772,,,,DE_0
0.0043101378092236685,0.1272556197221473,2.9196490978215217,/home/lmres/storage/projects/cwru-fault-detection/data/mat_files/98.mat,12000,1,1772,,,,DE_0
0.004525429445171787,0.12044005106441205,2.8757766710010184,/home/lmres/storage/projects/cwru-fault-detection/data/mat_files/98.mat,12000,1,1772,,,,DE_0
0.004243447971526721,0.12863385867604712,2.892914005572681,/home/lmres/storage/projects/cwru-fault-detection/data/mat_files/98.mat,12000,1,1772,,,,DE_0
0.004269651856289893,0.12975943838116963,2.884329710073379,/home/lmres/storage/projects/cwru-fault-detection/data/mat_files/98.mat,12000,1,1772,,,,DE_0
0.004491283363298556,0.12217535249164958,2.8909516417148264,/home/lmres/storage/projects/cwru-fault-detection/data/mat_files/98.mat,12000,1,1772,,,,DE_0
0.004251631434736189,0.1310099626526695,2.870094710171109,/home/lmres/storage/projects/cwru-fault-detection/data/mat_files/98.mat,12000,1,1772,,,,DE_0
0.004430716161065183,0.12353171976512402,2.8571487110080835,/home/lmres/storage/projects/cwru-fault-detection/data/mat_files/98.mat,12000,1,1772,,,,DE_0
0.00440068635991697,0.12517769933441866,2.8325421169613523,/home/lmres/storage/projects/cwru-fault-detection/data/mat_files/98.mat,12000,1,1772,,,,DE_0
0.004405025345299881,0.1252936080204693,2.9161419650618514,/home/lmres/storage/projects/cwru-fault-detection/data/mat_files/98.mat,12000,1,1772,,,,DE_0
0.004321398228487669,0.12734436385912182,2.8821611540286014,/home/lmres/storage/projects/cwru-fault-detection/data/mat_files/98.mat,12000,1,1772,,,,DE_0
0.004337574629942059,0.1256204824230317,2.888455165139949,/home/lmres/storage/projects/cwru-fault-detection/data/mat_files/98.mat,12000,1,1772,,,,DE_0
0.004498647439324686,0.11895262769189147,3.0753851069454625,/home/lmres/storage/projects/cwru-fault-detection/data/mat_files/98.mat,12000,1,1772,,,,DE_0
0.0046151038201516685,0.1156869846214965,2.9121585331318234,/home/lmres/storage/projects/cwru-fault-detection/data/mat_files/98.mat,12000,1,1772,,,,DE_0
0.004372955022289135,0.12390931796413471,3.1402770626939605,/home/lmres/storage/projects/cwru-fault-detection/data/mat_files/98.mat,12000,1,1772,,,,DE_0
0.0044633375499911,0.11575263493421925,2.853454135694061,/home/lmres/storage/projects/cwru-fault-detection/data/mat_files/98.mat,12000,1,1772,,,,DE_0
0.0045716336857306505,0.11502800175225063,2.9569209523197384,/home/lmres/storage/projects/cwru-fault-detection/data/mat_files/98.mat,12000,1,1772,,,,DE_0
0.004488405737831858,0.11728044945503056,2.9405575980728202,/home/lmres/storage/projects/cwru-fault-detection/data/mat_files/98.mat,12000,1,1772,,,,DE_0
0.004449001628978556,0.11550830824275267,2.94803124868946,/home/lmres/storage/projects/cwru-fault-detection/data/mat_files/98.mat,12000,1,1772,,,,DE_0
0.004563937016090413,0.11881450712415943,2.9534304665926747,/home/lmres/storage/projects/cwru-fault-detection/data/mat_files/98.mat,12000,1,1772,,,,DE_0
0.0042960694116056805,0.1308409443023488,2.925139839085115,/home/lmres/storage/projects/cwru-fault-detection/data/mat_files/98.mat,12000,1,1772,,,,DE_0
0.004338507975237017,0.12654007726662364,2.9658732075399468,/home/lmres/storage/projects/cwru-fault-detection/data/mat_files/98.mat,12000,1,1772,,,,DE_0
0.0043371873602255145,0.12775970588354918,2.8104844335618404,/home/lmres/storage/projects/cwru-fault-detection/data/mat_files/98.mat,12000,1,1772,,,,DE_0
0.00433555528799716,0.1271206315866639,2.953963349662829,/home/lmres/storage/projects/cwru-fault-detection/data/mat_files/98.mat,12000,1,1772,,,,DE_0
0.00453679468689458,0.11764464927644176,2.9289797472643957,/home/lmres/storage/projects/cwru-fault-detection/data/mat_files/98.mat,12000,1,1772,,,,DE_0
0.00431114457702419,0.12464939850185736,2.9934026393115656,/home/lmres/storage/projects/cwru-fault-detection/data/mat_files/98.mat,12000,1,1772,,,,DE_0
0.00433758386351574,0.12070219892740337,2.8942909743265557,/home/lmres/storage/projects/cwru-fault-detection/data/mat_files/98.mat,12000,1,1772,,,,DE_0
0.0045613345445913375,0.11652579924672515,3.065018391082147,/home/lmres/storage/projects/cwru-fault-detection/data/mat_files/98.mat,12000,1,1772,,,,DE_0
0.0043210180489661534,0.12280782196088953,3.0158388769541213,/home/lmres/storage/projects/cwru-fault-detection/data/mat_files/98.mat,12000,1,1772,,,,DE_0
0.004493561502802082,0.11786315802327431,2.884249180884793,/home/lmres/storage/projects/cwru-fault-detection/data/mat_files/98.mat,12000,1,1772,,,,DE_0
0.00446806794315323,0.1172785566556164,2.8895141909370086,/home/lmres/storage/projects/cwru-fault-detection/data/mat_files/98.mat,12000,1,1772,,,,DE_0
0.004522241105961372,0.11667895561384527,2.8957164845225103,/home/lmres/storage/projects/cwru-fault-detection/data/mat_files/98.mat,12000,1,1772,,,,DE_0
0.004297873770133207,0.12521611837812965,2.885866800903091,/home/lmres/storage/projects/cwru-fault-detection/data/mat_files/98.mat,12000,1,1772,,,,DE_0
0.004232603266173443,0.12648206425970238,2.900358919949242,/home/lmres/storage/projects/cwru-fault-detection/data/mat_files/98.mat,12000,1,1772,,,,DE_0
0.004531814559292685,0.12079006204770418,2.9245355845023164,/home/lmres/storage/projects/cwru-fault-detection/data/mat_files/98.mat,12000,1,1772,,,,DE_0
0.004479491748798958,0.12308475951405394,2.9330771496503947,/home/lmres/storage/projects/cwru-fault-detection/data/mat_files/98.mat,12000,1,1772,,,,DE_0
0.004076721045317396,0.13257036689088084,2.8477545739992367,/home/lmres/storage/projects/cwru-fault-detection/data/mat_files/98.mat,12000,1,1772,,,,DE_0
0.0044151101123071235,0.12280571095623462,2.911588404046288,/home/lmres/storage/projects/cwru-fault-detection/data/mat_files/98.mat,12000,1,1772,,,,DE_0
0.00441640187330755,0.11843284817826763,2.9968907652732235,/home/lmres/storage/projects/cwru-fault-detection/data/mat_files/98.mat,12000,1,1772,,,,DE_0
0.005569540517981267,0.1089465787723641,2.776819539154764,/home/lmres/storage/projects/cwru-fault-detection/data/mat_files/98.mat,12000,1,1772,,,,FE_0
0.005694452965000275,0.10427663583042543,2.772542754806393,/home/lmres/storage/projects/cwru-fault-detection/data/mat_files/98.mat,12000,1,1772,,,,FE_0
0.005553813412043801,0.1080433782779731,2.8150987105899468,/home/lmres/storage/projects/cwru-fault-detection/data/mat_files/98.mat,12000,1,1772,,,,FE_0
0.005731999421550963,0.1037350378460635,2.9505282041834717,/home/lmres/storage/projects/cwru-fault-detection/data/mat_files/98.mat,12000,1,1772,,,,FE_0
0.005605680122695316,0.10652056353624911,2.7891365909690196,/home/lmres/storage/projects/cwru-fault-detection/data/mat_files/98.mat,12000,1,1772,,,,FE_0
0.0054365710606082635,0.11000477192648137,3.0288235456783372,/home/lmres/storage/projects/cwru-fault-detection/data/mat_files/98.mat,12000,1,1772,,,,FE_0
0.005429117067158677,0.11098441330266115,2.785675661543202,/home/lmres/storage/projects/cwru-fault-detection/data/mat_files/98.mat,12000,1,1772,,,,FE_0
0.0057950297593509625,0.10568377091851912,2.9080659426083724,/home/lmres/storage/projects/cwru-fault-detection/data/mat_files/98.mat,12000,1,1772,,,,FE_0
0.005586833064624794,0.10838500288670469,2.929190405454141,/home/lmres/storage/projects/cwru-fault-detection/data/mat_files/98.mat,12000,1,1772,,,,FE_0
0.00594607791516942,0.10055153551379578,2.905909050723553,/home/lmres/storage/projects/cwru-fault-detection/data/mat_files/98.mat,12000,1,1772,,,,FE_0
0.0054506869790504125,0.11001565813240628,2.8689227482377153,/home/lmres/storage/projects/cwru-fault-detection/data/mat_files/98.mat,12000,1,1772,,,,FE_0
0.0057387260428101924,0.10609517226212874,2.81460080499081,/home/lmres/storage/projects/cwru-fault-detection/data/mat_files/98.mat,12000,1,1772,,,,FE_0
0.005400466783460882,0.11051329171332688,2.844039706419606,/home/lmres/storage/projects/cwru-fault-detection/data/mat_files/98.mat,12000,1,1772,,,,FE_0
0.00563504578697989,0.10471766482519622,2.8296078413744676,/home/lmres/storage/projects/cwru-fault-detection/data/mat_files/98.mat,12000,1,1772,,,,FE_0
0.005663768530355647,0.1034233374714178,2.9114244911570006,/home/lmres/storage/projects/cwru-fault-detection/data/mat_files/98.mat,12000,1,1772,,,,FE_0
0.005496372005744076,0.11031128120954091,2.7821465595715305,/home/lmres/storage/projects/cwru-fault-detection/data/mat_files/98.mat,12000,1,1772,,,,FE_0
0.005620427462911018,0.10989365847363716,3.007846177325583,/home/lmres/storage/projects/cwru-fault-detection/data/mat_files/98.mat,12000,1,1772,,,,FE_0
0.005556815119015702,0.10883686277214955,2.885392432486977,/home/lmres/storage/projects/cwru-fault-detection/data/mat_files/98.mat,12000,1,1772,,,,FE_0
0.005560437631551238,0.10903988271025243,2.9235067969234776,/home/lmres/storage/projects/cwru-fault-detection/data/mat_files/98.mat,12000,1,1772,,,,FE_0
0.005264384240370248,0.11529767891883869,2.921849588732034,/home/lmres/storage/projects/cwru-fault-detection/data/mat_files/98.mat,12000,1,1772,,,,FE_0
0.005540724993574104,0.1125127827594096,2.9456639512050615,/home/lmres/storage/projects/cwru-fault-detection/data/mat_files/98.mat,12000,1,1772,,,,FE_0
0.005570400476713774,0.11010656762387125,2.880495821876081,/home/lmres/storage/projects/cwru-fault-detection/data/mat_files/98.mat,12000,1,1772,,,,FE_0
0.005692817945555922,0.1094814121250297,2.764442463645456,/home/lmres/storage/projects/cwru-fault-detection/data/mat_files/98.mat,12000,1,1772,,,,FE_0
0.005623463990910743,0.10514575516171451,2.826782773031779,/home/lmres/storage/projects/cwru-fault-detection/data/mat_files/98.mat,12000,1,1772,,,,FE_0
0.00567745464355427,0.10674884883625971,2.936862099744528,/home/lmres/storage/projects/cwru-fault-detection/data/mat_files/98.mat,12000,1,1772,,,,FE_0
0.005323768082427548,0.11176839815436423,2.8103752533898345,/home/lmres/storage/projects/cwru-fault-detection/data/mat_files/98.mat,12000,1,1772,,,,FE_0
0.005610845556064187,0.10707681534691346,2.7636897500390694,/home/lmres/storage/projects/cwru-fault-detection/data/mat_files/98.mat,12000,1,1772,,,,FE_0
0.00586526542575785,0.099501257534624,2.927993450722098,/home/lmres/storage/projects/cwru-fault-detection/data/mat_files/98.mat,12000,1,1772,,,,FE_0
0.0056675122428622585,0.10338464763406695,2.810952103302919,/home/lmres/storage/projects/cwru-fault-detection/data/mat_files/98.mat,12000,1,1772,,,,FE_0
0.005606319483761708,0.1055111397918556,2.9263674269357844,/home/lmres/storage/projects/cwru-fault-detection/data/mat_files/98.mat,12000,1,1772,,,,FE_0
0.00568805316330606,0.10393425639718636,2.927396502565717,/home/lmres/storage/projects/cwru-fault-detection/data/mat_files/98.mat,12000,1,1772,,,,FE_0
0.00549555846918595,0.1111098531939918,2.950432588600396,/home/lmres/storage/projects/cwru-fault-detection/data/mat_files/98.mat,12000,1,1772,,,,FE_0
0.005601044307345454,0.10795141059469904,2.9074224191222835,/home/lmres/storage/projects/cwru-fault-detection/data/mat_files/98.mat,12000,1,1772,,,,FE_0
0.005502766801849587,0.11007948329320275,2.830282210958479,/home/lmres/storage/projects/cwru-fault-detection/data/mat_files/98.mat,12000,1,1772,,,,FE_0
0.005564460081126722,0.10898494681067139,2.838723261013504,/home/lmres/storage/projects/cwru-fault-detection/data/mat_files/98.mat,12000,1,1772,,,,FE_0
0.005576867162641046,0.11062066939470437,2.873363116162725,/home/lmres/storage/projects/cwru-fault-detection/data/mat_files/98.mat,12000,1,1772,,,,FE_0
0.005485870537427548,0.10864137798870792,2.75645670240754,/home/lmres/storage/projects/cwru-fault-detection/data/mat_files/98.mat,12000,1,1772,,,,FE_0
0.005620029647002479,0.10810337195644958,2.8539272782672587,/home/lmres/storage/projects/cwru-fault-detection/data/mat_files/98.mat,12000,1,1772,,,,FE_0
0.005261953845895867,0.11074871995740955,2.8812663572654365,/home/lmres/storage/projects/cwru-fault-detection/data/mat_files/98.mat,12000,1,1772,,,,FE_0
0.005580831933623416,0.10792713246916473,2.7558427396321483,/home/lmres/storage/projects/cwru-fault-detection/data/mat_files/98.mat,12000,1,1772,,,,FE_0
0.004239871013468024,0.12848322145313298,2.9324712611479367,/home/lmres/storage/projects/cwru-fault-detection/data/mat_files/99.mat,12000,2,1750,,,,DE_0
0.00432178693437671,0.12350168422171774,2.8555493676765162,/home/lmres/storage/projects/cwru-fault-detection/data/mat_files/99.mat,12000,2,1750,,,,DE_0
0.0043101378092236685,0.1272556197221473,2.9196490978215217,/home/lmres/storage/projects/cwru-fault-detection/data/mat_files/99.mat,12000,2,1750,,,,DE_0
0.004525429445171787,0.12044005106441205,2.8757766710010184,/home/lmres/storage/projects/cwru-fault-detection/data/mat_files/99.mat,12000,2,1750,,,,DE_0
0.004243447971526721,0.12863385867604712,2.892914005572681,/home/lmres/storage/projects/cwru-fault-detection/data/mat_files/99.mat,12000,2,1750,,,,DE_0
0.004269651856289893,0.12975943838116963,2.884329710073379,/home/lmres/storage/projects/cwru-fault-detection/data/mat_files/99.mat,12000,2,1750,,,,DE_0
0.004491283363298556,0.12217535249164958,2.8909516417148264,/home/lmres/storage/projects/cwru-fault-detection/data/mat_files/99.mat,12000,2,1750,,,,DE_0
0.004251631434736189,0.1310099626526695,2.870094710171109,/home/lmres/storage/projects/cwru-fault-detection/data/mat_files/99.mat,12000,2,1750,,,,DE_0
0.004430716161065183,0.12353171976512402,2.8571487110080835,/home/lmres/storage/projects/cwru-fault-detection/data/mat_files/99.mat,12000,2,1750,,,,DE_0
0.00440068635991697,0.12517769933441866,2.8325421169613523,/home/lmres/storage/projects/cwru-fault-detection/data/mat_files/99.mat,12000,2,1750,,,,DE_0
0.004405025345299881,0.1252936080204693,2.9161419650618514,/home/lmres/storage/projects/cwru-fault-detection/data/mat_files/99.mat,12000,2,1750,,,,DE_0
0.004321398228487669,0.12734436385912182,2.8821611540286014,/home/lmres/storage/projects/cwru-fault-detection/data/mat_files/99.mat,12000,2,1750,,,,DE_0
0.004337574629942059,0.1256204824230317,2.888455165139949,/home/lmres/storage/projects/cwru-fault-detection/data/mat_files/99.mat,12000,2,1750,,,,DE_0
0.004498647439324686,0.11895262769189147,3.0753851069454625,/home/lmres/storage/projects/cwru-fault-detection/data/mat_files/99.mat,12000,2,1750,,,,DE_0
0.0046151038201516685,0.1156869846214965,2.9121585331318234,/home/lmres/storage/projects/cwru-fault-detection/data/mat_files/99.mat,12000,2,1750,,,,DE_0
0.004372955022289135,0.12390931796413471,3.1402770626939605,/home/lmres/storage/projects/cwru-fault-detection/data/mat_files/99.mat,12000,2,1750,,,,DE_0
0.0044633375499911,0.11575263493421925,2.853454135694061,/home/lmres/storage/projects/cwru-fault-detection/data/mat_files/99.mat,12000,2,1750,,,,DE_0
0.0045716336857306505,0.11502800175225063,2.9569209523197384,/home/lmres/storage/projects/cwru-fault-detection/data/mat_files/99.mat,12000,2,1750,,,,DE_0
0.004488405737831858,0.11728044945503056,2.9405575980728202,/home/lmres/storage/projects/cwru-fault-detection/data/mat_files/99.mat,12000,2,1750,,,,DE_0
0.004449001628978556,0.11550830824275267,2.94803124868946,/home/lmres/storage/projects/cwru-fault-detection/data/mat_files/99.mat,12000,2,1750,,,,DE_0
0.004563937016090413,0.11881450712415943,2.9534304665926747,/home/lmres/storage/projects/cwru-fault-detection/data/mat_files/99.mat,12000,2,1750,,,,DE_0
0.0042960694116056805,0.1308409443023488,2.925139839085115,/home/lmres/storage/projects/cwru-fault-detection/data/mat_files/99.mat,12000,2,1750,,,,DE_0
0.004338507975237017,0.12654007726662364,2.9658732075399468,/home/lmres/storage/projects/cwru-fault-detection/data/mat_files/99.mat,12000,2,1750,,,,DE_0
0.0043371873602255145,0.12775970588354918,2.8104844335618404,/home/lmres/storage/projects/cwru-fault-detection/data/mat_files/99.mat,12000,2,1750,,,,DE_0
0.00433555528799716,0.1271206315866639,2.953963349662829,/home/lmres/storage/projects/cwru-fault-detection/data/mat_files/99.mat,12000,2,1750,,,,DE_0
0.00453679468689458,0.11764464927644176,2.9289797472643957,/home/lmres/storage/projects/cwru-fault-detection/data/mat_files/99.mat,12000,2,1750,,,,DE_0
0.00431114457702419,0.12464939850185736,2.9934026393115656,/home/lmres/storage/projects/cwru-fault-detection/data/mat_files/99.mat,12000,2,1750,,,,DE_0
0.00433758386351574,0.12070219892740337,2.8942909743265557,/home/lmres/storage/projects/cwru-fault-detection/data/mat_files/99.mat,12000,2,1750,,,,DE_0
0.0045613345445913375,0.11652579924672515,3.065018391082147,/home/lmres/storage/projects/cwru-fault-detection/data/mat_files/99.mat,12000,2,1750,,,,DE_0
0.0043210180489661534,0.12280782196088953,3.0158388769541213,/home/lmres/storage/projects/cwru-fault-detection/data/mat_files/99.mat,12000,2,1750,,,,DE_0
0.004493561502802082,0.11786315802327431,2.884249180884793,/home/lmres/storage/projects/cwru-fault-detection/data/mat_files/99.mat,12000,2,1750,,,,DE_0
0.00446806794315323,0.1172785566556164,2.8895141909370086,/home/lmres/storage/projects/cwru-fault-detection/data/mat_files/99.mat,12000,2,1750,,,,DE_0
0.004522241105961372,0.11667895561384527,2.8957164845225103,/home/lmres/storage/projects/cwru-fault-detection/data/mat_files/99.mat,12000,2,1750,,,,DE_0
0.004297873770133207,0.12521611837812965,2.885866800903091,/home/lmres/storage/projects/cwru-fault-detection/data/mat_files/99.mat,12000,2,1750,,,,DE_0
0.004232603266173443,0.12648206425970238,2.900358919949242,/home/lmres/storage/projects/cwru-fault-detection/data/mat_files/99.mat,12000,2,1750,,,,DE_0
0.004531814559292685,0.12079006204770418,2.9245355845023164,/home/lmres/storage/projects/cwru-fault-detection/data/mat_files/99.mat,12000,2,1750,,,,DE_0
0.004479491748798958,0.12308475951405394,2.9330771496503947,/home/lmres/storage/projects/cwru-fault-detection/data/mat_files/99.mat,12000,2,1750,,,,DE_0
0.004076721045317396,0.13257036689088084,2.8477545739992367,/home/lmres/storage/projects/cwru-fault-detection/data/mat_files/99.mat,12000,2,1750,,,,DE_0
0.0044151101123071235,0.12280571095623462,2.911588404046288,/home/lmres/storage/projects/cwru-fault-detection/data/mat_files/99.mat,12000,2,1750,,,,DE_0
0.00441640187330755,0.11843284817826763,2.9968907652732235,/home/lmres/storage/projects/cwru-fault-detection/data/mat_files/99.mat,12000,2,1750,,,,DE_0
0.005569540517981267,0.1089465787723641,2.776819539154764,/home/lmres/storage/projects/cwru-fault-detection/data/mat_files/99.mat,12000,2,1750,,,,FE_0
0.005694452965000275,0.10427663583042543,2.772542754806393,/home/lmres/storage/projects/cwru-fault-detection/data/mat_files/99.mat,12000,2,1750,,,,FE_0
0.005553813412043801,0.1080433782779731,2.8150987105899468,/home/lmres/storage/projects/cwru-fault-detection/data/mat_files/99.mat,12000,2,1750,,,,FE_0
0.005731999421550963,0.1037350378460635,2.9505282041834717,/home/lmres/storage/projects/cwru-fault-detection/data/mat_files/99.mat,12000,2,1750,,,,FE_0
0.005605680122695316,0.10652056353624911,2.7891365909690196,/home/lmres/storage/projects/cwru-fault-detection/data/mat_files/99.mat,12000,2,1750,,,,FE_0
0.0054365710606082635,0.11000477192648137,3.0288235456783372,/home/lmres/storage/projects/cwru-fault-detection/data/mat_files/99.mat,12000,2,1750,,,,FE_0
0.005429117067158677,0.11098441330266115,2.785675661543202,/home/lmres/storage/projects/cwru-fault-detection/data/mat_files/99.mat,12000,2,1750,,,,FE_0
0.0057950297593509625,0.10568377091851912,2.9080659426083724,/home/lmres/storage/projects/cwru-fault-detection/data/mat_files/99.mat,12000,2,1750,,,,FE_0
0.005586833064624794,0.10838500288670469,2.929190405454141,/home/lmres/storage/projects/cwru-fault-detection/data/mat_files/99.mat,12000,2,1750,,,,FE_0
0.00594607791516942,0.10055153551379578,2.905909050723553,/home/lmres/storage/projects/cwru-fault-detection/data/mat_files/99.mat,12000,2,1750,,,,FE_0
0.0054506869790504125,0.11001565813240628,2.8689227482377153,/home/lmres/storage/projects/cwru-fault-detection/data/mat_files/99.mat,12000,2,1750,,,,FE_0
0.0057387260428101924,0.10609517226212874,2.81460080499081,/home/lmres/storage/projects/cwru-fault-detection/data/mat_files/99.mat,12000,2,1750,,,,FE_0
0.005400466783460882,0.11051329171332688,2.844039706419606,/home/lmres/storage/projects/cwru-fault-detection/data/mat_files/99.mat,12000,2,1750,,,,FE_0
0.00563504578697989,0.10471766482519622,2.8296078413744676,/home/lmres/storage/projects/cwru-fault-detection/data/mat_files/99.mat,12000,2,1750,,,,FE_0
0.005663768530355647,0.1034233374714178,2.9114244911570006,/home/lmres/storage/projects/cwru-fault-detection/data/mat_files/99.mat,12000,2,1750,,,,FE_0
0.005496372005744076,0.11031128120954091,2.7821465595715305,/home/lmres/storage/projects/cwru-fault-detection/data/mat_files/99.mat,12000,2,1750,,,,FE_0
0.005620427462911018,0.10989365847363716,3.007846177325583,/home/lmres/storage/projects/cwru-fault-detection/data/mat_files/99.mat,12000,2,1750,,,,FE_0
0.005556815119015702,0.10883686277214955,2.885392432486977,/home/lmres/storage/projects/cwru-fault-detection/data/mat_files/99.mat,12000,2,1750,,,,FE_0
0.005560437631551238,0.10903988271025243,2.9235067969234776,/home/lmres/storage/projects/cwru-fault-detection/data/mat_files/99.mat,12000,2,1750,,,,FE_0
0.005264384240370248,0.11529767891883869,2.921849588732034,/home/lmres/storage/projects/cwru-fault-detection/data/mat_files/99.mat,12000,2,1750,,,,FE_0
0.005540724993574104,0.1125127827594096,2.9456639512050615,/home/lmres/storage/projects/cwru-fault-detection/data/mat_files/99.mat,12000,2,1750,,,,FE_0
0.005570400476713774,0.11010656762387125,2.880495821876081,/home/lmres/storage/projects/cwru-fault-detection/data/mat_files/99.mat,12000,2,1750,,,,FE_0
0.005692817945555922,0.1094814121250297,2.764442463645456,/home/lmres/storage/projects/cwru-fault-detection/data/mat_files/99.mat,12000,2,1750,,,,FE_0
0.005623463990910743,0.10514575516171451,2.826782773031779,/home/lmres/storage/projects/cwru-fault-detection/data/mat_files/99.mat,12000,2,1750,,,,FE_0
0.00567745464355427,0.10674884883625971,2.936862099744528,/home/lmres/storage/projects/cwru-fault-detection/data/mat_files/99.mat,12000,2,1750,,,,FE_0
0.005323768082427548,0.11176839815436423,2.8103752533898345,/home/lmres/storage/projects/cwru-fault-detection/data/mat_files/99.mat,12000,2,1750,,,,FE_0
0.005610845556064187,0.10707681534691346,2.7636897500390694,/home/lmres/storage/projects/cwru-fault-detection/data/mat_files/99.mat,12000,2,1750,,,,FE_0
0.00586526542575785,0.099501257534624,2.927993450722098,/home/lmres/storage/projects/cwru-fault-detection/data/mat_files/99.mat,12000,2,1750,,,,FE_0
0.0056675122428622585,0.10338464763406695,2.810952103302919,/home/lmres/storage/projects/cwru-fault-detection/data/mat_files/99.mat,12000,2,1750,,,,FE_0
0.005606319483761708,0.1055111397918556,2.9263674269357844,/home/lmres/storage/projects/cwru-fault-detection/data/mat_files/99.mat,12000,2,1750,,,,FE_0
0.00568805316330606,0.10393425639718636,2.927396502565717,/home/lmres/storage/projects/cwru-fault-detection/data/mat_files/99.mat,12000,2,1750,,,,FE_0
0.00549555846918595,0.1111098531939918,2.950432588600396,/home/lmres/storage/projects/cwru-fault-detection/data/mat_files/99.mat,12000,2,1750,,,,FE_0
0.005601044307345454,0.10795141059469904,2.9074224191222835,/home/lmres/storage/projects/cwru-fault-detection/data/mat_files/99.mat,12000,2,1750,,,,FE_0
0.005502766801849587,0.11007948329320275,2.830282210958479,/home/lmres/storage/projects/cwru-fault-detection/data/mat_files/99.mat,12000,2,1750,,,,FE_0
0.005564460081126722,0.10898494681067139,2.838723261013504,/home/lmres/storage/projects/cwru-fault-detection/data/mat_files/99.mat,12000,2,1750,,,,FE_0
0.005576867162641046,0.11062066939470437,2.873363116162725,/home/lmres/storage/projects/cwru-fault-detection/data/mat_files/99.mat,12000,2,1750,,,,FE_0
0.005485870537427548,0.10864137798870792,2.75645670240754,/home/lmres/storage/projects/cwru-fault-detection/data/mat_files/99.mat,12000,2,1750,,,,FE_0
0.005620029647002479,0.10810337195644958,2.8539272782672587,/home/lmres/storage/projects/cwru-fault-detection/data/mat_files/99.mat,12000,2,1750,,,,FE_0
0.005261953845895867,0.11074871995740955,2.8812663572654365,/home/lmres/storage/projects/cwru-fault-detection/data/mat_files/99.mat,12000,2,1750,,,,FE_0
0.005580831933623416,0.10792713246916473,2.7558427396321483,/home/lmres/storage/projects/cwru-fault-detection/data/mat_files/99.mat,12000,2,1750,,,,FE_0
0.004380406164459549,0.21482186494579114,2.9239547053321298,/home/lmres/storage/projects/cwru-fault-detection/data/mat_files/100.mat,12000,3,1730,,,,DE_0
0.0043291558991920475,0.21281275201037667,3.038245762025527,/home/lmres/storage/projects/cwru-fault-detection/data/mat_files/100.mat,12000,3,1730,,,,DE_0
0.0044062568740961885,0.20521424233296978,3.009307604541402,/home/lmres/storage/projects/cwru-fault-detection/data/mat_files/100.mat,12000,3,1730,,,,DE_0
0.0045259516933428634,0.20398632111681508,2.939547517436314,/home/lmres/storage/projects/cwru-fault-detection/data/mat_files/100.mat,12000,3,1730,,,,DE_0
0.004176884930453112,0.223249670613413,2.975310644301893,/home/lmres/storage/projects/cwru-fault-detection/data/mat_files/100.mat,12000,3,1730,,,,DE_0
0.0044197770781440006,0.20982557787303455,2.897313130601705,/home/lmres/storage/projects/cwru-fault-detection/data/mat_files/100.mat,12000,3,1730,,,,DE_0
0.004316283049897278,0.20992999405023127,2.931176346552485,/home/lmres/storage/projects/cwru-fault-detection/data/mat_files/100.mat,12000,3,1730,,,,DE_0
0.004370281025047669,0.20786863344993314,2.9573185048186703,/home/lmres/storage/projects/cwru-fault-detection/data/mat_files/100.mat,12000,3,1730,,,,DE_0
0.004338184546289325,0.2141530758427345,2.9809018392662625,/home/lmres/storage/projects/cwru-fault-detection/data/mat_files/100.mat,12000,3,1730,,,,DE_0
0.004208662448355976,0.22042074140505852,2.903094299819461,/home/lmres/storage/projects/cwru-fault-detection/data/mat_files/100.mat,12000,3,1730,,,,DE_0
0.004264801898140686,0.21584822369372267,2.9118398821497697,/home/lmres/storage/projects/cwru-fault-detection/data/mat_files/100.mat,12000,3,1730,,,,DE_0
0.004302556087783668,0.21702344996224981,2.9834333061343914,/home/lmres/storage/projects/cwru-fault-detection/data/mat_files/100.mat,12000,3,1730,,,,DE_0
0.004235464781846627,0.21840756466957836,2.8641898403302153,/home/lmres/storage/projects/cwru-fault-detection/data/mat_files/100.mat,12000,3,1730,,,,DE_0
0.004319534986887763,0.2107856073778371,2.8545035325170396,/home/lmres/storage/projects/cwru-fault-detection/data/mat_files/100.mat,12000,3,1730,,,,DE_0
0.004236496704426035,0.21509223457096474,2.92952408052213,/home/lmres/storage/projects/cwru-fault-detection/data/mat_files/100.mat,12000,3,1730,,,,DE_0
0.00431830322598277,0.21394556379272764,3.0176902170961797,/home/lmres/storage/projects/cwru-fault-detection/data/mat_files/100.mat,12000,3,1730,,,,DE_0
0.004226847250006722,0.2191112680026981,2.8503579917298882,/home/lmres/storage/projects/cwru-fault-detection/data/mat_files/100.mat,12000,3,1730,,,,DE_0
0.004266891721338887,0.2165675656001945,2.9125658987446403,/home/lmres/storage/projects/cwru-fault-detection/data/mat_files/100.mat,12000,3,1730,,,,DE_0
0.004422870183885727,0.20517027001398058,2.9497909004455685,/home/lmres/storage/projects/cwru-fault-detection/data/mat_files/100.mat,12000,3,1730,,,,DE_0
0.004256481686647952,0.21787331580048308,3.0224338825218995,/home/lmres/storage/projects/cwru-fault-detection/data/mat_files/100.mat,12000,3,1730,,,,DE_0
0.004300541990044402,0.21562489482390676,2.950421408879047,/home/lmres/storage/projects/cwru-fault-detection/data/mat_files/100.mat,12000,3,1730,,,,DE_0
0.00439051960051626,0.20939274094707735,2.9972524377304284,/home/lmres/storage/projects/cwru-fault-detection/data/mat_files/100.mat,12000,3,1730,,,,DE_0
0.004400962101409703,0.20343968898688483,2.9345032090862446,/home/lmres/storage/projects/cwru-fault-detection/data/mat_files/100.mat,12000,3,1730,,,,DE_0
0.0043637135025128525,0.21117840260168255,2.9589224586844227,/home/lmres/storage/projects/cwru-fault-detection/data/mat_files/100.mat,12000,3,1730,,,,DE_0
0.004191857159295905,0.22188112754572767,2.967946448624204,/home/lmres/storage/projects/cwru-fault-detection/data/mat_files/100.mat,12000,3,1730,,,,DE_0
0.004359426872145514,0.21471266712958587,2.9419271459608214,/home/lmres/storage/projects/cwru-fault-detection/data/mat_files/100.mat,12000,3,1730,,,,DE_0
0.004400043342695005,0.20580836930974172,2.9707165894409835,/home/lmres/storage/projects/cwru-fault-detection/data/mat_files/100.mat,12000,3,1730,,,,DE_0
0.0044522912654970884,0.20834630657217748,2.993677370127436,/home/lmres/storage/projects/cwru-fault-detection/data/mat_files/100.mat,12000,3,1730,,,,DE_0
0.004350607122865988,0.21369750003962842,2.8755284641242915,/home/lmres/storage/projects/cwru-fault-detection/data/mat_files/100.mat,12000,3,1730,,,,DE_0
0.004396963195146036,0.20996442055287018,2.9127421288509563,/home/lmres/storage/projects/cwru-fault-detection/data/mat_files/100.mat,12000,3,1730,,,,DE_0
0.004295150609370604,0.21232010819967828,2.917532133864631,/home/lmres/storage/projects/cwru-fault-detection/data/mat_files/100.mat,12000,3,1730,,,,DE_0
0.004409047777954934,0.2076117243605366,3.0170672742491025,/home/lmres/storage/projects/cwru-fault-detection/data/mat_files/100.mat,12000,3,1730,,,,DE_0
0.0042903223461301775,0.21387895105563032,3.01797722842591,/home/lmres/storage/projects/cwru-fault-detection/data/mat_files/100.mat,12000,3,1730,,,,DE_0
0.0043862914361510056,0.21051880193595726,2.9607266713105735,/home/lmres/storage/projects/cwru-fault-detection/data/mat_files/100.mat,12000,3,1730,,,,DE_0
0.0044054754947102474,0.20258929324644098,3.0345889940388697,/home/lmres/storage/projects/cwru-fault-detection/data/mat_files/100.mat,12000,3,1730,,,,DE_0
0.004525698009428734,0.19685901518199622,2.955259980345385,/home/lmres/storage/projects/cwru-fault-detection/data/mat_files/100.mat,12000,3,1730,,,,DE_0
0.004175277842548827,0.2179800500871523,3.0029131329990255,/home/lmres/storage/projects/cwru-fault-detection/data/mat_files/100.mat,12000,3,1730,,,,DE_0
0.0043085306632922125,0.21258809042562443,2.8784720791921345,/home/lmres/storage/projects/cwru-fault-detection/data/mat_files/100.mat,12000,3,1730,,,,DE_0
0.004522467016620497,0.20031133671041942,3.032359593402899,/home/lmres/storage/projects/cwru-fault-detection/data/mat_files/100.mat,12000,3,1730,,,,DE_0
0.0043502645920987446,0.20651345392998371,3.075100121417418,/home/lmres/storage/projects/cwru-fault-detection/data/mat_files/100.mat,12000,3,1730,,,,DE_0
0.006459289988802754,0.14275005143119882,3.0384564290321543,/home/lmres/storage/projects/cwru-fault-detection/data/mat_files/100.mat,12000,3,1730,,,,FE_0
0.006703252005284848,0.14122616249756217,3.0065417046985345,/home/lmres/storage/projects/cwru-fault-detection/data/mat_files/100.mat,12000,3,1730,,,,FE_0
0.006867769028938015,0.1343977505430099,3.01534798311617,/home/lmres/storage/projects/cwru-fault-detection/data/mat_files/100.mat,12000,3,1730,,,,FE_0
0.006627603675859779,0.14255207894931385,3.007007439332171,/home/lmres/storage/projects/cwru-fault-detection/data/mat_files/100.mat,12000,3,1730,,,,FE_0
0.006340796606024519,0.15064456316645036,2.9431473691122387,/home/lmres/storage/projects/cwru-fault-detection/data/mat_files/100.mat,12000,3,1730,,,,FE_0
0.006617974558889255,0.14591987405241225,3.0556658686500704,/home/lmres/storage/projects/cwru-fault-detection/data/mat_files/100.mat,12000,3,1730,,,,FE_0
0.007126396977104958,0.12751644699847584,2.9848688530373457,/home/lmres/storage/projects/cwru-fault-detection/data/mat_files/100.mat,12000,3,1730,,,,FE_0
0.00691177452760413,0.13249516654606147,2.8864374100983494,/home/lmres/storage/projects/cwru-fault-detection/data/mat_files/100.mat,12000,3,1730,,,,FE_0
0.006527227903559504,0.14311240765552663,3.0357784356827,/home/lmres/storage/projects/cwru-fault-detection/data/mat_files/100.mat,12000,3,1730,,,,FE_0
0.006669747429702479,0.14482608693186114,3.0369330399456627,/home/lmres/storage/projects/cwru-fault-detection/data/mat_files/100.mat,12000,3,1730,,,,FE_0
0.007075973226770798,0.13263845216306355,2.992740143563919,/home/lmres/storage/projects/cwru-fault-detection/data/mat_files/100.mat,12000,3,1730,,,,FE_0
0.006573600398439117,0.14236716058632193,3.080674438804458,/home/lmres/storage/projects/cwru-fault-detection/data/mat_files/100.mat,12000,3,1730,,,,FE_0
0.006608771398874104,0.142551136783401,2.953918064048895,/home/lmres/storage/projects/cwru-fault-detection/data/mat_files/100.mat,12000,3,1730,,,,FE_0
0.006599875539090358,0.147661760557048,3.0042932386258574,/home/lmres/storage/projects/cwru-fault-detection/data/mat_files/100.mat,12000,3,1730,,,,FE_0
0.006740141561861707,0.14268733188549776,2.9362742202881846,/home/lmres/storage/projects/cwru-fault-detection/data/mat_files/100.mat,12000,3,1730,,,,FE_0
0.006491906749533885,0.14615633705902936,2.9795981818082677,/home/lmres/storage/projects/cwru-fault-detection/data/mat_files/100.mat,12000,3,1730,,,,FE_0
0.0064416359704126715,0.14609782706803134,2.993911512623847,/home/lmres/storage/projects/cwru-fault-detection/data/mat_files/100.mat,12000,3,1730,,,,FE_0
0.006841893983620111,0.14335283774669413,3.0253651148805987,/home/lmres/storage/projects/cwru-fault-detection/data/mat_files/100.mat,12000,3,1730,,,,FE_0
0.006735359800007714,0.1409841817432,3.0320374272563506,/home/lmres/storage/projects/cwru-fault-detection/data/mat_files/100.mat,12000,3,1730,,,,FE_0
0.0067905785771818165,0.1421127959816434,2.9508979665282338,/home/lmres/storage/projects/cwru-fault-detection/data/mat_files/100.mat,12000,3,1730,,,,FE_0
0.006242943003187603,0.151408146968409,2.935959679186457,/home/lmres/storage/projects/cwru-fault-detection/data/mat_files/100.mat,12000,3,1730,,,,FE_0
0.006768556920582919,0.1432271572807319,2.964709527969323,/home/lmres/storage/projects/cwru-fault-detection/data/mat_files/100.mat,12000,3,1730,,,,FE_0
0.00697892587196088,0.1327734976537911,2.940099430271968,/home/lmres/storage/projects/cwru-fault-detection/data/mat_files/100.mat,12000,3,1730,,,,FE_0
0.006822362939818182,0.13881835077024762,3.060119281258012,/home/lmres/storage/projects/cwru-fault-detection/data/mat_files/100.mat,12000,3,1730,,,,FE_0
0.0066190126785892565,0.14162367350057886,2.8943495129079024,/home/lmres/storage/projects/cwru-fault-detection/data/mat_files/100.mat,12000,3,1730,,,,FE_0
0.006485702753243526,0.1513506123652097,3.092115005546118,/home/lmres/storage/projects/cwru-fault-detection/data/mat_files/100.mat,12000,3,1730,,,,FE_0
0.006577970449742698,0.14142334693350514,2.9707964753925142,/home/lmres/storage/projects/cwru-fault-detection/data/mat_files/100.mat,12000,3,1730,,,,FE_0
0.007053909161614325,0.13343509033086698,2.9554008003077845,/home/lmres/storage/projects/cwru-fault-detection/data/mat_files/100.mat,12000,3,1730,,,,FE_0
0.006529932504394214,0.1435471686592894,2.97682518974202,/home/lmres/storage/projects/cwru-fault-detection/data/mat_files/100.mat,12000,3,1730,,,,FE_0
0.006623468489733057,0.14583138757495778,2.961829307912627,/home/lmres/storage/projects/cwru-fault-detection/data/mat_files/100.mat,12000,3,1730,,,,FE_0
0.0066960941400710725,0.1406912288023214,2.9695084431077037,/home/lmres/storage/projects/cwru-fault-detection/data/mat_files/100.mat,12000,3,1730,,,,FE_0
0.006823633117625618,0.13816975333352557,3.030418228223878,/home/lmres/storage/projects/cwru-fault-detection/data/mat_files/100.mat,12000,3,1730,,,,FE_0
0.006796639521978236,0.1388721907218149,2.9893201030742316,/home/lmres/storage/projects/cwru-fault-detection/data/mat_files/100.mat,12000,3,1730,,,,FE_0
0.006492638747408814,0.14921512391972136,2.9579919817407645,/home/lmres/storage/projects/cwru-fault-detection/data/mat_files/100.mat,12000,3,1730,,,,FE_0
0.0065635879441286495,0.14291936541732175,2.988152042755063,/home/lmres/storage/projects/cwru-fault-detection/data/mat_files/100.mat,12000,3,1730,,,,FE_0
0.006888159683226997,0.13949134460931206,2.964948171049177,/home/lmres/storage/projects/cwru-fault-detection/data/mat_files/100.mat,12000,3,1730,,,,FE_0
0.006701824290379615,0.1398835818609674,3.096287051639149,/home/lmres/storage/projects/cwru-fault-detection/data/mat_files/100.mat,12000,3,1730,,,,FE_0
0.0065549576338157015,0.14700207306412968,2.9841226953582267,/home/lmres/storage/projects/cwru-fault-detection/data/mat_files/100.mat,12000,3,1730,,,,FE_0
0.0065046798616443515,0.14533586519364716,2.974487446862173,/home/lmres/storage/projects/cwru-fault-detection/data/mat_files/100.mat,12000,3,1730,,,,FE_0
0.006830700935007163,0.14177849277219728,2.9639816646036365,/home/lmres/storage/projects/cwru-fault-detection/data/mat_files/100.mat,12000,3,1730,,,,FE_0
